"","Signature1","Signature2","Signature3","Signature4","Signature5","Signature6","Signature7","Signature8","Signature9","Signature10","Signature11","Signature12","Signature13","Signature14","Signature15","Signature16","Signature17","Signature18"
"C>A_ACA",0.000369960779971191,0.0342272388753267,0.017179668033265,1.39770259292763e-08,0.075577665162779,0.000135443076571204,0.0332919944077786,0.023852826243493,0.0349590545553644,0.0354619976737865,3.97123454014883e-14,3.11451677525061e-99,0.0367596261263423,4.56114900675727e-52,0.00152854313801968,0.00584424512834265,0.0505889643348078,0.00708335999177187
"C>A_ACC",0.0145762026595332,0.0538520395459709,3.16159447798367e-05,0.0072568926919279,0.055696327067148,0.0364646788108917,0.004223351138077,2.21970809805519e-05,0.0341634634001803,0.0128187237307806,8.26629113931456e-17,9.52593278795541e-145,0.0114155946709824,3.36315460283449e-77,0.0241167502150718,6.46606707983568e-06,0.00756761118885127,0.0255615724089906
"C>A_ACG",0.00146845143678822,0.00271406039102089,0.0021096461011863,0.00589986425421295,0.00612343661321159,0.000689828369799106,0.00273381985631194,4.26537658310219e-13,0.00324321130637625,0.0202991611036885,1.70044433345446e-31,3.63008792973503e-60,0.0023901786247034,2.74882856180709e-37,0.00131701741949993,1.37675435941159e-15,2.39074890227725e-06,1.64005931198334e-05
"C>A_ACT",0.000481430896616478,0.0337908647867493,0.00132069416322794,1.81876199579571e-06,0.0652179858409642,0.0133371488115821,0.0274669257890455,7.73908015768632e-06,0.0398883158131014,0.0197219685543565,0.00273608452660304,7.45447015343744e-105,0.0168152280507543,1.89756634422169e-56,0.00783888786798288,0.00658026766282424,0.0019184492759382,0.0326692995179102
"C>A_CCA",0.00830326476546685,0.0280076065671538,3.10350231903919e-06,0.000647173540797712,0.0237923671209274,0.0138649369369431,0.0693570384525148,3.35649514375429e-10,0.00548377927520222,0.00817456220194158,0.00313333096788769,2.54983359767988e-95,0.004272537464316,1.80607075492517e-54,0.0180641813787783,0.00110667826844564,0.0406323398625114,0.0377553620958287
"C>A_CCC",7.25084656832643e-09,0.030119683765854,4.27784360814776e-07,0.00586005063721567,0.0342904766952784,0.0225818919225459,0.0293872798666799,2.5448459741764e-12,0.0080654326732537,0.00363454526847077,4.38872712345416e-16,4.31802339307382e-77,0.00206047039859326,1.03540057678996e-47,0.0127490280892711,4.42718685957033e-08,0.0411033624541198,0.0389623849323233
"C>A_CCG",0.00210910518780423,0.00409558390409504,2.69107612092746e-05,0.00519745989773652,0.00188500830707877,0.00390108261834041,0.010903955498145,1.69556238442476e-21,1.78844821839287e-10,0.0110145574028536,8.39704630158603e-12,0.00246047060235697,0.000169149805446958,0.00227916009937975,9.31683326307818e-05,5.29972781979713e-05,1.14948223775523e-05,0.00116711138555867
"C>A_CCT",4.97431314209217e-13,0.0353823731177015,2.85401636053773e-08,8.96076604825157e-09,0.0187411289604058,0.0192158398004702,0.0722119238050248,3.49970182695074e-06,0.00544143504594218,0.00690320504950476,0.000487747677446711,0.00647370327780713,9.76178618673028e-17,0.000299770194746334,0.0746632885732699,0.000341691484200846,0.00139984872599874,0.0332739956290959
"C>A_GCA",0.0148751869276875,0.0365976030336639,4.46647387560515e-07,2.65062688011499e-10,0.0185377518165195,0.0553222183294928,0.0617932734374854,1.49201200665594e-07,6.17432254942369e-06,0.00466726371632134,4.3372802116796e-09,1.16628458239154e-169,0.00736365582017072,1.21784121988923e-89,3.6681726504287e-13,1.19769294113895e-05,6.87020309996566e-07,3.40972713480303e-07
"C>A_GCC",3.13250044498982e-05,0.044267849807859,0.00636528075231978,0.000290939635518478,0.0275310827689834,0.0694514127244511,0.00876286497877012,7.27825277311274e-11,0.00713278992522266,0.000503758094121325,0.00173625418963428,1.70269431187933e-82,0.00389624831641219,1.05156585323925e-47,0.000940379112168617,2.34341895347229e-06,0.000690280984657237,0.000987116994431355
"C>A_GCG",0.00186738144720705,0.00289898944194988,0.000292821298478138,0.00732794554870636,0.00146990633796349,0.00068737093623092,0.00524147519103905,8.44673569945525e-17,7.00472052288352e-17,0.0102216537048885,3.3204348940519e-08,5.77526302467095e-25,0.00534508775460366,7.01002906976657e-11,1.25062269042339e-06,5.97920477974848e-25,1.77231983931844e-07,0.000518416074397473
"C>A_GCT",5.96308571780746e-09,0.0232809343728241,0.00179617362834084,0.00249489322630423,0.0131381500126559,0.0240076335259834,0.0642832371722902,8.96590974237455e-10,0.00525636788490064,0.000262702039375111,8.52451544677613e-11,7.17639705827365e-48,0.00259076171314994,7.08020114215271e-24,0.0115634769776664,0.00054409247467148,0.0109214613842211,0.0148014950815109
"C>A_TCA",0.000728399708334211,9.41858101440907e-05,0.0481428551036952,0.000547987612898109,0.00103638159463807,0.0109173842365519,0.106870764883066,0.00153165483979874,0.0401786129844731,0.00353913583847871,0.0257522930814038,6.94009824155404e-78,0.00425375738975265,2.90898485647798e-42,0.00602849149323245,0.00115311043998191,0.0233752550123545,0.00927115394313638
"C>A_TCC",0.00825223385039768,0.014762986541485,0.0207305992022632,0.0242551084448303,0.0112059121996905,0.0082850569975011,0.0597527092495389,9.43510554778559e-06,0.0106711047831665,0.00371936480723166,0.00866544121994446,5.05874195049298e-155,0.0161753399162985,1.53093557763457e-86,0.0008853402002973,0.00507841719187698,0.0334746841916324,0.0197255552894031
"C>A_TCG",0.00123286507435945,9.38263279503461e-20,0.000623800805654942,0.00711197962815761,1.46789575010876e-10,8.62291868894727e-13,0.0128500607812284,2.95138519435766e-19,1.51002659980851e-11,0.00348688422588452,0.00372733614690548,2.52893917326062e-23,0.00579897968671985,0.00158561101122913,3.98412706862242e-05,9.61799519371256e-17,0.00222312652963053,1.10256323918408e-14
"C>A_TCT",0.0134344467174783,0.0153557191663483,0.029063390638398,0.0160269782545975,0.00325115800734681,0.0215809304264744,0.16556038213728,0.00526138879505685,0.00427602487612311,0.0170002512720783,0.00907807643237855,1.50999421782507e-40,0.0117421823924243,1.82051415831857e-23,0.00920511440503516,0.00151793871484241,0.00969259726030612,0.0159234433376985
"C>G_ACA",0.00235542762764027,0.00959243312246584,1.02329335514553e-12,3.0969396623078e-07,0.00385859877746663,0.0065164381383398,0.00983894292677111,0.00223313773257949,0.0348218210290275,0.0160174627352602,0.00632405735255764,9.67373319937169e-107,0.00441714441059922,2.79699585649259e-60,1.1409383870217e-08,0.0306000732401349,0.0466139803878221,0.0235835895640679
"C>G_ACC",0.0028530362285665,0.00527152339071959,9.42894583841479e-09,0.0114366760596002,0.000282726222518965,0.00171845917573515,0.00660013931846998,0.000104457869362283,0.0128754371586945,0.00513587938618167,0.00256530537589112,4.71194761458831e-133,0.000167921617785877,3.35321712296892e-75,0.000779291628440975,0.0195206287503527,0.0209614278189438,0.0182507164363843
"C>G_ACG",6.86731474028919e-07,1.28568838053535e-14,3.96436326012488e-26,7.51996860830418e-13,1.17156993833753e-17,1.63126653032575e-09,0.000323611964305676,3.3441430635665e-12,0.000175255028351503,0.0625568471450692,8.11904629055769e-07,0.000901638973387257,6.91478558739339e-28,0.00739270629080575,3.27476816252506e-16,1.90185284237779e-15,3.26640187511462e-14,1.25330322496861e-18
"C>G_ACT",2.89076429434727e-08,0.00363110038147061,2.03884003393682e-11,0.000342289438495097,0.0122545180636189,0.00826250924622202,0.00107962425674564,0.011500124351575,0.0403253500206132,0.021803687252887,0.00614517473486902,2.63651059387362e-78,1.3229307212075e-10,8.11687017235298e-53,1.84656235234467e-06,0.034870908938253,0.0446500125164892,0.0149250448652033
"C>G_CCA",0.00757112127169476,0.0138664157147399,4.54826412787226e-12,0.000115136195677824,0.0041201413254543,1.49361937897606e-11,0.000460351714592161,3.71164005373507e-11,2.45826686562763e-09,0.0022854318611541,0.00890856123597254,9.22717917640252e-179,0.000150452854215142,1.21728975352248e-97,0.00463858384206134,0.0251253333571212,0.0332069665204616,0.017968951599815
"C>G_CCC",1.20221142983272e-08,0.008705620857504,6.38792579490947e-08,0.00277207691974096,0.00545951855802633,1.9683332222424e-11,0.00144749549651259,5.32443019285705e-08,8.57333930358515e-05,0.0100226868899357,0.00340374291173105,2.59074918219731e-169,0.00386462486270665,5.71657663432756e-93,0.0041778395723588,0.0185227885020028,0.031905125056581,0.0170465117616797
"C>G_CCG",8.20056174634358e-06,1.965605013573e-28,3.05448352827932e-07,0.0145890678775942,7.0699140797268e-26,1.36698722214621e-51,0.00264916738046171,1.13130554790862e-09,4.70177951319535e-11,0.039370197477226,0.00150941463740836,2.16887645082097e-37,5.63234606776293e-18,7.00867367300331e-17,6.47890765280034e-12,7.12255672182526e-07,5.92985602911311e-15,0.00084545352636511
"C>G_CCT",0.00301776609995878,0.0153964123630866,2.25207139802967e-07,1.50090514219552e-05,0.0127687584925251,0.00270779652181963,0.00029651929144326,0.000206511305253079,1.46204177634016e-06,0.021236752224595,0.00823168933334652,5.47214197005162e-183,0.00551798855851828,1.00120414853816e-100,0.00384072506472885,0.0307880291027543,0.0504581309017081,0.0169168114520616
"C>G_GCA",0.00135381953292792,0.00515277542864377,4.85791424306775e-14,0.0123840676198284,2.41521483852292e-05,0.00560645663174973,0.000156235431728569,5.95423106539511e-06,1.30758228947871e-08,0.0057350404590865,0.00201877047964984,6.17939504840993e-118,3.35964478964876e-13,1.95507473377928e-69,0.00605523287739181,0.0158391200564521,0.0226403092420836,0.0114130197627222
"C>G_GCC",0.000647479030456803,1.56939769141968e-08,0.00161570070636685,0.00281029141024908,2.26521024180876e-11,0.0536359302784976,4.15282912617348e-06,8.93438171761528e-08,2.77949552943547e-07,0.0014870896435792,0.00110372913401628,2.74441149496995e-115,2.16526363501515e-14,3.72043575685651e-61,7.37424764851672e-11,0.00917524116818194,0.0166016862504783,0.00857883810174567
"C>G_GCG",2.52417976810925e-34,0.00307923629431376,2.554952143047e-19,2.88354350322755e-06,7.48371404579613e-25,1.13141207469444e-15,7.22646998508647e-12,2.11278028255671e-35,2.13059417453422e-17,0.0234513174979382,3.83603286866564e-18,2.87069603877797e-06,1.17951203967345e-28,0.00232903747175143,3.12202793496197e-09,0.00192339614679971,0.000586373722854006,0.000425256439598845
"C>G_GCT",2.30781620732166e-09,0.0131840357729687,1.47692861550555e-14,3.92372335245169e-12,0.00440466951988704,0.0310842519884833,0.00343318356670899,1.44852971208414e-08,4.717721458828e-09,0.0022875750012367,0.00605034889453642,5.10665970315807e-180,2.66558176249617e-07,4.70715000839405e-107,1.05212686208396e-09,0.0237165992094053,0.0298965043984253,0.0158650149588026
"C>G_TCA",9.78991355084812e-12,4.44811629106553e-05,9.44531023727736e-13,7.13747617183575e-10,3.63779942607556e-05,0.0238984446111792,1.44789415862151e-08,9.20090656475433e-08,4.37984084230262e-08,0.00614188419171545,0.253659026980665,0.00203314414039823,3.42675319666887e-17,3.9539785209269e-06,3.76104179709245e-07,0.0491632254861127,0.00756992364498239,0.00120629362082063
"C>G_TCC",1.26220421361042e-13,0.00406700027722226,0.00496192143294829,0.0268000855025496,0.00939760119117916,0.00159023536680252,0.00333285167286394,1.28986015118113e-08,2.4207788222796e-06,0.000124790854554667,0.0513676229255773,4.67758794328449e-82,2.43933601401083e-07,2.47967196399452e-48,0.00384931945999242,0.0405692806516388,0.0297334834850171,0.0180923855722318
"C>G_TCG",0.00217714937837767,3.01025225662438e-17,9.67180831696699e-14,6.00901070752053e-08,1.34672029038301e-27,0.00114751352455308,2.40006176530405e-13,5.94312536196585e-08,6.02907065868871e-06,0.030991770287608,0.0113554899318838,6.09694775080867e-10,2.30099923313378e-16,0.00224487993734759,1.37513502864218e-07,9.71602090585655e-18,7.53079612121767e-20,3.81642172574053e-14
"C>G_TCT",1.08821941937302e-06,7.53013394368886e-09,0.045020939514004,0.00094994650600564,0.0461210921234174,0.0283166129263042,0.0182106865789419,0.00222755459591056,5.74726119753085e-07,0.00565854807068846,0.258270456713292,0.0022266555037892,0.00313335120959226,6.89025746316654e-06,0.00148059209051305,0.0968462130008577,0.0224130830979621,8.7146049623992e-06
"C>T_ACA",0.00717906012400005,0.0131082993917941,0.017780285641927,0.0394506813679417,0.0304971776966694,0.00652842115943447,0.0210513320645313,0.0193990983420673,0.0618811295721286,0.0339252515069477,0.00266184631252189,7.41499589680639e-18,0.0485940167724437,2.20398308762511e-12,0.0132168514841513,6.62991884645026e-05,0.0197584870253357,0.0118816982710992
"C>T_ACC",0.00951473928922068,0.0176072984980657,0.00920139404463827,0.0196184136482372,0.00822096303121467,3.43254322121741e-06,0.00435713476313422,0.0186666584858109,0.00994361439147234,0.00469478380553308,7.71068175207935e-05,6.31676788043894e-28,0.0331672500141224,2.28624063012612e-17,0.00964470894030494,0.00687999979275057,0.0106856625166979,0.0128548553610113
"C>T_ACG",0.240635022749313,0.00904551154748018,0.035808397399869,0.0234943121506989,4.12252519678146e-07,2.15532712954515e-08,1.2691568420312e-05,1.05942615249511e-05,9.61600872843967e-08,0.0230110705360149,0.00359072775189907,6.1775953969114e-15,0.108983299314932,3.9644701111383e-08,0.0017681895279376,1.22453883114104e-05,0.000612364392283392,3.84739998938507e-11
"C>T_ACT",0.000107923557488841,0.0288466128457399,0.0181599678359171,0.000184757616018974,0.0304542168013437,0.00497915078299233,0.00965445096586886,1.50814738149897e-05,0.0550623830418382,0.0314949264060187,0.00134908683688992,1.26121634853074e-118,0.046543893647672,1.0251576440612e-63,0.00548937269742602,0.0194823171090914,0.00301960914560358,0.0271615292886278
"C>T_CCA",0.031054326811109,0.023654681826532,0.0295048387224286,0.019405265737966,0.00377437093140099,0.00481308548514354,0.00700208918647726,0.00042212023586909,1.64032105169198e-05,0.00912678414910479,0.00167191418558961,1.01133790324508e-91,0.0353011706263671,5.57095646064843e-52,0.0328535963369133,0.014608802705061,0.0163766537387583,0.00415573920437122
"C>T_CCC",0.0126357333476836,2.5760132652384e-07,0.000156248680331591,7.53432091169906e-07,9.63830463838407e-09,0.050291970723615,0.00031884180716727,6.39090110387787e-07,0.000316423511306799,0.000141079656322676,0.000117237412923459,1.95037679822561e-35,0.04181548628676,7.85500280716722e-20,0.141191326124835,0.000266126923485301,0.00825777037938452,3.03916075272578e-10
"C>T_CCG",0.149346398156493,0.000298394507759729,0.0294948472340165,0.0224536516502778,9.90931902833302e-07,1.41942926106407e-05,0.00447991914832596,0.00169183758754404,1.42336151354466e-06,0.0357731725576586,0.00144466844463737,1.27053437205203e-06,0.0577929970982209,0.0165227310191666,0.000589474331632493,0.000200298125309957,1.08256152957202e-07,3.39327372182761e-09
"C>T_CCT",0.000951983133403077,0.0253666446418666,2.54185299608442e-05,1.67372705516398e-07,0.0244985936924371,0.0455353582047927,0.00727682165552302,0.0150379268286648,0.013683434642457,0.0213218127257788,0.00602012250194062,2.23024673594198e-78,0.052998733662402,4.43047215094762e-40,0.116913364077228,0.0071062537344126,2.54761132821463e-05,0.0162690856311408
"C>T_GCA",0.0131936324864466,0.0317141324486819,0.0145768616171327,0.0346784290528359,0.000675132195454137,0.0411351325318667,0.0104976794620051,6.96171960060835e-08,5.81594469985087e-06,9.04417348267846e-05,0.00417565395617325,6.47738844147516e-58,0.037170005377947,1.66092253012017e-31,0.0044106439494991,0.009892337316805,0.0167443113077162,0.00573381246151325
"C>T_GCC",0.00590461003869193,0.0104358558934349,0.00430924539049837,0.0498550301713111,0.0103109370440533,0.0244927905170236,0.0117178687314922,2.27132050258781e-09,0.00960705422541975,0.0124128754754302,0.00110215724120915,0.0130737365573771,0.0428081201046214,0.00164173989013948,0.0124671118634844,2.77976094305307e-05,0.0135818281551642,1.04139259793707e-08
"C>T_GCG",0.197365078980033,1.42598210382207e-07,0.0398390002397034,0.00141746914901116,4.43180255248885e-13,2.41649834071067e-10,2.0954962517031e-08,1.87830923334119e-07,3.61799122861928e-09,3.95304089748587e-08,0.000251373046872599,0.0396934230215198,0.0461023925656963,0.042194557693934,7.3083669477188e-09,2.98501331330609e-17,1.7554158658907e-07,6.92125631827548e-24
"C>T_GCT",0.00315074174332802,0.0251339395907536,0.0115355674888571,0.0288702339709897,0.00833522433313995,0.0236145576200268,0.00858858222334285,0.00707456772792143,0.0215031860267137,0.0119769229596754,2.38528354762882e-19,0.00169311483557163,0.0443099305822612,0.0250079640722779,0.013759695547285,0.00540893103910347,6.2319164382079e-05,0.00678834685114536
"C>T_TCA",0.0018062105381508,0.000190557762385259,0.221484546316874,0.00091658877303729,0.000327007125884778,0.0187717631858382,2.77621288915683e-05,3.04985148820636e-05,1.65485696602825e-08,6.22863318329552e-08,0.150244934248612,0.00012744830112703,0.0261463886808944,0.0293300920589442,0.00344304289352491,1.40822707385675e-12,5.20984194743694e-06,2.38136421657038e-07
"C>T_TCC",0.0122151156598348,0.00744180655210991,0.0512425638206576,0.0548980344891219,0.0259454054951526,5.82200479163314e-07,0.00781289773165591,0.00696644407341929,5.37742113733294e-10,0.000438652586093696,0.0325233669928743,2.25889178923729e-66,0.0585889580205872,2.16432727916367e-35,0.0265277179833617,0.0113078062180061,0.00541036207686386,1.59363512784308e-05
"C>T_TCG",0.109343156038947,2.45040686422889e-11,0.0329393605181517,0.00381034776557865,3.48706870672152e-12,0.0035937026217212,3.00435907247391e-05,4.69200091471398e-08,0.000362931473242162,0.0134131547615553,0.0174069951972516,1.61851258334056e-07,0.0451040750659501,2.16793087259932e-05,3.11916519929004e-11,3.5830464479499e-06,1.86104547046315e-05,5.98095864794406e-16
"C>T_TCT",0.000882454422540447,0.00412657293319422,0.147360819687295,0.00949147362660842,0.023147770988337,0.0146615509851411,8.20338962476966e-05,0.00727017901239879,0.0122874032369945,0.023643662756798,0.0739610469793369,0.000120088246888268,0.0443389589062121,0.00803014867254069,0.0260938094582791,3.83355860201523e-05,1.26233677608558e-05,0.00020484574876909
"T>A_ATA",0.000381001949831039,0.0149943178304326,0.0179631890723869,2.07085057028277e-05,0.0138979936823272,0.00505884225019041,0.00288783797602848,0.00884520747906885,0.0253783524559796,0.0211885238902338,2.74711548602649e-17,0.019705633455402,0.0125324004377948,1.0561180106264e-07,0.00255368541464578,5.83622830414287e-08,0.00732659000302432,0.000405166306736983
"T>A_ATC",0.00171295926644969,0.0153798665185412,0.00681242486376513,0.00504467755568839,0.0154295398960472,0.00494707690207155,5.07328819850722e-07,0.00320468699114017,0.0169864524274815,0.0089790528601268,7.79514266660074e-05,0.00196111936623017,0.00639340774064661,0.0110210249876699,0.0132008930905171,4.33948001219076e-08,0.00161886796497202,0.00790655438747606
"T>A_ATG",0.000474119578928127,0.0166414288514301,0.0142360488929545,0.00866699613532778,0.0225302075919789,0.000417424678790991,0.00514186320845672,0.0109847353675742,0.0209579393114767,0.00478671318835171,0.000698822395679446,3.00811036097695e-11,0.00205790389302334,1.51130587235459e-11,0.0174614095967334,7.65019715936528e-08,0.0156028035921017,0.0130670816455969
"T>A_ATT",0.0155789115789772,0.0128444651790963,0.0119078670597438,0.00429304359480293,0.0245137929672775,0.00226458853136949,0.0112165481437027,0.000553539860388841,0.0552892992206228,0.00668721776366848,2.83960556741969e-16,0.0466981883152434,0.000130644142339274,0.0358135407357538,0.0136863970023867,1.38816449143045e-11,0.00182242477950356,0.0044846192661684
"T>A_CTA",2.23567212055799e-13,0.0159085945825969,0.0013484368376926,0.000453901285731255,0.0127014008824228,0.0473928331480371,0.00077435901056324,0.00483793635048424,0.00167156159823222,0.0063343048557214,6.42361070868211e-14,6.39373948300185e-29,0.0016866784213251,1.67897033465255e-19,7.17693454054225e-08,0.000376600483452656,0.00902557518225224,0.016016092904685
"T>A_CTC",8.87590939863738e-11,0.0259183127723997,0.000745270061761568,0.000531188800828594,0.0232559494607504,0.0248819426668653,0.000907832580311568,2.41153037089435e-07,2.20574739159108e-06,0.00346201798926321,1.24381478906265e-16,4.64786759642719e-26,8.08357454031798e-07,8.04237891818289e-24,0.00783917879361812,8.07389570318466e-05,0.0193685451299252,0.0371799635712902
"T>A_CTG",7.64580355644175e-16,0.0274126350094383,4.51429405852457e-08,0.000179362724179109,0.0217346907993766,0.0541319923070174,0.00187369175340165,4.17858103161156e-05,5.25464160885054e-15,0.000173509004883847,0.000536999975896499,9.37564378948737e-77,6.78979515611108e-09,1.74924903162559e-51,0.00488860426193451,0.00663833627660701,0.0202191603624382,0.0196160897045191
"T>A_CTT",0.00352640122527012,0.0275522345531447,1.69854828504792e-05,3.92794638136165e-09,0.0535176618439007,0.0574388093127,2.18242444760148e-11,0.00149968343570376,0.0136628671369129,2.49233220137126e-09,0.00158533459705255,3.43270839392483e-133,0.000591977769318094,1.4179553305764e-64,0.0138406621710766,0.00380577915173115,0.000955842023400876,0.0321691813229042
"T>A_GTA",2.35178103634407e-12,0.0140204364455317,0.00147296667474673,0.00884658509033346,0.0025991381878882,0.00416775219851723,0.000233265271782499,7.43000440423828e-08,0.00581321522849758,0.00659204138035617,3.21802660150667e-31,0.00314196972165263,0.00273267904353859,0.00950831854191803,0.00490781832483438,0.000328580109329154,0.00607109139548345,0.0159090427523891
"T>A_GTC",3.78235391087389e-05,0.0210993127404475,2.02914588155549e-11,0.000361011097502622,0.00822351201487682,0.00661470047952708,6.53789274716973e-07,0.00443735198078597,6.07142013339799e-10,0.00368550505907263,0.00093911340541533,0.00123791855560961,2.23525188109142e-10,6.17098341435896e-06,0.00695400649095295,0.000515726131502318,0.00649310983037424,0.010783926086632
"T>A_GTG",7.49897310227202e-11,0.0190562004584836,0.0044205981159587,0.00344826979129656,0.0066924107503036,0.00629284173126444,0.00346305540948768,9.36738758902103e-05,7.8553707585958e-13,0.000830274730379768,0.000924658242670319,0.00550600259202072,1.98961235687911e-05,1.17823798071524e-12,0.00745227246936794,4.61697652534414e-05,0.0163289843552762,0.0200450494085472
"T>A_GTT",2.32047654517785e-06,0.0171948749765073,6.3947678802257e-11,0.00567893729480935,0.0376462195265634,0.00179838258993463,4.09819929292419e-05,0.00908334343746464,0.00242777603369659,0.0140782448698586,0.00123734922861028,5.75088790578624e-12,1.49625990969329e-18,2.89988045731675e-12,0.0121899499902869,2.28464979218325e-07,0.0117901395220385,0.0251233001300463
"T>A_TTA",0.00628297241453578,0.00648455736486295,0.0160826698555326,0.0167586714878839,1.03497776913751e-08,0.00654979857420541,0.01129834191152,7.51405567695008e-05,0.0376341418134497,0.0145889752162996,4.1923580150807e-15,0.0133566209563048,0.00335214334664224,0.0281775539121279,0.00620822945636818,0.00649929527731355,0.00217693249877705,0.0131782827213057
"T>A_TTC",0.00568989830215347,0.0198445442761592,2.68801240804318e-10,0.000143550099153828,0.0129791795365393,0.00451051069385077,0.00405278835576121,4.45706734732692e-06,0.0135619893112496,0.0035060720452578,9.39960751663289e-15,2.69093710561361e-66,4.9091915070717e-06,8.93218202400102e-44,0.0209739650754081,0.00375300490755491,0.00342469506892018,0.0215841591681273
"T>A_TTG",2.15863711496358e-18,0.0120780484273826,0.00970270754458266,0.00453961232153292,0.00600001100714469,0.00311350502179671,0.00154118957002638,0.00591691608971837,0.00916906171807966,0.00519940137876847,0.000227402349863182,0.00143265396212826,2.90022548447302e-11,1.43861985236474e-09,0.00662196041741038,0.00354423916560183,0.00642880603166,0.0126212001560615
"T>A_TTT",0.00280130568450671,0.0102140214004155,0.0216386978710974,0.00811171070017395,0.0462123027165108,0.00011296310856467,9.83282873044284e-05,0.00278202259624717,0.0597303881654325,0.0145525258719727,0.00100909213124992,0.00626691952197518,0.00189924400419663,0.0252667340066978,0.0175961617195463,0.00395302081146159,0.0101927070733472,0.0344080268525841
"T>C_ATA",0.00762022215888175,0.000175445872516822,0.00828037772254909,0.0570368133508748,0.000460009232153919,8.75636557058069e-05,0.0103818848117543,0.144429258648948,0.00659099819339729,0.0241033076506789,0.000150778173903606,0.073491226199698,0.0159199839020148,0.0305269801104978,0.0178335511970568,0.00415508532829416,0.0104337567220178,2.2720399688575e-06
"T>C_ATC",2.59008700762315e-10,5.64249344632465e-07,3.69288185395495e-11,0.00410948723601741,0.0137376472546122,1.83914980007749e-06,4.76598498262478e-06,0.0427430794819661,0.00570595488624632,0.0181779165032116,1.0678349840129e-05,0.0278105816519053,0.00177148449398113,0.0233342974571963,0.00295130960081451,0.0145971227448555,0.00479596117237885,0.0099617932767204
"T>C_ATG",0.010943692631,5.67290249471354e-05,1.14170486357748e-17,0.0507956484699932,2.21647616728541e-10,3.62463522892692e-20,0.00968465210963224,0.0725733849728114,0.000168031172358817,0.0146389619085667,7.77305145526572e-10,0.0655681423339283,0.00497415583496671,0.0270910351521853,0.00207512425806875,0.00308022646331178,0.0127461569801321,0.00773482088316401
"T>C_ATT",0.011123270593767,0.000616441692461631,5.93107954575741e-08,0.0784748654429058,0.00884145751393875,0.000132170713566157,0.0136727224935103,0.168470240146798,0.0234020535289942,0.0213242838200512,0.000588213821776405,0.00370269976734187,0.00446569483938423,0.0483493906374868,0.0357218897152211,0.00746285216195173,0.00581799284885127,0.00163686614899991
"T>C_CTA",0.000645352531342403,0.00350770295900558,8.95317383044302e-07,0.00018558442587514,0.00073608348037375,0.00673005000433288,0.00658764803361487,0.0326842618949838,0.00164597878116881,0.00996757921323787,0.000142236538333573,0.0483350165314718,0.000437350927702345,0.0140891215411882,0.00412103067302721,0.0161140124506319,0.00982709753525794,0.00514729387850348
"T>C_CTC",1.42171655320163e-05,0.00100192167775551,1.06412572010194e-17,5.80884613445076e-12,0.0148211456027773,0.000945275194488062,8.42847501271152e-12,0.0120773139671096,0.00577349944487196,0.00655351134935624,0.00309285346549773,0.0311295909622873,0.000146669232904859,0.015553313777713,0.0148826225311929,0.0355297799797003,0.0102041326648226,0.0350205476648486
"T>C_CTG",8.19193674858819e-08,0.000236834276823034,4.12549321023353e-12,0.00371567994595652,0.00612179896200186,4.15744706829094e-05,0.00559612756054394,0.00388809636673608,5.44576220932246e-07,0.00851337104898771,5.24247566444663e-09,0.070665299462155,0.00331010150507112,0.0144778008658232,0.00506421587885813,0.019434120030546,0.00903780392926399,0.00925282691574565
"T>C_CTT",4.67060432663395e-07,0.00367600057522182,5.97161763843558e-09,0.00235533530033691,0.00216963888722304,0.000691576239164797,6.40570704450847e-06,0.0252201177031376,0.000342833664848169,0.0192572823286506,0.00207123703319191,0.0410232246754907,3.29257567582493e-07,0.0943996778660135,0.0308272849881595,0.00756618998629759,0.0161132122692898,0.00467641312740066
"T>C_GTA",0.0101069160945994,1.03509988019335e-18,0.00031957040608936,0.0382777280707506,0.000449351285286515,0.000788307313171126,4.16304741800984e-11,0.00797112590396029,0.000899712201551789,0.00569966926553455,0.000553519508350364,0.072855101866455,0.00271644270622861,0.0184142354719471,0.00221192194710246,0.0156596699177606,0.00577857501014533,0.00365709608371699
"T>C_GTC",0.00944541832544581,2.11221809536108e-24,0.000444060169682266,1.43227185046894e-06,0.00348940872033731,0.0149694908099652,1.10024999038828e-25,0.0161529787643833,0.0012481667598689,2.32903380335984e-05,0.00160974368407684,0.0279347818321599,7.64192589793171e-07,0.0161973114023353,1.76620778626638e-10,0.00911643118245972,5.57843357342065e-18,0.0165216079853082
"T>C_GTG",1.44488274824973e-13,0.00133128236486811,2.83299353277341e-27,0.0294803561473623,1.74525656450021e-10,5.71782520366424e-25,2.25602823549479e-09,0.015146964214015,2.48877600930807e-13,0.00532960153096674,6.97648159199765e-13,0.0663536605661807,5.3263795796483e-07,0.00291541705434683,9.59779767006307e-08,0.0128895892649918,0.00725574644000503,0.00414818825293459
"T>C_GTT",0.00743085711279811,2.59653706699966e-14,4.63356643379316e-11,0.0559486676692271,0.00095162090966556,1.58942606083903e-14,0.00397391869756884,0.0875226911125362,9.55271193329236e-05,0.000134095414675592,0.000213125806623403,0.030307230046329,0.00240137298123216,0.0120752789005647,0.00429656643020962,0.0109140966588378,0.000107650447916927,0.0107952978301687
"T>C_TTA",0.000616934273521282,2.92236273825672e-05,8.45215906880376e-06,0.0252507250891162,0.000411466558527761,0.001746009321633,0.000323304122684152,0.0313424691661558,0.0264718211621412,0.00576171927641167,0.000710863862451529,0.0500041530318845,0.000112585794577167,0.00225689472004786,0.0243526522638719,0.0264478715053859,0.00725226089671264,0.00574974443536221
"T>C_TTC",0.000109112942779164,1.77311048735962e-06,1.87239127912131e-08,8.7844747156454e-09,3.04852175793659e-05,0.00266967826038839,0.000248650410882522,0.00580246349292563,0.032743111365454,0.0165120918814003,0.0012316043261894,0.0454445376000153,1.10917268588241e-05,0.0204567898970789,0.0130419990901452,0.0276006960712223,1.31371007917525e-10,0.0168368306443024
"T>C_TTG",0.00617292074761264,0.00195541753880416,1.96063560706393e-15,0.0173484935643106,1.29957201841331e-13,3.57960602913685e-17,3.85250178858418e-06,0.000296444809831034,0.00628871502085205,0.00532837792206854,1.81317948284651e-20,0.0379120858255457,2.75787642538108e-12,0.00466975152653691,0.0158868556387743,0.0175192908576076,3.39152344622515e-05,2.07076544322777e-08
"T>C_TTT",0.014464069054424,8.38986854724233e-05,4.05748491485763e-13,0.0325868945657418,0.000155219381925093,6.42311058271091e-09,2.11674220176049e-06,0.0665740102703444,0.0130200944549103,0.0131294195442782,4.09908798478033e-19,0.0674057622434548,0.000682771373017099,0.00704307692264028,0.0173431718758673,0.0187618929772787,0.0098969322014101,0.00895408781588084
"T>G_ATA",1.12803257909071e-08,2.88344170570158e-05,0.00857531613889525,0.01092116338912,1.27568226407787e-12,0.00356132036670823,0.00101273033311625,0.00685039922783111,0.016299951946035,0.00679011326844125,2.8121084682638e-15,0.00630149111262855,5.01600423620158e-06,4.99581826955737e-09,1.98462084351279e-13,0.0161858023688578,0.00382696058617393,5.98285650888564e-15
"T>G_ATC",1.58406445658878e-14,0.000469419575735451,0.000757303989160258,0.0100144465174745,1.21596053361718e-06,0.000242705957984312,0.00311016792157138,0.000573132531897562,0.00254051222759121,1.78276038940093e-05,1.61430790764303e-58,0.00535986427029703,6.66354001613256e-05,0.0063989306264336,0.0016227294952915,0.00544978752194141,0.00201114205079001,0.00161522715771255
"T>G_ATG",4.17063763340437e-15,0.00977490077632093,0.00292431954262174,0.00473235549578249,0.0115413615936858,0.000768229185766129,0.00522528571463836,6.03308032129484e-06,0.0203457533831415,0.00199998954618255,0.000288406414315827,0.000854609522021877,5.49114369345619e-16,0.00536099005246763,0.00782674461806682,0.0173053826335296,0.00551754960407617,0.00740202853533435
"T>G_ATT",0.00088573707257423,0.00183209264330511,0.000301715365087696,0.0132005457236044,3.99913832720235e-05,0.00215122480440926,0.00784789066220337,4.56531204423993e-06,0.0137518886145827,0.00403434655202885,1.03000201970863e-11,0.00874501947057993,0.00695746712790138,0.0304360904797099,4.25774082048127e-08,0.0149488737512382,2.34412598224919e-08,1.40147177643664e-09
"T>G_CTA",3.18069838442742e-12,0.00233659060191447,0.00197576830346236,0.00523441381050577,0.000905354535651968,0.00180465068263148,5.77692136061394e-05,0.0061234195705577,0.00457338557361577,0.00421495587230658,0.00162728107035738,0.00254287890695701,2.20196018658174e-05,0.000712089097841186,0.00661788235354522,0.00651748944245603,0.00479936752902587,0.00213263836958013
"T>G_CTC",5.36843498852147e-09,0.00438716019894015,8.24206687138311e-05,2.10221118595838e-05,0.000196861107160904,0.000364306709838814,0.000269817768173918,1.57615176468925e-06,0.00289716006880397,0.00106562754200991,0.00107732355164715,0.0139025917392007,0.00254282516872614,0.00937350499304848,0.00295895689320863,0.0119777536747347,0.00715657180740981,0.00838935128723901
"T>G_CTG",1.51677560772827e-15,0.0110995748692238,2.98876557127809e-09,1.69515460844545e-10,2.3832496940432e-06,0.00394888501516141,0.000739571702465463,0.00860501793339062,0.00380030648152904,0.00977397701822891,0.00114037053061294,0.0140766994247872,7.4757647159182e-16,0.00363587620287652,0.00266771828210039,0.0174622063078349,0.0123394864478389,0.0183633155183265
"T>G_CTT",1.85501955459678e-06,0.000405254127528681,0.000276451693917583,6.05037324524514e-05,0.000441382382036468,0.000715361332707479,8.03429331710679e-06,0.000448155015990416,0.000738931031635109,3.58114265199131e-07,0.00100677923758939,1.00728196843076e-26,5.9518581188043e-12,0.142958654276048,0.00650423997497671,0.0111566983497131,1.38385235190739e-06,0.00259131668512188
"T>G_GTA",2.96160138475824e-26,0.0034912550635746,0.000853467398495077,2.07364430623395e-08,8.00952510412313e-20,0.000997126438169409,4.64704008065529e-07,0.00796491019083972,0.00217103614517859,0.00501753557580262,9.35611970346394e-10,2.92038802702778e-07,4.05142539648024e-20,0.0109545620772509,1.82711525465967e-07,0.00675533014265285,0.00615946052411367,0.00338740534185416
"T>G_GTC",3.67937288243052e-16,0.00423362874442477,0.00103886784706893,2.08880028821424e-11,0.000632604184821537,0.00675158322390064,1.9960321723327e-30,0.00189331610486723,0.00215733544251841,0.00131730710751078,1.19140299556515e-05,0.00136866739754868,6.74269941454064e-11,0.00940354374528606,3.00189669257466e-20,0.00505408402448863,2.44205085970164e-12,0.00250847221077009
"T>G_GTG",1.32301802057829e-19,0.0122253829715883,0.00900373365456781,7.48373246438811e-07,0.000701518041349112,0.00349450390508726,2.3431720879389e-18,0.00986502729150322,0.000260320300810929,0.00849027440647744,0.00244231226823186,0.000286445941765116,2.30958971353436e-11,0.00779894329720663,0.00203124917812097,0.0151848369141634,0.0167792331786844,0.0138667077207626
"T>G_GTT",1.34768912335952e-17,0.00499052590166194,2.2331395419472e-10,5.0491197927986e-10,8.13943211801085e-14,0.000722378809524585,3.64596247295534e-21,3.49020265476158e-15,0.00824482950695895,0.00421320484742567,1.36820570671197e-08,0.0136603655014701,3.4627011867896e-13,0.0487046782498178,0.000132736702588683,0.0138215553175846,0.00158614966312994,0.00447153513150722
"T>G_TTA",0.000921019941768247,0.000906941508651861,0.00937437458433777,0.00872236173358602,1.24724697457568e-08,0.00382567032268947,0.00390833153872395,0.00119758732936521,0.0185640053842691,0.00515704121645936,0.00196273407622585,1.0086576459502e-64,4.56863165605528e-05,2.07360808826286e-37,0.00349489117880314,0.0237262675311168,0.00810136410587113,0.000156748471737375
"T>G_TTC",2.83849759473628e-18,0.00557265718102442,0.00179334590662686,0.00994820762441927,5.48189463711036e-08,0.00108070803200203,4.03001133780342e-11,0.0147641857881178,0.00823474226384989,0.00154363298894081,2.9548984711796e-13,0.00188342357537715,1.05782465667235e-07,3.39570285378014e-06,0.00487522507733441,0.0122081739729251,0.00175333330185336,0.0051806081593926
"T>G_TTG",3.95995323049053e-07,0.0104998993231549,2.25512554600047e-12,7.33424054350053e-09,0.00276315109249812,0.00288858922152286,0.000408289578192816,0.000998349759373099,0.0190905581023529,0.00859180837364824,9.80339542795086e-13,0.00190097951120296,0.000243165235389599,0.0140979725236068,0.0119752524868076,0.0263386117055801,0.00112250057531483,0.0139830828283459
"T>G_TTT",7.45558856860301e-06,1.93092717518212e-05,0.00493557227537135,0.0108156260291058,5.36493066144223e-05,0.00482202799207553,0.00796014699806625,0.0318957211441276,0.0179154785818399,0.0114717492767426,2.23749812822551e-06,0.0010588233570664,0.0036965793477748,0.109625978464961,7.89581512518341e-05,0.025313368004746,0.00528669448205752,0.00344840513571913
