"","Signature1","Signature2","Signature3","Signature4","Signature5"
"C>A_ACA",2.59796824853899e-84,0.0236392990788745,0.0332017546360995,2.93793420045266e-115,2.08378870159337e-10
"C>A_ACC",2.969393975058e-37,0.0222150301465411,0.0118621283333181,4.62125854122188e-69,3.61148170206332e-15
"C>A_ACG",1.07391302613367e-84,0.00279881144397327,0.00203887495585477,1.10591274446701e-101,9.58664390390985e-06
"C>A_ACT",5.03687235154143e-17,0.0238221551282674,0.016185589120513,4.39035674575575e-08,5.56527936597361e-16
"C>A_CCA",0.00495643367531055,0.020574949387243,0.023584225034554,0.0034665762997309,3.98739365928419e-26
"C>A_CCC",0.0192370737688984,0.0156033862453867,0.000198499045858361,0.009937149221961,7.35973354096215e-64
"C>A_CCG",0.00341628470843843,0.00129279206468599,0.00235454011865049,0.00233313391406189,8.50725246457693e-39
"C>A_CCT",0.0423465386070958,0.00834750557540309,0.0002774069746908,0.0620324809291808,1.70283566363216e-87
"C>A_GCA",3.34140420017072e-65,0.00761835907759473,0.0561433477924104,4.40003067922475e-74,2.55813698465292e-19
"C>A_GCC",0.00381645734254305,0.0102857213205009,0.0116005625373833,0.00484933133652134,9.11951693683479e-32
"C>A_GCG",0.000755927345085386,0.00144998167292813,0.00377307458231314,0.000776265415342147,1.70876795518022e-36
"C>A_GCT",0.00714107964631217,0.00670994405877691,0.0310278983157094,0.0199080454398193,2.27373076130159e-39
"C>A_TCA",3.27317302473739e-81,0.021123914443923,0.0400091240231004,1.62011523147641e-103,3.62132444626793e-11
"C>A_TCC",8.92845971776625e-22,0.0181756299859636,0.0246402549890944,3.36326686432266e-42,1.61206713085587e-21
"C>A_TCG",1.39560487370564e-24,0.00112186206113791,0.00616311039248212,8.86248077979579e-74,2.01972158602725e-12
"C>A_TCT",1.51447367067445e-05,0.0241744186599439,0.089457467125185,0.00241581847392739,1.79911908334542e-16
"C>G_ACA",0.000248244716352462,0.0184267803965249,0.00144788619587556,3.29287204344156e-52,9.25403989657905e-12
"C>G_ACC",6.18498539787196e-25,0.0102998904154171,0.00159278638096072,5.8917186737224e-27,9.90274543024078e-08
"C>G_ACG",1.82305894680351e-123,0.0026022547836099,0.000238343733848708,7.70323792717136e-158,8.15611846068625e-05
"C>G_ACT",8.18050360257321e-30,0.0211095647564611,0.000907870046388295,5.04166847598482e-50,0.000466693784295157
"C>G_CCA",2.62773617043358e-132,0.0103180714487471,5.88176537400661e-08,1.02806326729462e-171,1.25836159184576e-11
"C>G_CCC",1.91452214601278e-113,0.00876613483197869,5.57795390702617e-07,1.95910372232329e-141,8.34072105441305e-10
"C>G_CCG",1.23652639689903e-47,0.00206709751391718,1.25760574822495e-05,5.36114891525518e-103,0.000230664719567947
"C>G_CCT",1.89120754287599e-121,0.0146749759243645,4.31476742205492e-12,3.17916966359084e-141,0.000168838446584516
"C>G_GCA",1.11346606132304e-38,0.0078944835814272,0.000814714929078811,1.6242036552315e-33,1.99753620652493e-21
"C>G_GCC",0.00139439726395942,0.00858919770134962,5.44104234776351e-05,0.00174938371862355,4.52900862058584e-33
"C>G_GCG",9.49123196777782e-05,0.00146058548554331,0.00024749923892334,1.92883176981206e-19,1.91633452871539e-16
"C>G_GCT",5.41437226720841e-27,0.0121042625615275,3.63479222390285e-07,1.51383014638472e-65,3.92244470093925e-17
"C>G_TCA",1.81909478560758e-172,0.0290518801490101,7.67720790437632e-22,4.82710547363355e-185,0.00101961081879145
"C>G_TCC",1.09820474571945e-142,0.0183737933394665,8.68669158921698e-21,2.00685851728767e-135,5.78208390968455e-15
"C>G_TCG",2.71858134232065e-131,0.00264505283759539,2.41331006577311e-09,2.45868495561275e-144,1.29317430046572e-24
"C>G_TCT",9.86600483122044e-123,0.0526609166442629,1.05730905032576e-19,6.33899894351531e-133,0.00121532391345738
"C>T_ACA",0.0496119527017013,0.0115386882287165,0.0188374364983673,0.0166208478476562,1.06166267257233e-45
"C>T_ACC",0.0112680419354889,0.00621738713639226,0.0143595276143837,0.0162117141452801,1.40605959078728e-37
"C>T_ACG",0.0960286494487492,3.64776308580025e-15,0.0990294654535932,3.51030819269459e-10,5.36828990998965e-48
"C>T_ACT",0.0108587386104826,0.0151483925146035,0.0231086090507537,0.00644462058055927,6.90096104878497e-21
"C>T_CCA",0.00288863476675821,0.0153486885163067,0.0298405565786457,0.00568954396722247,0.000538866378497605
"C>T_CCC",0.00601547727178149,0.00882787823532572,0.0197638481508168,0.0190279271154178,9.87469860817372e-28
"C>T_CCG",0.0722627584108139,3.9649370445659e-19,0.0641322724644125,0.00495314042136723,1.09612707243157e-50
"C>T_CCT",0.00348101910458521,0.0197332364600616,0.0241397049086565,0.012506973192404,4.09032835749927e-12
"C>T_GCA",0.0503268778456022,0.0025222819165011,0.00395510100669364,0.0326499963375902,3.51590694880457e-76
"C>T_GCC",0.062084663643895,4.65883008897077e-51,6.60500212147556e-46,0.0590637011181894,1.54685608443134e-130
"C>T_GCG",0.153575065597079,7.65467471982052e-29,0.0426190651035155,0.0233769717710859,4.12868123307672e-73
"C>T_GCT",0.0421404516224234,0.00152261111093518,0.00607000034119528,0.0376436837199706,2.00841920695753e-77
"C>T_TCA",6.49074985697228e-19,0.0444196763905823,0.0377010468309324,0.00107180683381637,0.00760834028106398
"C>T_TCC",0.00414759715497513,0.0239912086402789,0.0322461176094033,0.0101819938991824,0.00136763820501968
"C>T_TCG",0.0400266196471932,3.10551418285825e-06,0.0519336532758681,4.19089792774987e-11,1.00782350146167e-32
"C>T_TCT",1.13464654770033e-12,0.0332366033356874,0.0424923454802015,0.00760365287198199,0.00560921378635309
"T>A_ATA",1.21658302782167e-53,0.0121970712388023,0.00392503110546801,0.0201621495716987,4.84996963013366e-43
"T>A_ATC",1.32829170779831e-23,0.00424955042655828,9.00282336228965e-07,0.0373897247879863,1.3145389102123e-70
"T>A_ATG",1.17983621184252e-50,0.0134941852647906,0.00447481527251174,0.00127231786844078,9.53073188589037e-11
"T>A_ATT",0.0159925756636978,0.0169460406547115,0.0169182442406076,0.0246536024119062,0.00087367713121241
"T>A_CTA",4.78260079379945e-83,0.0129188635189063,0.000147861682533074,0.00110078355940535,0.000797859568914781
"T>A_CTC",1.45997321441018e-17,0.0123069595780553,8.77691478744491e-08,0.00596029336287973,0.0133486349310519
"T>A_CTG",1.74285520354376e-79,0.0163123323833493,3.04069401207382e-05,4.74681192904082e-15,0.00454907158084159
"T>A_CTT",1.69911119145503e-125,0.0181233846640846,2.45303990654911e-05,2.11801030934414e-120,0.0394701418061241
"T>A_GTA",2.11151317414223e-72,0.00671813173306473,0.000290520593096439,0.00633953358154086,2.34909998569222e-35
"T>A_GTC",6.03218168172647e-43,0.0018460073849028,7.23542605569814e-21,0.0247770760064721,7.98012037945931e-05
"T>A_GTG",2.82432258284749e-12,0.0078099876242419,0.00101406831102551,0.00538289036026657,0.000494577821487342
"T>A_GTT",7.83260925632237e-40,0.0116227377239173,0.00232044369025393,0.00552593711467617,0.00743652261455247
"T>A_TTA",0.00301591934563172,0.0169582811709201,0.0222998334892722,0.00797626833784793,0.00057370456441663
"T>A_TTC",1.61715903542714e-49,0.00950907123922044,0.000695409224309975,0.00664445866023303,0.00299078866108635
"T>A_TTG",1.33860577527281e-58,0.0102577180263555,0.00116704479160721,0.00027113958091514,0.00117475861640525
"T>A_TTT",1.21060066472373e-08,0.0245730810406193,0.00817262702798104,2.99328798828025e-14,0.0167589839929777
"T>C_ATA",0.0255437323524167,0.0191070284516664,0.0154770700889082,0.0332626023033083,1.19979053090843e-35
"T>C_ATC",0.0118998451542962,0.00741829252361231,0.00384582319498166,0.0129765804536437,0.0016249853397672
"T>C_ATG",0.0381892829515812,0.00845563522311423,0.000319641533186679,0.015149108920739,7.37138725110941e-45
"T>C_ATT",0.001670881954904,0.0201951503523559,0.021029500700769,0.0200848406518487,0.0017599326479266
"T>C_CTA",0.0135827973971377,0.0070422117005218,3.03011519362491e-05,0.0301380028672944,0.00638135327323759
"T>C_CTC",0.00726287971814838,0.00633199996148226,9.70402355771107e-06,0.00768199181621284,0.0456222485898121
"T>C_CTG",0.0362045079602365,1.98915066552294e-25,1.0263885618584e-28,0.0179760136673573,0.0237190031765331
"T>C_CTT",2.93983524111508e-25,2.54334566081229e-14,0.00398371729142692,0.00772296958021843,0.141850432157751
"T>C_GTA",0.0242314115784522,1.1461413859403e-44,3.06360643455228e-49,0.0708159675335029,3.62124077044175e-110
"T>C_GTC",0.0184478945143751,0.000586587808253504,0.00118018643247142,0.0287640738219033,0.00470456541394813
"T>C_GTG",0.0281399645499881,4.61547311154659e-38,1.10013416389354e-42,0.0400986003502327,9.38252359970397e-32
"T>C_GTT",0.00920612440387934,0.00302818282670097,0.00573575740205511,0.0575829937707378,0.00457971122438427
"T>C_TTA",0.00784398881987861,0.0201677988219352,3.97343689934735e-08,0.054876361266058,0.00156565915203406
"T>C_TTC",0.0166620357773198,0.00450885673362991,0.00296134002060864,0.0306130620003587,0.00874072373269793
"T>C_TTG",0.0184486982217735,0.00197671764247879,0.000283905352979921,0.0195950772415257,0.00380538508410811
"T>C_TTT",0.0186076322805706,0.00684542054501778,0.00738075232055222,0.037359728423529,0.016272415666556
"T>G_ATA",1.48730268871109e-90,0.0130867364935286,3.1357290022401e-06,1.19290685681703e-35,0.00290243410653016
"T>G_ATC",0.00049819885011054,0.00230170407609017,0.000292390961224066,0.000938854449258048,0.00614423287504942
"T>G_ATG",2.91134095226315e-30,0.00797748874537851,0.00179404327906133,5.41740533048999e-19,0.00245672672983528
"T>G_ATT",2.49995854493322e-102,8.41809851660727e-33,1.0089731046773e-30,2.29608677955871e-94,0.0648249123216172
"T>G_CTA",2.71087020961769e-09,0.00689256597063082,0.000719597097067636,1.73388725219474e-23,0.00336124638293429
"T>G_CTC",0.00513170482331563,0.00130887620871517,7.90735428070204e-20,0.000110240602180878,0.0210468773731658
"T>G_CTG",0.00685666160131322,0.00642547338135127,0.000916585686721566,0.00113468926569713,0.0101218448250422
"T>G_CTT",3.30479658410348e-136,1.00325592088263e-78,2.90101359185928e-59,2.58115728043262e-148,0.277884891903319
"T>G_GTA",3.14399570766753e-21,0.00533275207757595,0.000315044671260723,0.000567362699607621,0.000663611106156668
"T>G_GTC",0.00205833066365829,0.00156911438522864,2.08617201036973e-12,0.00124939084967213,0.00522950898157949
"T>G_GTG",0.0021679723720582,0.0084741976853568,0.000370611295955862,0.000877334009536561,0.00253826321768412
"T>G_GTT",1.60875996994266e-09,2.67709299936056e-31,1.73152992379638e-21,0.00245317536476008,0.0834516029877699
"T>G_TTA",2.12368582347665e-136,0.0167910961861102,3.4888570705844e-18,3.30377407875555e-79,0.00491645935180638
"T>G_TTC",1.27582192971242e-40,0.00492400486774064,0.000194641646504946,1.14211471701581e-22,0.0103489159353466
"T>G_TTG",0.000197900723752047,0.0109002413181585,0.00361070761723345,1.91138823658843e-11,0.00517507344727069
"T>G_TTT",9.87673280382329e-93,1.61891537495599e-09,8.61588869118747e-11,2.7733926497077e-111,0.131442022111746
