	0	1	2	3	4	5	6	7	8	9	10	11	12	13	14	15	16	17	18	19	20	21	22	23	24	25	26	27	28	29	30	31	32	33	34	35	36	37	38	39	40	41	42	43	44	45	46	47	48	49	50	51	52	53	54	55	56	57	58	59	60	61	62	63	64	65	66	67	68	69	70	71	72	73	74	75	76	77	78	79	80	81	82	83	84	85	86	87	88	89	90	91	92	93	94	95	96	97	98	99	100	101	102	103	104	105	106	107	108	109	110	111	112	113	114	115	116	117	118	119	120	121	122	123	124	125	126	127	128	129	130	131	132	133	134	135	136	137	138	139	140	141	142	143	144	145	146	147	148	149	150	151	152	153	154	155	156	157	158	159	160	161	162	163	164	165	166	167	168	169	170	171	172	173	174	175	176	177	178	179	180	181	182	183	184	185	186	187	188	189	190	191	192	193	194	195	196	197	198	199	200	201	202	203	204	205	206	207	208	209	210	211	212	213
0	40	33	237	44	37	40	23	19	35	11	17	53	23	106	125	34	23	97	15	32	17	22	44	25	66	27	32	85	40	29	22	21	118	46	145	30	45	37	29	80	140	45	107	19	268	175	32	55	28	12	50	29	38	28	29	20	82	150	99	82	56	53	34	39	29	30	191	158	78	33	26	7	201	115	125	284	90	94	58	41	103	157	208	67	56	19	173	38	25	167	112	63	68	75	95	78	173	124	177	41	110	158	127	194	44	138	84	52	128	148	241	157	102	138	481	191	147	33	23	61	117	230	200	180	97	133	33	98	90	62	19	24	248	108	139	15	48	130	156	80	72	41	22	80	357	195	55	125	33	223	170	50	66	64	110	159	113	49	179	67	144	82	326	168	76	163	59	249	249	25	52	157	183	98	51	42	104	61	233	69	159	21	67	43	36	47	50	309	42	164	49	43	185	212	87	139	148	360	28	27	35	32	35	45	201	19	29	11	43	54	43	46	47	35
1	25	27	230	24	22	25	12	23	39	5	7	40	18	71	68	15	21	66	7	16	11	17	16	21	36	12	27	91	31	24	18	7	103	42	105	20	31	33	22	84	159	32	71	23	226	138	15	43	16	5	36	31	19	16	19	11	58	118	68	65	48	45	20	21	26	32	157	105	50	37	21	38	177	85	83	181	63	78	43	26	57	120	161	68	41	9	149	27	24	137	74	41	68	59	64	69	143	110	113	36	99	102	117	187	18	140	66	28	139	116	194	135	65	57	384	186	117	24	20	31	83	180	176	154	67	112	35	46	51	50	29	10	216	64	122	14	47	109	137	51	44	29	16	62	300	172	42	97	14	223	114	43	36	32	96	120	109	32	157	29	103	90	244	149	51	139	53	202	146	40	58	116	148	46	35	33	81	51	198	48	115	27	53	38	24	34	35	241	32	164	34	58	171	192	38	111	134	321	34	18	33	27	33	21	182	16	17	16	47	19	33	41	68	28
2	1	1	22	3	2	3	5	3	3	0	1	5	2	10	6	2	5	5	2	3	1	4	3	2	2	1	4	14	3	4	3	1	10	9	13	5	4	5	2	8	20	2	13	6	13	15	2	8	3	2	7	3	0	3	2	1	11	9	4	9	4	6	1	5	2	3	12	7	9	5	1	0	20	9	8	17	11	11	6	6	8	17	18	8	4	3	16	3	0	11	7	4	3	6	16	4	15	15	12	7	14	16	11	10	2	15	4	4	16	13	35	15	13	9	32	10	13	4	7	14	9	14	26	17	5	14	3	12	8	7	3	1	15	3	14	0	6	17	10	3	9	5	3	2	29	11	4	8	4	18	9	2	4	6	10	15	13	4	17	7	8	11	19	12	7	6	7	21	18	3	8	17	14	7	7	7	13	3	24	7	14	1	15	5	3	4	8	25	6	17	3	6	19	13	7	14	13	25	4	2	1	4	5	4	17	1	3	1	2	4	1	1	5	3
3	20	17	197	29	23	23	13	15	15	2	11	37	13	68	67	18	21	79	8	11	21	18	24	22	38	20	28	78	16	13	19	14	101	31	108	21	31	26	19	55	125	42	74	23	210	134	15	38	11	12	25	21	14	14	8	10	57	114	46	55	32	35	17	32	20	21	150	118	54	31	20	20	169	70	79	209	64	59	54	22	41	125	141	55	36	18	114	24	19	127	73	44	47	45	66	65	140	102	112	31	84	106	100	166	27	109	63	29	127	107	173	135	67	78	429	148	98	27	18	46	85	177	177	171	72	97	22	58	56	41	23	16	207	65	102	22	41	123	114	50	33	31	17	42	295	125	46	110	24	210	98	27	42	53	84	144	117	27	167	29	115	47	263	129	57	156	49	187	177	21	45	99	152	59	29	40	58	53	204	50	110	12	49	20	29	33	41	213	26	147	38	33	124	176	45	116	156	308	18	16	28	15	28	23	150	17	20	13	33	31	33	36	46	17
4	21	29	177	41	38	34	8	21	33	80	10	37	14	87	116	16	27	79	12	25	10	28	45	17	59	21	31	81	21	21	19	29	101	36	112	21	39	33	19	110	141	50	83	21	246	159	29	48	31	24	43	29	24	23	23	18	85	110	62	77	55	43	22	31	32	19	206	145	72	26	17	120	191	100	91	221	93	69	44	40	94	123	192	48	73	25	122	25	18	137	123	74	58	71	81	69	126	117	152	28	86	164	109	165	49	130	83	44	113	124	156	154	122	204	468	161	122	27	15	49	81	173	201	179	77	132	24	93	91	56	25	18	181	98	122	21	53	120	138	75	47	21	21	46	299	159	75	113	35	213	154	44	43	56	88	142	109	35	164	77	106	72	325	160	56	141	51	206	216	23	38	129	140	109	48	30	94	63	241	54	121	39	81	35	31	67	47	291	33	152	51	35	143	186	85	112	129	334	28	18	28	25	33	29	181	18	22	15	52	55	37	67	101	45
5	19	23	158	21	19	24	8	14	26	49	6	38	10	71	81	23	8	52	16	15	16	19	26	14	44	14	24	79	21	18	14	12	95	37	94	21	21	21	16	62	99	36	61	17	194	103	15	33	16	16	23	26	12	18	17	15	44	75	42	55	30	40	16	17	24	21	148	97	40	20	9	5	138	78	65	185	78	54	25	19	57	113	121	47	46	18	122	21	16	112	49	43	65	64	54	50	120	73	91	25	74	79	83	138	22	106	55	25	95	102	157	81	74	69	368	141	76	18	12	48	67	118	171	139	79	103	14	50	43	33	19	10	148	62	87	18	36	94	104	45	32	11	10	36	296	119	52	81	14	178	113	24	38	21	76	95	88	44	137	33	108	60	200	109	50	135	48	160	182	16	35	81	124	47	33	39	67	55	178	26	63	18	49	22	19	29	41	229	26	112	34	32	135	132	44	92	97	260	27	13	23	14	19	15	140	8	12	19	44	25	21	42	63	36
6	4	4	10	6	2	4	4	3	1	0	2	3	1	4	16	5	0	8	0	5	3	6	9	2	8	3	4	19	2	4	1	4	11	6	16	4	8	5	6	14	16	13	8	2	36	12	3	6	4	1	3	4	4	0	1	4	12	15	5	5	5	5	4	7	1	1	17	20	12	2	5	68	13	7	1	19	4	5	2	7	8	9	21	9	3	2	11	2	3	14	19	9	5	4	13	5	24	14	22	4	6	20	4	11	9	6	15	5	20	4	17	22	11	26	23	13	13	3	2	3	8	11	14	13	12	18	3	13	8	5	1	1	9	8	16	1	4	12	11	13	6	2	3	10	22	31	8	9	2	13	14	10	8	9	8	15	15	0	10	23	12	7	31	27	7	11	5	17	15	2	3	12	13	28	4	3	14	4	20	3	6	1	10	4	5	8	6	25	6	8	6	6	22	16	12	8	15	14	4	3	5	4	5	6	9	2	3	2	2	10	4	3	4	7
7	17	29	151	30	19	35	11	17	29	18	12	43	15	76	93	22	18	75	18	22	11	19	25	14	38	23	23	67	17	19	15	14	63	30	105	24	29	27	18	60	113	36	78	21	191	123	21	39	19	18	35	20	24	17	17	15	72	114	59	69	40	34	16	27	30	27	153	114	61	27	19	47	157	71	76	170	55	52	46	18	51	141	131	43	47	11	131	36	18	130	76	42	70	34	69	43	124	107	129	26	59	131	82	153	27	118	68	31	86	101	179	114	84	103	309	141	85	22	25	47	57	175	151	139	68	113	18	64	55	52	18	17	201	55	94	31	36	89	112	50	35	28	19	46	255	134	52	96	20	180	117	29	37	45	74	112	73	31	143	45	101	61	238	109	38	112	39	145	187	18	37	99	118	61	41	28	77	48	203	44	103	15	65	42	26	41	36	199	29	107	30	30	150	157	41	130	138	265	23	23	20	31	26	31	156	20	13	9	43	37	31	42	72	27
8	27	26	112	48	16	31	14	17	21	1	13	30	9	54	99	24	17	49	8	32	16	15	55	25	74	23	40	61	20	13	12	26	54	30	111	24	37	31	15	103	117	44	46	9	200	92	9	49	19	28	41	24	28	17	14	9	92	87	57	48	38	38	18	23	31	26	130	133	66	19	16	1	111	52	62	166	63	43	36	66	92	83	107	63	26	15	113	24	19	102	142	79	42	51	72	49	112	76	203	34	51	152	80	135	48	86	79	20	75	90	108	160	163	224	237	127	72	47	13	41	50	165	130	100	65	75	16	109	94	49	28	10	156	45	78	14	32	73	111	76	43	24	19	42	204	68	81	58	29	129	75	45	59	51	76	89	60	21	128	130	70	41	220	137	51	101	61	126	147	25	43	94	76	161	45	30	88	35	108	63	60	24	45	26	18	55	33	168	33	110	49	30	103	124	106	90	104	217	16	22	26	19	28	41	109	26	13	13	37	53	38	46	67	58
9	15	11	123	12	16	22	10	17	16	68	9	27	13	53	66	6	13	47	10	13	5	10	20	16	29	9	21	58	17	9	5	5	49	27	70	13	16	25	17	42	94	23	46	12	138	80	15	20	15	12	28	14	15	11	9	6	53	64	45	45	23	23	15	28	20	15	84	73	33	17	14	9	108	52	55	134	44	32	34	13	31	77	99	38	33	18	105	16	10	78	49	27	41	41	56	38	84	61	95	27	49	72	72	94	24	97	38	15	65	59	123	77	65	90	213	85	69	16	16	39	52	97	134	83	52	76	15	38	46	38	22	12	101	59	61	13	27	74	77	31	34	18	9	41	185	90	30	63	18	121	86	23	31	20	59	78	67	30	97	26	87	39	158	105	30	90	41	124	108	18	29	66	78	32	27	26	59	23	131	21	83	23	28	18	12	19	30	150	14	90	32	14	77	113	43	71	84	162	11	19	21	15	16	18	77	6	11	12	29	18	22	36	22	22
10	2	4	7	5	5	3	4	5	4	10	1	2	1	4	8	3	2	2	2	5	1	2	6	4	7	6	1	6	1	1	2	3	3	4	8	1	4	4	3	7	6	4	0	2	27	7	1	5	3	3	6	1	2	2	2	3	8	13	5	7	2	8	2	6	3	1	5	16	7	2	2	34	6	7	4	9	1	3	0	4	6	9	7	3	4	4	10	6	4	5	16	4	5	5	16	6	6	1	28	6	3	21	4	4	6	4	11	4	11	6	9	9	8	27	12	9	7	2	1	6	4	18	23	6	9	5	1	5	11	4	3	1	8	5	16	7	2	1	5	5	8	3	0	6	14	12	10	2	3	12	12	5	2	7	3	8	7	4	9	6	7	3	15	7	10	6	5	8	14	4	1	8	11	12	5	4	6	11	20	5	2	1	5	0	3	3	3	14	0	9	9	1	8	9	13	6	8	10	2	1	3	5	5	2	3	3	5	2	4	7	5	4	6	4
11	18	19	135	22	16	23	10	13	16	0	12	24	8	57	83	14	11	64	8	24	16	14	41	20	47	18	32	64	24	15	4	16	67	19	86	16	28	25	14	89	103	34	54	9	193	86	18	23	14	16	37	17	12	13	10	13	69	76	31	40	35	25	18	20	19	13	106	96	51	18	9	45	112	52	67	155	51	47	33	36	69	84	116	37	33	14	82	23	9	79	83	58	47	35	62	54	137	70	122	27	41	120	69	125	29	87	76	22	76	68	135	111	105	173	275	99	83	21	8	36	72	137	147	136	40	74	16	53	59	44	17	11	116	59	89	21	27	77	106	53	31	18	11	32	210	108	41	73	6	136	78	38	38	35	60	77	48	22	96	71	66	51	212	86	24	88	36	122	144	8	34	69	79	104	33	28	76	40	134	50	60	6	38	22	21	39	20	185	23	91	34	19	118	144	60	81	86	198	24	22	18	22	22	34	108	10	12	6	28	33	18	27	54	39
12	36	40	150	47	41	110	10	24	40	1951	52	48	63	72	130	20	45	236	20	34	19	28	50	26	66	32	38	93	23	36	33	25	91	52	133	21	434	39	30	96	158	48	135	21	582	167	200	61	24	891	45	30	44	25	19	19	104	170	93	62	44	90	36	42	33	58	166	156	76	34	44	1648	161	103	90	215	84	142	56	52	138	156	144	78	70	162	195	55	45	187	135	65	81	252	105	93	122	97	209	49	127	149	118	190	51	120	87	51	146	173	161	165	108	524	348	166	174	56	20	61	126	293	221	138	107	98	21	126	96	95	32	20	168	85	143	103	62	98	151	93	65	34	29	146	289	197	99	156	28	211	131	48	58	64	197	136	173	460	179	96	107	70	266	368	63	453	88	188	183	20	59	173	126	119	57	192	109	210	246	72	596	1171	109	56	41	61	48	316	54	155	63	80	152	205	209	249	134	456	31	41	25	21	42	33	167	15	28	33	46	147	57	579	1323	43
13	27	34	177	23	24	37	17	15	17	901	20	53	30	63	126	25	33	142	14	18	13	24	27	24	37	24	30	73	22	21	25	27	92	36	104	26	191	29	24	60	99	35	113	18	332	115	122	48	24	275	33	18	21	21	21	24	75	101	74	71	52	52	18	28	25	26	143	105	59	34	28	672	148	89	64	172	58	98	37	32	85	126	128	76	49	58	151	23	20	144	78	43	51	160	93	70	156	91	140	28	86	107	76	149	33	96	59	24	114	115	157	134	67	200	269	136	130	31	20	36	78	103	167	101	69	99	33	69	62	44	20	14	120	72	115	38	41	79	90	69	56	23	17	101	225	177	49	84	27	143	116	32	42	53	90	141	128	168	134	60	112	57	242	143	68	221	48	207	172	16	39	158	137	75	50	101	92	98	223	51	245	294	71	51	37	48	37	233	32	128	41	49	129	173	112	155	105	317	25	23	33	32	35	25	154	20	24	21	35	65	36	175	395	36
14	4	7	19	4	2	13	2	9	5	93	6	6	7	4	13	8	4	20	3	6	1	5	12	4	8	4	11	7	6	4	5	2	9	5	15	1	15	7	4	13	16	11	14	1	38	13	19	6	4	44	6	6	10	8	1	2	17	18	12	10	10	15	4	8	12	5	20	14	10	7	4	107	21	9	7	22	7	5	6	11	12	8	20	10	10	20	26	7	7	17	20	10	6	29	7	7	11	13	31	8	13	29	6	14	11	15	13	4	9	11	24	28	24	59	30	20	16	6	3	10	8	30	17	12	15	11	4	14	14	14	3	2	6	5	14	18	9	7	9	13	12	6	3	14	24	28	7	23	1	7	23	10	5	9	16	18	16	32	21	20	11	7	36	28	10	17	16	17	23	2	10	16	13	29	2	35	10	22	16	9	97	23	13	6	6	9	2	23	3	11	2	8	7	9	21	39	11	45	7	2	4	1	9	4	10	4	5	7	3	4	9	20	60	11
15	35	35	204	49	52	68	30	14	62	1148	32	75	60	100	179	43	41	209	17	30	12	18	46	42	99	39	43	93	42	37	33	34	121	55	171	27	270	48	36	118	179	65	123	29	523	203	178	88	26	458	76	39	32	27	30	22	121	161	111	118	66	89	48	52	42	51	197	198	116	43	49	1159	237	132	129	276	114	112	76	72	171	160	230	122	70	123	228	59	27	187	179	99	91	179	126	85	161	116	214	56	122	208	145	204	69	163	124	48	113	170	187	249	167	543	431	189	146	53	40	73	108	358	265	186	130	135	46	131	124	99	43	21	237	84	134	89	60	126	183	115	81	30	38	121	336	242	122	166	30	247	141	68	71	82	150	163	161	233	215	114	135	109	379	321	90	284	88	227	218	34	69	157	157	184	87	122	128	167	271	98	360	527	101	70	42	95	57	328	63	169	86	69	175	224	196	251	164	462	32	44	53	38	49	58	183	26	33	29	64	134	66	245	649	77
16	10	21	172	7	17	28	5	21	12	75	13	18	16	53	40	10	9	36	3	7	10	12	7	9	17	9	13	77	10	9	10	5	77	26	103	8	34	13	18	20	95	19	66	9	151	134	24	23	10	23	22	14	7	8	4	6	40	76	26	38	14	35	6	25	14	12	131	81	21	12	2	91	100	96	92	173	60	51	12	12	32	139	134	21	43	29	91	16	18	141	41	9	35	65	68	46	170	105	91	24	91	61	65	157	12	119	32	15	101	98	160	75	34	39	229	110	110	13	8	34	57	73	148	109	75	100	13	41	35	27	9	5	93	73	119	17	37	95	60	40	18	6	18	51	222	171	31	86	15	140	146	25	20	42	33	116	110	23	96	15	102	49	204	61	26	149	29	162	145	9	31	118	133	35	23	30	87	53	199	25	108	151	54	32	22	19	27	256	17	98	24	16	173	135	32	82	76	213	14	12	12	14	21	13	139	8	7	11	23	23	14	46	113	6
17	7	7	73	6	5	22	8	14	10	11	4	12	4	17	22	7	6	22	3	5	4	6	6	12	8	1	6	36	9	10	2	2	34	14	55	7	27	7	14	12	45	4	29	11	70	58	11	19	5	3	7	7	9	3	4	7	29	33	7	23	10	12	5	7	6	6	62	39	18	6	11	43	69	54	36	85	38	33	16	5	23	53	76	34	32	20	50	9	7	72	24	12	21	27	40	25	74	53	66	12	43	40	36	73	7	62	19	8	57	50	95	54	21	19	130	70	62	5	8	20	37	35	77	55	23	62	3	15	28	17	5	3	28	30	56	5	13	45	31	19	16	8	11	21	121	85	25	38	6	69	77	18	16	31	29	68	43	16	62	20	67	22	110	50	19	72	16	82	67	8	11	66	63	10	18	17	35	33	103	14	38	5	42	10	10	8	19	135	7	64	5	6	59	80	14	41	59	67	8	9	11	7	7	7	61	6	2	2	10	9	10	13	13	6
18	2	3	28	3	0	3	2	1	0	0	1	7	1	11	6	2	2	1	0	2	0	2	3	1	1	0	3	15	0	1	1	1	21	2	17	1	2	2	3	1	20	5	16	4	29	23	1	3	1	2	1	2	2	1	0	2	6	15	3	10	1	7	1	5	3	1	26	12	4	1	0	0	25	23	19	22	4	6	5	6	14	23	31	4	4	1	8	6	3	17	3	3	4	10	13	4	28	25	15	1	14	17	7	13	1	29	4	2	28	12	38	18	4	5	45	23	29	1	2	7	11	6	31	14	8	29	2	5	5	2	1	0	9	17	21	1	2	12	10	6	4	0	1	7	49	46	7	13	1	28	24	6	3	6	3	22	23	2	19	5	11	8	36	11	4	32	4	46	37	3	7	25	28	9	4	3	17	9	52	5	16	0	12	5	1	4	2	58	5	13	4	1	27	22	5	12	17	34	3	0	1	3	2	4	20	0	0	1	3	0	2	5	1	1
19	15	17	128	10	11	25	13	17	21	87	3	21	14	61	56	18	10	36	7	6	9	9	9	16	17	8	13	71	19	13	17	4	83	24	95	10	24	18	14	24	114	18	62	12	166	125	14	28	8	36	17	7	9	8	8	5	34	81	23	40	14	23	6	19	15	13	133	79	29	16	9	139	129	100	70	156	66	63	27	12	44	104	152	39	62	23	106	14	15	143	44	13	37	94	81	47	153	111	81	17	92	50	59	133	14	92	39	13	98	96	171	92	44	45	267	107	156	16	12	35	54	66	161	105	34	100	16	24	34	27	14	7	80	87	116	17	29	81	66	56	23	15	19	43	225	190	22	72	19	145	168	16	18	32	36	109	99	39	86	22	100	49	207	70	34	132	32	176	171	16	24	164	146	38	31	26	92	62	216	22	69	126	47	33	20	16	24	242	25	110	25	14	162	148	32	63	89	206	13	12	17	19	17	13	145	6	8	7	22	27	16	47	27	12
20	7	17	113	4	12	29	4	9	16	91	8	18	16	51	41	13	9	24	1	3	6	4	2	10	14	5	6	68	7	5	7	2	64	13	81	15	19	5	12	16	83	12	48	10	113	79	19	13	3	20	18	9	9	5	6	5	21	63	12	38	8	16	9	8	12	5	117	52	20	13	9	107	92	75	50	116	41	46	17	8	20	95	106	14	32	22	60	14	8	81	22	17	17	53	48	36	100	61	61	14	66	43	39	77	7	78	22	8	70	71	135	64	22	39	167	99	87	6	1	26	43	48	127	82	26	94	7	18	30	10	5	6	43	79	78	12	23	76	45	27	12	11	11	48	148	128	13	62	6	121	97	19	15	30	19	81	80	26	64	11	64	30	146	56	24	179	20	110	103	6	13	107	75	24	19	26	58	49	184	13	89	73	43	17	16	17	20	199	16	69	11	12	107	110	27	78	80	145	4	12	9	6	14	5	96	4	8	8	23	18	8	103	136	7
21	8	9	93	5	7	10	6	15	9	69	7	21	5	28	27	12	2	22	4	4	1	5	3	4	16	3	7	52	7	4	1	4	51	10	65	5	9	5	7	14	53	12	33	11	80	91	3	15	7	5	11	8	7	3	7	3	21	37	13	34	7	14	9	15	11	9	73	41	20	11	2	57	84	51	37	77	46	31	20	7	25	64	85	28	29	20	57	12	7	78	24	10	30	32	33	37	90	41	46	10	40	48	40	73	6	54	21	11	68	55	74	49	18	12	186	67	75	12	6	23	32	42	110	71	33	63	5	15	20	18	7	6	45	56	70	5	16	49	41	26	13	7	10	22	134	86	17	34	6	110	78	11	22	25	15	88	62	17	73	12	68	39	148	45	18	56	15	104	91	5	9	84	72	19	7	16	37	27	114	11	42	47	33	14	18	15	12	144	12	62	12	14	71	81	17	56	60	134	10	5	7	17	11	10	72	3	5	8	14	8	6	12	72	8
22	4	2	30	8	1	8	1	5	0	2	2	7	4	10	12	2	0	3	0	0	2	4	4	2	5	2	0	10	5	1	2	2	12	4	19	2	7	4	5	1	17	5	10	2	22	13	1	8	1	0	3	3	2	3	1	1	11	9	8	8	5	5	3	4	4	3	24	10	7	2	4	7	18	22	10	20	8	15	3	6	11	20	25	4	6	16	16	3	2	28	5	4	9	6	8	12	25	19	16	3	9	20	13	22	4	14	2	4	27	14	20	19	5	21	32	24	19	1	2	6	12	5	40	12	13	16	3	6	6	12	3	1	10	13	20	2	6	14	8	7	3	2	7	6	41	33	4	10	3	19	16	2	7	4	4	36	19	9	20	5	15	6	22	6	8	21	2	28	23	0	4	32	14	10	10	3	24	10	59	6	27	7	8	2	2	6	5	53	5	18	7	3	17	24	5	13	15	24	2	8	4	2	6	2	13	1	1	3	6	4	2	8	0	3
23	20	15	163	9	14	28	8	13	19	103	8	23	22	56	45	15	10	51	1	6	6	9	7	12	23	3	13	75	11	4	14	2	76	22	93	8	57	12	13	14	108	17	63	9	188	112	21	28	16	79	15	7	7	4	7	11	33	69	22	44	18	26	9	17	13	6	145	84	29	12	7	283	126	94	77	151	61	72	20	14	39	98	148	18	48	37	118	20	15	129	22	21	39	81	85	55	164	104	77	22	66	50	50	136	9	111	29	13	108	107	170	89	38	38	237	107	122	14	9	44	63	67	152	102	51	113	12	26	36	14	10	10	90	95	106	9	36	80	69	35	20	13	13	47	222	176	18	86	24	150	166	16	31	40	45	125	118	49	94	26	105	63	188	57	41	172	24	177	133	12	30	135	126	34	22	39	85	82	226	13	161	155	50	20	27	11	35	287	24	97	24	22	172	143	40	77	121	194	21	12	18	13	20	14	116	10	14	14	16	27	11	140	25	12
24	6	6	103	7	9	8	4	6	8	26	1	5	7	32	16	12	3	16	1	5	5	4	3	6	9	4	6	37	3	6	5	1	39	9	58	2	17	6	6	9	42	9	15	4	75	50	7	11	3	15	14	5	3	4	4	2	14	39	7	18	6	10	7	7	10	10	46	39	8	11	2	94	65	50	36	75	24	19	15	7	15	66	70	15	14	12	40	5	7	66	13	7	12	34	34	23	83	47	33	4	48	36	25	50	4	52	11	10	53	68	93	44	15	8	120	42	49	5	8	19	37	40	97	65	18	66	6	17	11	12	7	1	47	40	74	5	12	34	49	20	10	6	3	15	105	82	5	37	8	59	72	11	13	24	21	71	56	11	55	8	51	27	75	32	17	61	11	94	70	1	10	99	68	22	13	12	34	18	111	10	67	2	25	9	12	7	17	152	10	38	8	8	61	83	12	30	53	94	4	5	6	6	4	5	48	3	3	1	10	5	1	28	28	3
25	2	10	63	6	11	9	3	2	17	51	3	6	8	27	19	6	7	7	2	6	2	3	2	6	10	5	3	47	2	8	5	3	28	10	42	6	56	4	4	8	44	12	24	7	59	55	4	8	4	3	6	7	6	1	1	6	10	38	3	26	9	17	6	8	13	6	55	31	9	11	1	4	56	24	25	53	27	20	11	7	11	43	67	22	16	14	43	6	8	56	16	5	23	19	40	22	88	40	31	6	40	26	24	68	5	46	14	11	50	60	73	33	13	12	97	36	56	4	8	23	21	19	70	51	22	37	1	10	11	10	4	2	38	40	33	1	11	48	32	26	14	5	9	32	77	77	14	45	5	66	60	19	13	22	14	59	39	9	42	11	43	14	70	20	19	58	19	68	66	6	11	47	44	17	10	21	38	20	82	11	36	23	33	11	12	6	12	141	10	42	12	9	62	69	18	35	29	65	6	3	14	11	11	8	42	6	1	6	13	11	5	15	19	3
26	1	1	7	0	0	1	0	1	2	0	0	1	1	3	1	0	0	3	1	0	0	0	1	1	0	0	0	5	2	1	1	2	1	1	7	0	0	1	1	1	7	3	2	1	7	7	3	0	1	0	1	2	0	0	0	0	2	4	0	3	0	1	2	2	1	1	8	0	2	2	0	0	9	3	9	13	2	4	0	0	1	8	11	0	2	5	6	0	2	7	1	2	3	4	5	1	19	13	4	0	4	2	3	10	0	7	1	1	9	4	8	3	0	2	9	8	4	0	0	8	2	2	9	2	2	5	1	2	4	0	0	0	7	2	5	2	5	5	5	4	0	1	0	1	15	11	0	1	0	7	16	3	1	3	3	5	7	1	5	1	4	4	16	4	1	10	1	13	12	1	0	9	10	1	2	1	5	3	14	1	8	0	6	0	2	1	0	15	1	7	1	0	15	13	2	3	8	5	0	2	0	0	0	0	7	1	0	1	1	0	0	1	0	0
27	8	16	120	4	8	15	4	10	19	115	5	7	8	29	32	11	6	34	6	2	2	6	4	9	13	5	9	47	6	5	3	7	42	16	69	8	33	8	12	13	64	12	46	4	138	72	6	18	1	20	11	5	4	3	6	2	19	54	9	37	7	12	8	9	6	4	90	55	14	11	4	135	98	59	58	94	52	51	20	6	20	75	117	25	41	32	57	17	12	74	22	6	26	42	60	28	120	92	59	15	58	39	40	99	4	81	16	6	86	84	105	58	19	18	176	77	78	8	4	29	46	57	109	81	28	105	5	15	15	4	13	1	70	58	80	13	20	71	51	34	19	4	10	42	152	102	14	59	9	112	121	10	19	37	21	85	79	32	79	9	70	39	146	65	23	118	23	123	109	4	24	105	101	14	11	16	66	33	161	14	72	115	41	11	14	16	24	224	14	71	14	7	123	99	22	57	84	107	9	9	10	16	12	6	90	9	6	2	13	13	17	8	59	6
28	15	22	202	9	65	315	6	5	40	7398	148	44	206	56	171	12	142	894	10	11	9	7	15	4	25	17	24	191	22	20	59	7	112	27	168	8	2118	29	28	51	136	31	348	28	2212	287	933	161	14	4163	91	23	10	5	29	15	105	426	71	71	127	339	91	23	36	40	303	130	111	65	42	9500	135	263	156	243	181	559	41	22	240	329	187	128	208	804	490	55	140	446	81	51	130	1293	162	121	240	178	140	41	365	73	52	392	14	116	70	12	248	506	321	247	21	2016	337	251	680	16	14	62	290	500	466	110	162	100	22	146	88	62	19	5	152	131	269	352	67	87	141	68	54	21	20	451	287	798	39	275	14	246	165	36	71	158	322	252	563	2108	150	76	251	101	316	869	89	1545	102	334	155	17	50	564	265	76	43	905	225	1026	548	49	2414	4862	204	119	59	27	44	637	95	205	52	129	408	351	900	848	155	1478	8	26	19	21	47	20	240	13	13	59	33	444	40	2835	5805	19
29	15	17	171	9	14	86	8	9	15	1526	33	22	39	39	56	19	38	209	3	9	7	8	6	9	34	12	10	113	3	5	13	7	64	18	113	9	320	16	14	22	68	22	112	11	535	128	199	44	7	501	23	11	12	3	6	9	34	150	15	31	39	113	23	11	18	4	129	62	35	30	10	1895	102	126	84	162	88	134	17	16	56	133	125	42	97	154	181	25	49	233	37	18	42	395	68	52	173	100	97	14	137	57	42	157	10	116	24	14	110	199	185	107	30	407	196	97	230	10	9	54	83	115	167	89	79	96	7	51	44	27	14	3	79	97	141	102	29	73	73	59	32	15	9	114	198	322	25	116	14	121	152	35	41	62	103	148	172	528	103	34	143	65	166	197	44	381	31	171	112	17	28	216	118	54	22	161	107	237	305	23	627	1382	96	39	31	10	27	324	41	105	23	23	216	179	172	176	120	420	11	12	9	14	21	8	136	6	8	20	23	128	13	600	1220	11
30	3	1	23	1	0	12	0	2	3	164	5	1	4	8	16	3	5	16	0	1	1	2	0	2	1	2	0	20	0	2	2	0	7	3	13	1	97	0	1	1	11	2	28	3	114	15	46	9	1	164	3	3	1	1	1	1	1	22	2	3	4	15	2	5	2	1	20	5	4	4	2	511	12	11	9	20	9	24	2	1	12	10	13	6	2	26	28	2	2	20	5	4	6	21	6	3	10	6	16	0	13	5	1	25	1	16	6	3	18	39	24	14	6	41	31	17	30	0	0	4	9	13	34	8	5	8	2	14	14	9	4	0	6	9	31	11	3	9	12	10	4	2	1	9	20	29	4	20	2	19	22	5	3	9	12	14	22	96	9	4	14	7	25	33	1	45	8	14	11	2	3	36	21	12	5	30	14	45	45	1	89	96	15	8	2	1	3	42	2	12	1	6	36	29	41	37	7	80	1	3	3	5	4	2	10	2	1	2	1	21	3	71	229	1
31	25	52	306	24	78	427	12	26	52	9794	214	55	284	138	208	26	198	1088	18	8	18	20	17	12	59	26	57	243	37	36	105	16	146	49	288	18	2195	51	51	68	190	33	560	29	3238	419	1186	194	27	5596	140	43	29	13	33	25	136	498	139	132	148	404	107	35	47	53	442	182	153	87	70	13323	260	377	256	389	254	760	68	42	253	440	320	186	276	1002	651	66	159	664	113	53	226	1610	209	175	397	244	203	50	512	131	97	528	30	205	86	45	367	709	470	322	59	2605	493	362	842	21	24	118	352	579	689	197	209	184	33	216	130	73	29	14	237	225	358	476	113	147	239	158	77	30	25	566	483	1084	73	394	22	312	309	57	94	186	412	357	851	2719	200	92	352	146	440	1044	101	2007	137	460	293	23	80	814	332	114	62	1008	275	1323	839	73	2988	6692	306	218	79	39	68	962	118	331	109	228	600	469	1368	1143	253	1749	26	39	30	37	75	42	310	30	32	98	49	569	59	3452	7094	27
32	45	56	185	40	40	52	32	42	39	252	24	45	30	61	103	33	39	82	25	29	23	19	34	31	47	38	45	110	45	45	25	20	95	42	129	40	81	45	26	58	131	82	81	41	175	128	74	66	24	360	43	43	39	46	25	33	88	104	98	97	53	64	28	55	47	62	167	114	92	56	38	286	162	77	92	195	86	86	68	40	102	103	163	105	81	75	177	35	26	141	102	53	77	95	91	96	189	84	184	62	84	124	108	157	44	142	65	54	121	133	168	171	80	115	321	150	98	39	39	81	83	232	225	124	115	134	56	62	67	73	28	23	180	104	115	24	47	79	131	91	85	37	31	91	265	140	67	101	42	189	125	70	53	66	129	155	157	104	171	49	119	65	222	210	68	136	103	176	173	32	68	135	150	70	66	90	93	147	207	54	172	159	108	81	46	40	72	233	36	120	55	54	156	146	81	152	121	261	44	21	50	43	52	32	152	23	32	31	49	45	61	106	319	43
33	29	32	95	30	21	32	25	15	25	175	9	31	22	47	62	20	28	30	26	12	26	19	19	14	51	26	22	41	25	11	37	11	51	35	94	19	31	30	22	28	59	31	50	22	80	76	40	30	35	339	32	33	17	22	12	13	87	47	63	63	29	48	19	63	17	29	122	55	39	31	26	21	77	52	76	124	39	63	49	15	54	54	93	58	51	29	115	16	24	75	50	29	37	51	61	46	69	73	100	35	62	95	61	60	24	71	29	17	91	87	88	107	46	69	166	85	72	30	18	57	35	108	97	58	70	62	46	53	51	32	28	9	95	51	61	13	37	49	66	51	64	30	28	61	109	114	51	53	18	82	72	42	29	36	61	67	96	45	72	28	62	43	151	90	39	114	54	117	87	29	33	69	92	47	32	38	78	77	115	29	81	65	58	47	21	19	43	173	27	90	46	52	106	78	37	115	64	155	56	17	20	31	29	40	127	9	15	22	31	27	34	31	69	27
34	92	184	204	107	155	135	103	87	148	98	63	216	76	108	371	100	147	91	78	137	91	114	139	116	158	113	145	108	166	182	133	90	180	179	159	136	82	142	117	138	162	169	104	144	130	128	79	118	92	76	110	180	111	99	99	125	153	119	271	195	182	146	103	128	120	104	147	162	227	177	116	63	140	125	68	188	79	85	194	129	228	81	186	272	127	122	361	93	69	139	180	156	96	50	255	175	168	119	345	128	108	461	168	151	197	252	129	163	115	154	146	308	240	448	197	187	124	125	110	253	84	237	289	89	231	107	139	170	144	238	162	101	216	136	154	59	135	164	184	274	409	146	112	214	254	155	175	104	169	191	158	181	279	139	267	139	300	245	185	122	113	131	188	487	150	103	302	134	161	183	235	158	150	148	182	221	107	170	200	144	212	162	238	294	107	145	139	174	99	190	136	215	189	132	255	383	136	143	113	81	95	94	156	132	182	69	111	85	148	183	268	131	80	132
35	36	35	150	28	41	33	18	19	27	114	19	49	14	83	79	26	29	62	20	13	13	20	35	20	39	16	37	84	43	25	35	20	82	40	109	21	39	34	29	50	117	45	74	17	138	153	45	44	28	31	31	32	26	25	19	15	84	113	69	76	35	51	27	35	31	23	149	90	63	25	23	261	158	64	98	191	65	83	48	23	67	108	154	83	53	44	122	25	24	136	76	32	57	63	79	73	120	82	130	40	69	111	88	138	25	106	53	29	100	111	146	111	66	63	362	141	96	31	22	42	62	162	159	131	102	95	40	51	55	53	27	13	147	86	108	18	46	91	105	61	42	33	30	77	230	130	57	100	20	154	116	44	38	41	95	120	124	54	158	35	111	63	198	170	60	140	73	138	152	21	52	105	129	62	48	43	76	81	199	33	93	29	72	47	25	37	50	249	41	117	50	39	145	140	39	128	124	231	33	27	24	33	34	26	159	16	31	24	29	36	50	50	120	22
36	42	43	145	31	43	45	36	33	36	668	22	37	34	51	85	22	31	97	24	20	27	37	32	31	34	23	34	83	50	25	41	30	84	44	93	18	122	23	39	28	88	58	87	32	213	108	81	41	26	360	44	30	38	17	16	23	74	87	93	88	47	60	16	65	46	38	113	91	56	46	43	705	118	87	75	167	55	72	56	28	92	96	116	74	61	67	135	37	25	99	86	21	48	85	87	62	149	70	181	40	65	120	89	82	49	124	50	43	85	127	131	121	67	195	168	98	104	34	30	90	64	291	184	77	74	108	46	64	64	65	30	21	66	73	115	42	48	80	118	97	61	32	41	84	166	161	60	81	29	113	120	81	50	48	101	123	119	113	103	43	75	53	146	163	50	150	64	158	104	40	42	129	115	69	59	117	79	165	221	57	166	172	87	69	30	35	52	223	38	111	45	78	144	114	114	161	100	199	30	36	22	30	44	43	109	21	19	27	34	63	54	126	311	30
37	31	50	99	37	37	25	21	38	34	99	16	45	21	54	53	23	24	29	25	22	31	20	18	19	50	34	61	69	33	21	34	15	58	38	84	33	36	34	22	30	69	51	41	19	70	87	22	39	34	130	58	37	30	37	17	10	86	65	82	73	52	72	25	51	35	40	133	65	47	68	46	163	117	65	58	163	49	73	41	44	84	67	126	66	61	55	127	31	22	75	65	30	41	63	60	55	71	48	133	48	45	86	54	83	37	80	35	24	83	73	109	108	49	100	129	103	70	31	28	46	46	91	151	52	83	65	56	39	53	41	23	16	90	95	81	18	30	56	83	76	82	19	45	63	154	107	69	45	32	119	83	56	41	39	94	70	103	97	84	40	78	40	123	121	54	132	71	114	80	51	48	91	86	64	32	41	117	101	101	34	80	37	81	43	30	23	42	193	40	80	54	75	113	84	61	97	58	154	33	17	25	39	39	48	160	8	19	28	26	43	36	39	226	37
38	52	90	90	72	80	69	52	49	86	173	36	128	57	63	228	44	63	94	45	84	33	50	94	60	113	84	69	57	101	82	74	65	126	113	77	83	56	89	56	76	86	101	45	84	71	75	57	62	43	143	50	80	54	64	49	59	107	83	169	131	142	68	64	78	64	60	73	84	136	114	59	248	73	64	48	121	62	47	106	87	154	34	111	152	86	127	189	47	34	89	109	102	59	47	172	99	97	73	271	83	69	277	98	89	111	184	66	88	77	94	110	173	147	233	107	95	76	69	59	124	48	205	158	44	148	88	82	91	85	148	72	49	155	80	97	45	97	70	105	171	274	95	42	135	142	73	134	60	86	101	111	111	136	120	164	86	167	121	85	76	60	84	95	262	94	69	180	104	101	106	137	91	105	91	109	133	85	131	137	61	165	138	147	143	73	80	95	121	75	100	91	157	106	81	161	293	64	106	73	42	46	62	95	73	109	43	47	47	75	91	160	58	150	79
39	43	40	165	29	43	51	22	29	40	127	24	67	31	88	102	30	38	74	20	31	27	26	27	29	70	30	43	85	39	41	36	23	89	44	142	29	61	46	31	59	110	46	87	30	209	126	35	48	26	227	39	36	34	22	27	23	108	107	88	102	62	85	25	59	43	45	169	104	66	40	55	212	141	89	112	212	65	96	57	38	65	130	164	80	84	65	167	34	30	151	74	51	77	88	108	64	112	118	158	32	67	119	121	143	48	104	55	43	110	123	161	156	42	216	332	157	116	34	28	75	66	260	231	95	94	122	52	65	63	62	46	19	159	100	128	29	54	99	141	67	68	24	35	101	264	148	74	94	40	181	126	59	54	64	98	140	143	80	137	45	120	70	259	196	79	183	76	174	190	43	54	138	137	71	58	66	92	119	216	49	148	89	90	57	30	39	60	285	47	156	56	93	155	150	91	195	126	283	41	22	33	34	50	31	159	18	40	31	53	48	53	103	186	39
40	28	38	122	22	41	45	33	31	33	146	22	39	28	40	73	24	24	59	11	26	25	22	35	28	39	35	28	70	33	33	24	14	68	52	114	29	98	38	34	33	89	39	59	25	185	106	50	33	23	119	33	28	35	16	21	23	79	86	70	58	58	50	16	49	30	40	107	91	49	42	34	208	94	76	52	107	63	78	65	29	70	83	114	62	60	61	117	29	21	96	57	42	45	43	95	70	146	74	134	36	86	101	79	101	46	112	47	29	121	81	128	119	54	76	163	102	80	34	21	71	47	102	199	72	80	84	36	39	48	57	25	27	65	65	98	19	43	67	66	66	91	23	38	74	153	133	34	70	34	105	128	43	44	79	96	114	117	96	74	38	77	55	163	114	68	156	62	132	104	35	29	126	102	38	33	52	119	139	172	43	143	121	100	57	33	24	48	223	46	79	46	74	125	127	82	118	88	157	35	18	28	31	55	28	107	15	21	21	32	58	49	50	289	21
41	38	53	89	24	30	41	30	24	32	225	13	43	26	41	69	20	36	54	14	26	17	33	32	26	51	19	56	62	40	40	29	12	65	70	76	25	50	39	39	29	53	35	39	24	69	75	21	32	28	97	40	39	46	20	29	24	101	59	75	66	64	71	18	54	34	37	91	63	62	59	45	132	96	65	53	124	35	76	47	37	70	55	75	63	55	26	118	21	35	65	64	48	47	32	105	47	75	42	129	44	66	123	64	61	31	81	45	27	60	73	112	105	54	141	139	104	72	24	23	84	45	44	143	43	86	71	50	61	61	66	20	23	67	76	82	18	36	52	46	58	73	39	31	96	120	88	69	56	40	95	83	64	50	57	74	82	131	51	87	29	75	41	89	119	44	124	68	92	74	50	47	86	88	76	36	48	76	88	124	35	126	109	76	70	27	55	42	154	42	72	50	81	85	73	58	107	59	136	33	22	17	36	37	49	126	11	31	16	25	36	47	58	140	37
42	59	112	101	58	92	84	60	39	77	5	34	110	54	64	241	52	86	52	46	69	48	55	106	67	105	80	73	74	83	111	89	56	82	91	77	68	48	86	74	82	106	86	64	84	125	69	45	76	66	15	63	114	73	47	60	60	102	77	174	124	129	89	50	96	73	51	90	87	133	146	73	151	80	51	42	109	57	56	133	70	171	39	100	176	102	84	245	37	31	83	132	114	55	56	195	76	91	77	246	91	56	300	96	103	127	166	95	98	80	113	105	191	167	287	125	79	67	62	57	135	43	201	176	66	179	68	91	107	86	179	87	54	133	78	89	43	85	100	99	180	278	100	66	180	148	103	131	76	93	128	83	93	171	98	179	98	193	131	104	72	76	89	98	278	99	70	212	89	85	106	165	87	99	103	117	141	82	140	109	104	127	237	128	153	68	88	87	125	55	102	80	111	110	70	165	246	77	101	58	53	56	59	108	74	101	42	63	59	97	94	179	159	123	85
43	26	33	82	23	28	18	18	21	20	179	13	30	15	58	57	23	17	50	16	19	18	30	26	20	35	21	33	72	28	23	30	11	55	59	106	24	29	35	28	25	72	43	47	27	106	94	20	27	29	166	36	30	28	19	22	17	70	80	58	73	52	44	22	41	28	29	97	63	41	43	37	190	94	46	50	133	41	51	47	22	68	65	129	46	51	46	138	30	15	79	60	28	41	60	74	50	104	59	153	42	56	84	69	75	35	102	44	29	70	94	94	112	48	91	159	86	75	41	27	51	44	79	145	59	63	59	35	38	45	59	26	17	75	71	84	18	30	51	78	49	61	31	24	78	151	119	43	53	31	93	96	56	48	39	88	86	103	74	92	27	100	48	147	148	57	116	50	97	91	35	43	88	91	70	38	47	64	77	109	29	110	125	69	45	30	40	42	185	38	103	43	34	125	89	55	114	77	140	42	21	30	32	29	28	92	15	19	24	27	34	39	54	126	26
44	35	81	145	65	201	464	32	43	93	15136	388	100	599	94	159	46	129	1434	32	33	15	73	32	38	79	66	156	224	178	61	207	36	95	152	206	46	2576	102	73	106	194	90	583	49	3500	303	2006	288	122	11941	336	57	45	31	137	60	261	532	646	112	198	269	126	78	55	286	356	238	214	80	428	16935	427	176	268	357	224	680	97	86	452	339	203	419	232	1491	505	87	168	397	98	73	252	1606	166	134	152	137	321	96	275	173	80	243	54	152	72	59	200	448	334	287	122	5211	290	313	383	57	54	140	203	1822	522	89	148	97	91	223	124	174	60	22	182	189	251	687	102	104	290	245	107	58	30	573	289	513	178	623	18	321	162	102	130	111	790	184	597	2619	243	121	233	109	233	1703	121	1757	246	199	168	71	128	554	215	159	85	1249	229	2231	395	70	3293	6711	223	375	79	60	66	566	255	240	258	812	425	244	1567	1945	121	2326	48	57	59	62	71	137	301	81	85	80	44	657	195	2843	12789	67
45	47	58	148	46	76	98	31	27	40	3081	73	47	197	64	90	31	52	388	21	16	19	29	30	21	58	36	80	110	64	40	60	19	95	93	135	19	481	60	35	42	94	60	152	31	708	146	426	90	49	2249	107	46	43	31	57	25	147	175	175	109	91	107	39	55	38	83	185	126	79	78	113	3444	209	112	136	208	74	200	73	44	162	135	142	122	115	282	199	44	54	189	72	42	106	319	101	86	114	92	193	55	109	126	85	126	50	101	56	37	125	186	175	175	69	1045	238	179	156	54	26	88	70	464	229	79	128	85	70	73	73	67	37	33	117	103	126	142	64	84	131	112	80	27	32	183	217	182	109	160	36	174	131	66	57	62	225	124	212	588	123	73	149	60	177	419	81	482	131	156	112	43	49	221	135	94	47	250	149	503	247	38	755	1368	118	136	33	43	64	320	92	129	95	188	172	150	374	440	89	567	55	31	21	46	61	80	196	25	31	23	30	170	98	485	2337	45
46	44	75	91	65	107	112	51	48	75	1999	75	84	92	56	164	41	74	167	34	53	22	55	59	57	75	54	72	69	81	88	74	59	82	80	92	62	337	82	44	57	82	79	77	75	361	75	183	73	53	1107	72	89	57	31	53	62	106	99	215	88	92	70	57	71	74	66	82	100	115	75	85	1500	110	42	61	100	57	103	78	59	159	55	107	177	99	174	194	57	41	81	76	89	63	177	156	80	69	50	187	69	64	202	77	68	84	123	56	78	63	72	87	158	139	613	84	73	92	58	73	114	58	377	168	46	107	61	67	89	69	128	63	51	105	75	82	122	59	61	111	166	204	67	58	143	116	93	92	103	73	96	79	82	129	75	204	84	196	358	80	85	63	64	80	367	68	189	166	57	80	90	89	117	74	101	97	160	81	425	117	74	378	732	123	157	62	41	69	116	65	90	100	171	109	52	309	347	40	239	44	43	49	59	83	67	96	47	47	47	52	131	119	312	1717	79
47	40	71	133	45	115	251	33	42	58	8529	198	87	357	74	108	26	57	854	34	24	37	36	31	35	74	46	98	123	119	45	126	27	83	120	176	44	1287	63	42	73	145	58	283	32	1936	243	1145	126	91	5876	148	47	42	29	97	34	219	266	416	94	123	125	69	67	40	160	262	134	135	69	226	9465	310	122	170	261	111	325	64	61	254	233	173	239	160	766	317	52	98	245	72	67	174	751	120	90	113	116	194	56	146	137	89	162	38	135	66	57	130	312	224	217	78	2668	266	169	180	49	55	90	135	1139	322	101	137	105	94	132	92	108	53	26	168	111	169	365	62	89	193	130	97	35	26	263	249	276	145	422	30	232	126	63	80	75	518	131	312	1168	177	66	140	87	187	873	96	1019	132	169	118	56	71	319	156	114	66	577	144	1287	272	40	1277	3712	160	241	42	46	76	395	138	173	203	460	269	160	843	1026	111	1284	47	41	45	42	60	113	228	49	90	59	50	230	137	1270	6102	47
48	18	14	93	10	11	14	14	14	11	59	8	24	9	32	30	12	10	41	6	11	6	7	9	16	20	11	13	44	12	13	10	13	53	16	66	12	50	16	15	37	59	15	38	16	131	68	11	16	15	15	20	10	7	8	13	7	30	59	28	38	16	38	13	14	17	7	77	61	26	13	14	13	74	39	47	110	36	22	26	14	29	62	76	26	24	17	89	15	9	72	48	23	37	33	35	32	80	40	68	17	33	64	63	85	10	55	16	27	62	49	83	55	33	45	194	89	74	16	9	27	39	118	102	64	42	60	10	25	31	24	16	8	100	42	62	11	28	54	87	30	33	14	15	34	141	77	28	37	24	86	79	19	32	22	45	60	58	16	73	20	50	32	128	85	31	80	27	93	94	14	12	56	52	28	30	18	47	33	108	20	86	26	45	17	22	20	18	128	13	65	23	18	84	87	29	64	81	130	18	18	12	8	26	19	76	10	8	6	16	25	14	25	42	16
49	16	15	83	10	13	9	4	7	9	12	4	14	5	30	16	18	9	33	7	6	8	5	13	11	16	12	14	32	13	7	7	4	50	18	45	11	13	18	14	20	57	18	39	4	96	51	12	17	4	2	9	10	11	11	4	6	41	48	14	27	15	20	6	10	12	10	79	54	25	13	12	15	79	38	37	105	18	25	15	7	24	43	69	20	16	9	65	15	14	62	28	13	18	21	26	26	59	39	57	17	32	46	51	75	12	61	28	8	52	43	68	43	26	20	155	56	68	12	7	21	34	108	100	64	26	55	13	25	19	17	6	8	68	31	59	9	23	39	51	28	20	6	11	25	118	61	20	54	8	87	45	17	14	11	33	80	49	39	76	11	39	14	113	66	23	61	24	48	95	4	13	50	70	17	20	18	31	23	94	14	63	5	34	16	12	17	22	113	18	64	18	14	69	74	14	39	76	131	11	11	15	16	17	9	74	7	11	7	11	12	15	24	15	7
50	11	9	89	13	14	16	9	13	17	17	6	17	8	41	43	12	12	36	8	10	8	9	14	15	18	7	15	42	14	11	5	8	43	24	67	8	18	15	14	32	82	14	45	9	91	63	10	14	16	28	14	17	17	6	4	13	32	52	18	30	14	21	10	34	21	14	69	57	22	15	11	5	75	40	36	95	33	37	22	9	31	64	93	26	28	9	69	14	14	56	47	29	30	27	41	37	60	39	75	22	30	58	44	79	12	61	30	15	53	64	89	66	29	45	161	69	46	18	7	23	29	83	102	90	34	43	12	35	29	31	12	7	95	39	45	12	18	52	63	28	11	15	16	28	168	62	27	63	10	85	50	27	27	17	50	55	40	10	78	18	60	29	139	61	27	44	22	77	89	13	19	52	73	23	27	29	39	32	83	31	50	1	33	15	15	21	16	102	11	63	16	21	66	62	19	55	69	145	10	10	19	17	15	14	66	7	6	14	16	20	21	20	24	11
51	28	23	124	25	24	20	19	20	20	89	5	40	6	49	62	12	16	64	20	16	9	17	18	21	32	8	24	42	22	21	14	14	58	21	85	19	13	22	24	59	92	24	46	13	145	110	25	22	12	9	19	23	17	19	16	14	55	94	48	70	28	32	21	34	26	23	92	91	44	25	21	17	117	48	55	146	49	48	42	18	64	83	123	44	28	13	99	19	14	92	53	42	55	39	64	44	76	83	74	37	47	83	79	121	24	73	46	31	103	88	106	77	57	55	219	97	73	19	15	44	55	202	121	117	50	71	22	35	39	50	15	9	159	47	68	18	30	80	108	49	34	20	7	43	193	92	48	89	19	112	79	38	33	25	73	73	52	25	111	21	78	60	192	123	36	81	40	132	130	17	34	74	79	37	29	30	54	45	149	26	94	21	54	22	18	25	31	161	15	87	34	33	86	96	50	87	84	222	20	32	29	26	25	18	109	13	14	8	35	24	26	27	50	38
52	9	8	82	3	10	20	6	6	13	0	6	12	3	31	20	10	7	31	4	6	4	6	1	10	17	5	14	38	9	11	10	3	29	10	51	10	10	10	5	25	53	11	34	7	81	65	3	7	8	4	14	6	4	7	7	5	31	47	20	31	10	14	6	11	21	12	59	53	25	5	5	158	85	43	40	79	35	27	16	10	17	66	83	26	14	12	58	10	10	51	24	11	28	11	24	23	46	38	43	12	36	35	46	66	5	41	15	12	48	41	69	49	20	25	170	76	56	9	5	17	30	83	84	51	27	51	8	20	15	22	12	9	74	37	65	7	19	47	43	17	11	7	7	21	123	61	13	44	11	66	61	15	10	7	37	49	44	14	63	11	35	22	107	49	15	49	14	84	78	3	18	56	51	15	11	14	31	13	93	14	61	2	19	15	12	17	17	96	12	53	14	8	57	56	19	46	55	123	9	10	13	13	13	5	74	1	7	9	16	6	8	12	16	3
53	13	22	132	12	8	18	8	12	25	9	5	29	4	48	59	12	8	52	4	10	9	10	15	14	19	7	16	61	8	11	13	5	57	17	69	12	4	15	11	38	93	17	43	10	110	109	7	31	10	10	11	5	15	16	9	7	37	43	25	38	17	30	8	20	16	20	88	71	29	7	5	2	119	59	52	134	42	55	22	12	41	72	112	26	46	19	75	17	19	84	39	19	38	42	57	43	108	80	62	21	52	52	61	108	10	80	29	20	73	76	117	61	46	24	229	99	61	14	11	34	50	288	126	91	47	72	6	25	27	23	9	11	88	65	74	13	32	76	102	26	13	14	11	17	185	97	38	55	14	129	75	15	15	33	50	107	67	16	109	20	78	57	177	76	27	93	27	98	116	10	22	71	89	22	19	24	53	49	128	23	87	7	48	19	20	16	20	182	13	106	19	26	96	119	26	68	94	191	7	15	23	17	20	11	101	9	10	13	21	28	13	22	43	13
54	14	11	115	9	15	9	8	16	15	0	10	22	13	33	52	15	9	28	10	11	12	12	8	16	21	5	16	68	13	9	11	12	59	27	73	15	13	20	19	43	70	17	48	8	146	98	12	25	13	8	13	17	12	10	5	13	41	61	28	38	25	31	4	18	21	13	89	57	33	13	14	5	96	51	61	130	50	36	32	16	40	85	96	39	42	16	82	17	13	75	28	17	44	29	57	44	87	74	78	20	56	57	75	85	22	66	30	21	62	58	98	66	44	50	272	107	70	18	4	25	47	130	124	92	34	67	12	24	23	31	15	12	108	47	93	12	27	70	81	28	22	25	19	25	176	78	25	61	7	114	59	16	27	24	56	78	58	12	110	16	67	51	185	76	28	86	27	97	124	15	17	78	96	32	20	24	51	29	141	17	68	1	43	26	22	24	11	151	16	76	16	22	93	108	22	58	88	153	16	13	17	23	25	12	92	9	14	10	17	22	25	23	22	18
55	14	11	188	14	20	19	13	10	16	4	10	34	10	60	68	16	14	56	9	19	10	5	18	16	23	11	18	94	20	19	14	10	100	21	85	13	23	15	12	65	118	31	52	11	197	122	28	30	11	15	27	19	20	20	13	11	33	94	49	57	16	29	15	19	16	17	139	104	21	24	12	168	141	74	73	170	62	61	27	14	45	120	186	53	31	9	119	22	9	90	45	20	56	57	58	54	127	82	92	22	77	94	101	164	19	89	38	21	93	111	147	85	49	40	367	121	93	19	16	28	75	455	129	178	61	114	25	37	37	33	15	13	180	56	91	8	21	97	197	29	27	19	17	34	271	134	36	95	17	156	99	29	22	30	69	98	70	20	133	18	113	61	213	91	45	119	35	185	163	17	33	94	111	32	23	25	79	50	159	32	82	1	45	26	24	36	61	277	13	135	28	23	131	135	36	86	101	248	27	19	18	16	33	8	136	9	12	10	36	26	22	23	14	13
56	7	4	50	10	2	10	6	10	7	0	5	9	6	15	26	5	3	17	4	6	2	7	9	7	6	2	3	14	4	5	6	1	23	12	33	8	5	6	7	10	37	11	28	1	57	39	4	5	5	4	5	2	5	9	6	4	21	25	10	15	8	5	5	16	1	11	43	43	11	10	3	15	36	18	20	56	18	15	10	11	14	28	42	19	15	4	35	9	2	36	13	6	13	18	23	15	42	26	23	10	23	28	20	47	5	26	27	6	29	39	54	28	21	13	104	43	35	12	2	16	21	59	63	35	26	30	7	17	14	8	4	1	41	18	25	7	14	31	29	20	12	8	8	18	65	50	11	25	9	53	32	8	10	10	22	34	27	5	43	9	47	22	75	51	10	44	10	43	60	2	9	34	42	11	15	5	21	13	37	9	28	0	8	11	4	8	3	67	9	31	11	5	41	34	10	24	33	71	10	2	9	5	9	4	32	5	2	3	18	9	3	10	5	6
57	6	8	60	5	6	9	6	7	7	8	5	9	3	20	19	9	4	15	4	2	5	9	5	2	7	5	9	23	7	7	4	5	30	5	35	3	13	5	5	20	44	4	21	5	65	44	2	13	6	5	6	9	1	4	4	10	14	32	6	13	8	11	4	9	6	4	62	33	12	3	7	25	45	30	21	59	24	25	11	3	15	44	52	18	13	9	29	12	3	56	14	4	9	21	14	11	41	28	33	16	23	23	25	54	8	28	13	10	34	39	52	40	17	13	101	42	19	6	2	14	17	84	53	40	16	32	6	17	11	11	3	3	46	23	35	12	12	32	35	11	12	8	6	17	93	51	11	31	5	49	38	19	5	16	24	37	29	10	54	8	24	24	90	39	9	41	14	65	74	7	11	38	44	12	8	8	21	13	52	14	43	1	22	14	8	9	8	97	8	36	14	5	47	46	7	34	36	87	4	5	9	6	6	4	41	5	3	4	13	5	7	4	5	3
58	8	14	75	9	9	11	5	6	9	1	6	9	7	23	29	10	7	19	2	5	3	5	6	5	7	3	4	34	4	9	8	2	36	17	41	7	10	7	7	17	46	12	31	8	100	46	7	10	7	2	8	7	7	3	4	6	31	40	13	20	13	18	9	11	16	4	64	44	20	15	7	0	69	29	21	77	23	31	9	10	17	44	67	20	20	6	50	17	7	59	25	14	19	11	31	18	58	42	45	12	36	39	34	60	7	42	19	9	50	35	69	43	19	40	139	68	51	10	8	12	21	82	73	65	31	44	7	12	23	10	4	1	50	16	47	7	16	48	46	19	12	9	11	26	116	66	14	35	8	78	41	14	15	12	24	57	33	23	55	9	52	26	92	56	14	53	14	76	74	9	14	43	39	12	23	7	40	11	81	17	50	0	30	9	9	20	13	104	10	58	16	10	58	70	10	39	57	94	11	11	11	9	11	6	54	2	8	5	14	5	8	20	27	6
59	8	2	100	10	7	20	9	5	10	3	5	12	7	44	30	9	6	36	9	9	3	5	14	11	21	9	14	33	8	15	12	5	52	10	62	12	16	11	8	45	83	17	36	8	125	66	5	17	5	8	14	6	7	10	4	6	30	65	23	33	7	14	10	10	17	15	76	53	25	11	9	0	80	56	44	115	41	31	14	10	19	75	75	27	17	17	59	18	4	48	41	13	42	36	29	40	77	47	47	21	43	47	47	92	9	66	28	23	61	66	97	51	30	31	194	73	66	13	12	15	30	122	76	93	43	48	11	21	24	26	10	8	100	45	56	8	13	61	79	34	10	5	9	25	150	66	31	52	9	90	56	16	25	16	37	58	35	6	74	9	65	34	133	70	19	61	27	99	91	5	20	62	75	21	19	14	40	17	105	18	50	9	17	7	8	22	17	112	7	88	16	20	73	83	11	50	79	175	12	13	14	14	19	9	81	9	4	3	19	16	11	19	13	9
60	12	17	82	20	22	20	13	10	13	0	10	26	6	47	49	13	15	36	5	11	10	8	11	15	24	13	11	48	18	16	9	8	39	15	46	13	20	18	20	38	64	26	42	9	92	74	12	16	16	19	27	11	17	13	7	8	60	63	39	44	26	32	16	16	21	16	86	72	35	17	8	13	80	43	41	97	42	31	19	9	36	74	108	38	33	12	57	25	9	70	45	14	48	29	63	38	76	62	65	18	35	51	70	78	18	62	37	19	61	64	72	61	45	53	180	95	66	19	9	35	36	117	113	93	49	65	17	30	38	34	25	10	109	43	54	15	25	62	96	39	23	17	14	26	131	87	29	63	15	94	62	34	36	21	48	56	57	16	77	25	58	31	149	100	31	64	37	91	115	14	23	75	54	31	30	15	38	27	100	29	80	3	53	23	16	21	31	118	15	65	33	19	58	75	27	42	83	156	21	9	12	19	16	15	96	8	12	4	23	29	15	24	85	21
61	8	10	82	12	14	13	9	10	12	7	3	30	13	35	30	12	7	27	6	6	5	9	12	7	20	5	14	46	15	7	6	4	39	14	47	12	10	13	16	32	59	17	40	6	82	71	5	20	9	10	9	10	12	9	5	9	27	39	30	41	15	13	7	12	16	7	71	58	24	8	13	21	74	28	32	98	24	37	16	7	26	74	72	24	29	7	56	20	8	66	35	13	29	33	30	33	68	40	54	16	40	40	43	74	11	74	24	16	45	74	93	49	28	35	203	59	44	8	8	27	37	112	98	67	34	55	8	15	24	28	10	8	62	30	46	9	13	47	69	25	13	7	17	29	167	92	14	43	8	82	66	12	20	16	38	59	56	10	92	7	52	37	125	70	25	56	23	83	83	17	19	48	69	19	24	10	46	26	85	20	66	36	37	12	13	14	21	136	17	59	17	14	76	86	25	46	71	133	16	9	12	7	16	10	82	6	13	4	21	16	13	18	19	18
62	9	6	56	9	8	16	2	10	17	0	3	8	10	29	30	4	5	29	8	8	4	8	7	9	16	6	13	34	6	9	6	6	32	4	45	7	14	8	7	22	48	10	27	11	69	59	10	18	6	5	11	3	11	7	6	7	31	41	20	18	13	20	2	7	8	10	56	56	17	9	8	21	69	38	33	72	21	16	15	14	19	49	78	27	19	7	50	6	11	47	14	13	24	24	25	27	51	40	50	16	27	45	41	71	11	40	22	11	43	40	56	39	22	29	121	40	36	9	7	21	15	68	72	49	35	53	6	25	18	18	5	6	51	30	34	4	23	37	53	29	16	20	7	26	107	63	26	37	10	70	56	18	10	23	33	34	42	10	55	10	39	18	95	75	20	39	19	71	75	8	19	48	52	11	10	13	35	23	96	19	84	23	40	15	10	8	19	81	18	37	15	15	62	70	12	42	46	113	11	16	8	5	18	6	48	3	6	6	16	17	15	15	7	10
63	21	21	146	21	24	12	15	14	14	87	15	34	11	72	52	20	8	56	14	19	8	19	17	18	28	7	17	64	17	18	11	9	92	32	98	16	21	16	18	43	101	31	60	12	201	86	7	28	13	10	25	13	19	13	13	6	56	82	53	61	25	25	18	22	26	28	150	96	50	15	17	22	156	76	76	156	71	65	31	12	53	113	134	52	40	14	141	32	9	122	50	28	57	60	62	55	112	93	88	26	74	70	90	160	15	92	53	21	83	104	164	85	65	55	308	155	103	25	11	31	64	298	161	122	62	71	26	34	40	34	18	19	159	52	77	12	35	85	115	55	28	26	17	44	280	111	42	113	19	163	93	45	32	39	64	151	88	26	142	20	82	77	211	104	41	100	46	154	159	26	27	103	108	28	46	28	61	31	188	35	112	19	49	30	18	23	30	219	30	132	35	37	126	148	35	78	111	225	19	16	26	18	17	16	116	18	10	7	40	18	23	34	38	16
64	33	47	144	42	63	57	36	55	79	20	18	60	32	74	119	43	35	83	14	39	28	45	41	39	59	31	30	80	49	43	43	32	93	84	102	37	19	37	43	61	103	65	56	39	140	149	35	35	51	23	36	48	63	30	27	27	107	152	113	91	70	98	25	75	75	61	164	165	91	50	75	19	153	83	82	227	48	77	86	22	68	128	184	88	131	32	204	41	43	198	104	34	68	74	104	85	143	109	175	51	71	106	120	143	44	131	48	80	103	147	182	159	101	122	223	171	120	46	54	74	61	157	292	92	107	159	55	62	77	80	45	16	126	87	165	31	78	107	147	115	76	47	57	79	194	176	95	88	36	160	156	67	81	68	93	133	181	95	139	38	102	54	261	208	74	133	74	178	206	48	33	175	132	62	90	78	99	77	225	56	206	19	157	72	43	48	54	228	27	122	78	98	159	135	63	172	149	226	61	26	49	53	73	32	150	20	49	62	62	45	64	58	88	68
65	20	24	83	17	24	33	21	14	21	0	7	27	12	35	44	19	23	29	3	8	10	16	7	14	23	18	8	43	14	15	9	12	45	22	60	16	16	22	13	22	67	20	36	10	75	55	12	15	17	4	25	10	17	13	7	12	37	66	34	43	29	28	14	37	16	22	65	81	41	22	11	21	79	33	46	79	25	36	24	12	24	66	65	45	47	20	73	11	20	81	36	23	32	37	47	49	61	54	87	15	31	59	68	72	24	69	24	27	55	81	87	65	31	35	164	76	65	14	11	29	36	196	98	49	58	102	21	27	34	29	16	5	56	48	69	12	30	49	79	39	30	23	27	42	121	97	37	36	21	88	84	31	33	29	45	63	79	16	80	13	52	30	126	84	23	57	30	71	109	14	25	89	71	25	24	25	54	39	113	18	86	4	53	23	19	28	36	130	15	57	23	25	97	93	27	65	82	111	26	13	20	23	29	8	74	12	21	16	26	32	17	22	2	23
66	25	33	121	22	41	37	17	32	42	51	26	55	13	50	80	37	19	52	18	21	16	26	20	21	53	23	23	83	38	31	21	22	61	46	92	26	19	34	25	25	87	44	57	26	95	88	14	30	31	23	34	31	31	21	13	22	90	108	73	82	26	61	21	65	48	53	82	121	56	39	21	47	111	64	51	163	46	56	45	18	61	81	121	71	65	10	105	29	19	112	85	28	34	41	66	60	84	71	139	48	52	114	119	75	37	113	50	47	80	81	117	110	58	81	187	113	74	25	20	63	56	134	194	84	93	91	42	47	60	51	29	12	93	76	91	19	38	70	100	70	53	36	30	61	160	99	45	65	20	117	99	68	51	45	79	89	120	45	102	27	86	47	178	133	63	101	54	111	110	29	27	106	95	43	47	34	86	45	155	40	100	16	88	52	32	46	34	160	20	90	48	53	102	87	48	132	87	169	34	21	26	46	48	17	91	8	26	26	42	49	34	40	11	32
67	29	37	155	36	45	45	26	50	68	86	23	55	35	61	117	39	29	45	22	22	23	31	24	30	62	20	24	101	44	26	33	21	102	54	144	37	25	44	42	66	130	58	72	27	199	161	41	35	38	15	34	33	39	22	21	30	79	122	73	112	53	70	14	63	40	37	169	152	73	46	43	73	168	82	77	226	60	66	51	22	72	153	180	96	96	32	171	38	28	178	81	30	72	60	83	82	149	95	176	43	74	149	116	159	51	114	66	67	123	120	177	133	87	118	287	173	125	33	41	76	73	177	262	125	91	153	32	45	75	73	43	12	149	76	144	19	64	97	151	81	85	33	35	67	239	183	81	109	31	184	149	59	71	58	112	155	139	36	174	38	120	92	247	174	70	130	68	200	211	33	45	169	157	49	48	63	113	67	236	46	176	19	100	64	47	42	60	307	36	122	48	67	185	165	56	140	164	256	51	33	43	33	61	26	144	27	31	28	43	60	30	54	61	49
68	15	10	64	10	22	19	15	16	14	25	8	17	6	22	44	10	15	26	2	6	7	14	6	14	10	11	16	42	16	3	12	6	46	20	60	14	16	15	20	14	60	22	35	13	44	46	32	15	15	3	14	9	10	9	4	10	39	39	30	33	24	29	8	21	15	19	71	66	27	10	16	11	66	45	35	78	44	35	30	5	31	42	80	32	38	10	56	23	8	58	43	16	30	21	49	40	66	48	68	22	22	51	55	57	19	63	33	26	74	49	74	69	32	22	90	68	41	17	13	27	26	246	126	60	36	59	17	18	28	28	14	11	34	44	61	11	24	43	88	38	16	15	17	24	71	71	27	28	20	81	74	30	28	29	35	57	63	19	64	8	40	28	88	54	27	50	28	91	74	11	21	54	70	29	25	26	56	29	101	32	79	6	44	17	14	17	27	141	16	44	22	23	69	68	28	58	69	103	13	13	13	16	30	12	64	13	14	14	21	23	33	13	8	13
69	13	30	129	16	19	19	17	21	30	24	8	21	17	53	51	26	21	26	14	11	7	13	8	13	22	11	18	74	12	12	19	11	55	18	86	17	15	13	18	34	75	21	46	19	91	84	9	24	21	11	26	15	13	10	8	12	38	57	43	53	36	42	9	15	15	23	113	91	42	18	24	23	99	59	52	120	39	56	30	13	44	87	119	44	33	15	78	21	17	90	52	17	42	38	55	41	108	71	75	28	62	71	91	100	24	75	37	37	107	81	124	75	52	47	207	106	77	21	20	36	47	618	169	98	44	91	14	31	40	49	12	6	94	53	91	7	33	61	153	35	36	14	27	43	145	131	44	77	10	116	98	39	36	35	54	104	81	20	94	23	68	56	173	82	47	96	37	139	126	25	21	80	82	33	34	18	77	39	170	20	89	8	69	36	29	25	56	184	19	93	41	28	98	141	32	86	89	153	19	16	25	21	31	15	71	12	15	15	28	13	31	33	56	13
70	14	18	75	8	17	20	13	20	26	3	11	19	9	25	48	23	14	33	9	12	8	13	10	15	19	15	17	33	22	15	13	10	57	32	72	11	14	15	20	16	50	27	43	11	54	70	21	18	19	17	13	21	12	20	6	10	50	69	46	56	30	38	9	34	15	21	92	79	21	18	16	1	66	53	48	113	29	38	25	12	58	55	86	47	54	9	67	17	16	47	46	20	29	23	77	57	50	35	112	32	43	72	81	97	30	64	37	22	54	46	87	76	48	47	120	77	53	30	12	32	30	474	140	72	49	82	24	26	47	35	12	13	56	51	59	16	34	46	113	48	28	10	23	27	90	85	38	49	14	83	82	36	36	32	68	76	74	19	82	10	56	50	109	91	41	67	29	71	89	12	21	80	64	45	38	26	49	44	103	26	79	5	64	28	20	23	30	130	17	49	40	29	73	74	33	67	53	123	21	15	17	31	35	11	65	7	12	18	18	29	18	28	5	26
71	30	17	129	21	13	20	25	28	36	8	16	40	12	52	65	30	12	41	9	19	22	21	21	19	27	16	25	61	26	16	21	13	66	44	94	18	27	20	37	23	78	30	41	16	95	89	23	25	17	84	22	18	30	15	7	27	59	85	45	66	38	36	17	21	35	13	91	126	35	23	23	38	115	82	67	152	36	48	44	25	50	86	129	68	69	18	114	24	21	119	52	24	52	42	77	51	110	85	102	28	50	97	168	111	26	92	42	35	91	85	142	101	48	50	164	92	80	23	25	51	38	963	159	86	68	76	18	23	43	33	14	9	85	65	100	18	42	67	267	49	41	25	30	48	175	146	42	66	23	137	117	41	41	48	60	103	110	35	115	36	77	46	177	124	48	90	36	144	140	14	33	113	96	38	36	47	74	71	162	31	110	14	64	52	25	25	94	214	27	79	51	31	109	92	41	95	87	180	25	32	22	25	39	19	124	8	20	12	31	36	33	25	13	21
72	11	15	62	13	17	20	20	27	23	16	11	23	8	24	63	23	29	39	9	9	9	15	17	12	14	19	23	32	31	23	17	11	37	24	47	17	23	29	18	14	39	20	29	14	56	60	11	17	16	17	13	22	21	17	13	11	40	53	43	39	20	29	12	37	22	26	54	68	35	19	18	18	66	37	29	92	25	38	26	16	39	60	78	50	34	16	75	21	12	57	54	12	23	21	53	34	58	46	83	34	37	71	31	63	30	62	27	17	46	40	70	65	49	31	104	67	51	13	23	38	22	66	98	49	56	48	16	20	39	41	24	3	43	39	63	5	33	41	48	45	54	24	24	43	106	69	33	27	15	67	77	42	29	22	46	50	71	28	63	20	42	33	115	80	29	56	34	65	73	20	20	53	36	17	23	42	58	29	76	31	69	35	56	33	23	21	25	119	21	60	23	30	88	71	34	67	47	80	20	15	13	19	32	14	69	8	27	13	16	26	20	33	10	19
73	14	16	57	19	14	25	9	12	18	0	12	21	4	23	31	11	6	16	10	13	9	8	15	8	19	8	14	27	12	16	14	5	51	14	50	4	17	9	18	12	42	19	25	15	58	61	5	18	5	45	10	20	14	11	4	15	23	40	28	39	25	20	11	14	16	19	55	52	19	17	20	14	60	31	27	66	32	25	16	12	30	54	58	28	18	7	68	13	14	45	36	14	19	20	26	31	68	44	56	19	45	34	44	55	18	51	30	14	37	44	75	55	32	20	103	53	31	9	10	24	22	193	80	39	39	32	4	18	26	32	17	10	50	25	46	6	19	36	67	28	36	12	19	33	103	62	22	31	7	64	46	10	24	18	33	53	38	19	68	19	40	21	88	53	24	45	26	62	51	11	26	48	51	29	31	25	40	24	89	19	51	6	49	24	24	11	25	93	13	50	16	27	52	56	25	37	54	78	12	5	14	18	33	9	55	10	17	11	18	23	20	19	11	10
74	12	15	49	8	13	16	9	16	26	0	7	26	13	26	45	17	7	25	14	10	6	11	17	7	25	14	9	23	16	10	20	13	29	19	50	10	15	17	13	18	51	26	31	12	53	58	12	14	18	3	13	12	12	16	7	4	38	49	30	35	21	21	11	19	14	20	60	58	20	17	16	2	36	28	32	62	14	23	26	10	25	43	49	30	26	13	62	9	5	48	46	17	20	14	29	21	54	34	67	19	36	49	35	52	17	50	36	16	31	44	71	56	25	43	98	51	52	16	12	31	30	172	104	52	39	58	18	23	23	36	12	6	43	33	54	7	27	37	45	45	27	15	22	35	74	66	31	41	8	66	50	16	27	19	46	44	58	34	51	22	60	22	104	53	25	71	24	69	65	16	19	58	48	30	33	18	37	17	82	22	78	5	43	26	16	14	20	97	18	62	18	23	53	45	28	60	55	84	20	8	10	12	15	9	55	5	14	12	10	19	18	20	38	17
75	14	21	96	19	27	24	14	23	24	91	13	24	13	46	67	22	24	27	6	19	13	16	19	23	26	10	27	40	27	21	17	14	41	27	60	15	27	22	27	34	49	37	32	27	94	63	17	22	16	27	21	29	24	12	10	15	48	63	44	37	20	29	12	40	34	23	80	73	28	20	11	6	79	35	43	86	32	28	28	12	43	59	77	45	32	21	92	33	16	77	50	17	36	33	53	59	80	56	88	35	31	90	51	71	30	71	37	32	51	45	82	73	46	32	145	68	55	28	18	35	25	111	100	66	63	63	20	28	33	36	19	14	59	45	52	6	31	53	63	36	45	29	36	48	113	69	28	33	11	84	79	43	25	28	51	65	61	37	93	31	52	29	120	113	42	55	42	103	102	14	30	54	60	38	25	29	53	27	101	26	86	19	60	31	23	28	30	113	19	58	33	29	62	60	34	78	62	107	18	31	20	23	29	12	66	8	26	18	28	37	29	42	13	23
76	20	16	81	9	28	26	20	30	14	61	10	32	13	34	48	19	17	21	19	16	12	12	12	16	22	12	16	54	23	13	10	13	58	37	61	25	14	27	24	21	53	29	26	23	69	71	16	21	19	14	19	20	21	19	14	9	49	75	36	40	30	31	11	37	30	19	81	76	28	24	11	15	83	45	36	114	24	43	26	15	30	59	95	46	68	13	81	22	18	90	36	18	29	33	62	50	86	67	107	29	33	69	59	56	25	81	23	40	68	59	85	72	44	58	86	75	61	33	16	46	34	107	119	56	50	76	29	29	24	33	20	8	59	53	69	13	38	44	73	43	43	22	16	40	85	103	43	34	14	77	102	46	39	36	49	70	72	30	86	14	73	40	138	68	39	63	44	89	91	15	17	87	53	29	43	34	60	35	123	28	85	11	66	32	20	19	20	139	18	61	23	24	101	90	46	86	63	104	25	12	19	25	37	12	80	13	17	19	20	29	26	32	14	21
77	17	17	82	10	17	19	10	16	22	5	5	18	10	39	45	13	11	32	13	11	15	12	12	13	29	11	16	51	22	13	10	14	53	18	74	21	13	17	24	17	70	31	44	14	97	65	11	17	22	5	26	16	25	8	14	14	37	67	32	53	25	36	10	20	24	18	81	70	30	22	11	1	70	53	48	98	30	36	26	15	42	72	94	31	50	9	86	14	13	97	36	17	27	30	56	59	63	40	92	23	43	53	82	88	15	64	36	25	66	70	104	72	27	48	141	68	62	23	11	23	31	341	140	44	41	69	18	38	42	34	17	5	59	45	81	10	44	47	83	38	34	22	22	47	123	92	34	50	13	91	89	23	34	37	36	69	60	29	77	26	69	38	130	72	31	64	21	107	108	8	26	82	67	26	28	18	46	24	125	18	82	39	73	27	21	25	37	176	21	57	28	33	99	83	35	83	66	105	15	12	11	19	24	16	72	3	9	10	24	28	25	27	5	19
78	16	22	56	6	17	19	16	15	19	1	14	19	8	28	47	9	14	15	6	11	7	18	15	16	18	12	25	32	27	16	12	8	29	27	49	9	8	15	11	13	23	24	20	14	36	55	5	18	11	3	9	17	21	10	10	7	32	38	26	33	25	24	9	20	20	19	40	38	27	19	10	1	57	40	20	58	19	22	23	10	33	27	66	42	40	11	56	16	8	54	29	20	20	25	59	34	46	29	76	13	21	53	36	46	23	53	14	32	45	47	66	55	38	38	73	64	55	16	11	35	16	134	73	48	41	34	19	16	31	35	21	9	24	37	47	12	25	32	53	39	41	20	21	41	70	56	25	33	12	62	48	22	27	25	34	48	62	23	53	16	38	16	87	68	31	43	27	56	56	9	7	67	45	28	32	22	30	27	87	26	60	10	41	21	15	21	26	82	14	33	35	16	58	43	20	65	51	62	11	14	11	22	23	16	62	7	19	16	18	26	27	18	11	17
79	19	21	81	12	25	33	11	19	41	3	12	11	14	36	63	29	20	46	10	19	8	12	22	15	34	12	21	50	15	17	10	9	47	31	98	16	22	25	25	25	77	33	40	22	113	76	14	25	12	51	19	32	16	10	17	12	53	59	47	39	29	27	19	31	25	24	103	120	41	27	15	22	87	72	58	150	47	38	25	15	45	90	111	61	50	14	74	30	22	87	38	22	46	35	59	52	97	64	106	26	49	81	79	96	24	107	24	32	59	84	114	83	27	44	168	73	74	19	19	47	36	285	152	67	73	73	19	41	53	33	20	13	102	44	85	20	41	63	113	68	44	20	23	66	161	97	44	63	25	99	114	37	39	39	59	100	81	23	93	22	69	38	154	111	42	99	48	127	121	21	27	112	69	25	32	27	69	53	140	34	118	21	68	37	22	21	37	201	23	75	48	19	135	90	36	78	85	131	23	17	12	31	30	17	98	11	13	18	33	32	18	36	31	24
80	5	12	34	4	10	9	7	7	9	4	8	10	5	15	24	17	1	16	3	11	1	7	6	7	9	2	11	21	9	13	3	7	9	10	30	5	18	10	8	13	20	12	16	6	35	26	4	10	8	10	12	5	12	3	2	10	15	27	18	27	15	14	8	9	5	11	31	66	13	10	5	2	39	30	18	63	18	15	20	7	28	38	51	30	17	4	38	17	7	24	29	7	15	19	12	12	27	24	35	10	24	24	53	40	13	36	11	17	32	32	29	43	15	23	49	33	34	4	4	23	13	117	48	31	36	36	4	14	19	17	5	3	36	16	33	6	17	12	57	14	22	9	4	21	69	38	12	26	8	33	37	14	9	12	26	20	37	9	38	11	20	24	59	48	9	28	12	34	28	3	14	43	20	13	10	11	24	25	51	13	96	4	35	14	9	8	11	86	5	24	22	11	33	35	7	39	26	66	10	10	3	10	17	9	32	2	4	4	11	9	15	8	23	12
81	4	5	11	4	6	3	4	2	7	0	3	5	3	8	16	3	4	9	1	1	0	4	4	3	6	4	5	7	4	1	2	1	3	6	11	4	12	4	4	3	6	7	7	3	12	3	1	1	3	5	5	4	3	4	2	1	8	13	11	7	7	14	2	7	5	7	16	18	8	4	5	0	14	10	8	21	5	5	4	3	7	17	10	7	11	1	18	4	2	12	10	0	6	6	9	9	7	10	25	6	8	9	19	7	7	20	4	7	14	7	17	15	12	11	24	12	6	5	3	6	9	159	25	13	10	18	6	8	6	8	3	1	10	12	9	0	5	7	34	8	12	7	3	3	26	18	8	9	1	17	15	6	7	6	12	12	11	5	11	4	14	5	27	8	1	8	10	16	13	4	2	10	10	7	5	6	19	7	24	2	29	2	16	8	5	6	2	36	5	16	8	1	16	8	6	20	11	20	3	5	3	3	3	4	14	1	2	6	7	6	4	5	1	8
82	7	15	65	8	2	12	9	11	14	5	3	5	6	19	28	11	3	19	2	5	9	14	6	8	10	11	5	41	8	8	5	3	38	15	51	8	5	10	10	23	56	6	33	9	57	43	6	11	5	76	11	6	6	8	4	8	19	47	18	25	18	10	2	14	9	7	60	50	8	9	7	3	75	30	27	103	28	35	15	9	20	33	66	33	26	9	46	10	15	46	27	9	23	22	33	23	58	41	45	10	43	41	45	70	8	50	18	12	58	54	67	47	17	17	105	73	45	7	6	14	21	100	63	51	20	45	6	16	23	17	7	2	63	39	42	7	16	29	42	27	15	9	10	15	86	72	17	42	8	66	54	17	12	20	30	69	39	7	68	11	50	23	81	39	14	59	8	76	74	9	5	64	76	17	15	10	34	15	96	18	42	2	27	16	14	12	11	115	10	48	14	16	53	72	11	47	52	96	10	12	9	10	13	5	55	4	8	7	16	17	2	7	10	6
83	9	11	57	3	10	9	1	8	10	3	6	5	11	24	27	15	9	8	4	6	3	2	3	8	14	2	10	36	10	9	3	1	24	10	40	6	12	15	9	9	33	14	17	12	53	49	11	10	6	8	12	12	10	9	5	7	22	27	22	15	14	15	8	15	13	10	51	55	16	11	8	64	59	32	30	60	23	17	11	6	24	46	61	27	33	8	42	11	9	46	15	7	15	18	31	27	59	45	33	11	23	32	64	52	14	47	15	11	40	31	61	35	19	19	80	51	54	10	7	26	28	806	68	47	22	39	7	21	24	20	4	7	39	27	54	11	12	34	123	21	22	8	5	21	85	37	22	22	12	55	76	12	13	27	25	60	52	11	41	14	30	24	88	44	15	37	17	65	61	7	14	63	44	10	12	17	29	22	86	13	61	16	29	13	12	9	41	122	7	35	19	18	62	40	22	30	45	82	7	9	9	9	10	4	56	5	8	9	14	13	11	22	86	8
84	5	3	25	3	0	3	2	3	3	10	3	1	4	14	12	2	0	13	3	0	1	1	1	3	9	1	7	17	2	1	3	1	9	2	21	0	9	5	4	4	17	2	3	5	25	17	2	4	1	4	5	5	5	5	0	0	9	10	6	13	6	5	6	1	0	4	18	44	10	8	2	0	35	13	9	35	16	4	5	3	15	18	30	21	6	2	25	4	4	25	5	7	16	9	10	15	30	12	25	6	15	14	25	22	5	26	7	0	20	21	32	19	8	15	44	19	14	0	0	9	10	100	26	16	18	16	3	8	13	4	3	0	21	8	19	2	4	11	23	12	13	2	1	9	38	13	8	12	2	32	32	5	17	5	14	12	32	5	16	6	16	11	43	33	6	25	11	27	21	1	6	21	11	4	7	7	13	3	42	7	45	2	22	5	5	3	5	59	5	20	12	3	20	29	8	14	13	58	4	1	1	0	8	8	32	2	1	1	3	5	14	2	3	2
85	3	9	40	3	9	7	7	7	14	8	0	6	5	16	13	11	4	10	0	1	4	8	2	6	10	3	7	23	6	4	2	4	23	9	26	6	11	4	10	4	28	9	10	5	57	37	4	9	10	3	7	5	4	1	2	13	12	33	11	15	16	14	4	5	6	8	45	23	14	11	9	26	50	34	18	42	13	14	9	9	18	26	51	10	28	5	40	8	1	35	16	9	16	15	19	23	37	31	26	9	22	18	37	36	6	43	10	12	39	32	49	48	17	18	75	45	40	5	7	13	17	378	57	35	23	26	10	10	11	8	2	4	36	23	30	0	10	24	42	23	14	6	6	7	47	52	9	16	5	30	43	8	15	21	9	42	35	8	34	7	29	14	50	13	15	45	10	50	36	10	6	38	46	12	10	14	29	23	66	10	35	6	24	14	12	2	16	94	8	26	9	9	49	44	18	41	32	47	4	4	3	7	3	6	50	5	3	9	10	6	5	10	25	7
86	9	6	69	11	7	11	4	6	14	17	5	13	3	41	23	10	5	18	2	12	6	3	10	5	11	6	6	39	12	11	1	6	47	17	68	7	13	12	10	17	49	19	31	5	83	52	5	12	5	31	13	11	12	5	4	8	38	48	25	24	16	19	6	17	16	6	68	50	24	8	7	170	84	53	47	83	27	28	19	5	27	66	63	25	24	16	64	11	10	62	29	13	15	26	46	26	77	58	52	10	40	49	45	85	7	61	19	19	57	61	72	49	23	20	150	63	56	8	6	31	41	285	105	57	24	73	8	21	30	14	7	5	52	42	53	12	19	43	83	28	23	9	8	27	129	77	18	53	13	75	76	30	14	19	21	60	50	13	65	12	66	23	104	63	24	75	25	82	83	8	13	83	59	28	22	14	45	29	103	21	66	11	46	11	13	14	21	126	8	62	15	16	65	65	10	44	63	104	9	7	8	16	19	11	56	6	5	5	12	8	15	7	7	15
87	8	19	91	21	22	19	13	7	10	7	9	19	11	40	73	20	9	33	8	11	5	11	6	11	30	11	19	46	6	7	11	7	50	26	79	6	21	18	17	15	65	21	34	18	121	67	15	16	13	12	18	14	13	15	8	13	47	45	45	38	25	29	10	24	21	14	81	139	47	20	12	16	89	69	43	118	39	40	35	12	65	71	141	42	49	15	82	16	13	67	38	23	36	30	61	38	89	51	88	27	48	68	231	94	18	84	21	26	64	71	102	87	39	45	127	75	74	19	16	45	35	2962	115	117	50	80	18	30	44	35	15	7	72	41	70	15	19	36	632	43	35	15	22	45	105	80	25	50	12	79	113	40	44	23	50	84	83	24	71	26	62	35	145	98	47	86	30	106	84	10	32	69	41	27	34	47	57	80	163	23	141	22	94	52	17	17	151	223	14	63	30	21	92	92	31	65	72	177	20	14	17	14	24	18	80	9	6	16	31	17	21	18	27	14
88	3	3	22	0	1	4	1	2	1	0	0	3	1	12	9	4	1	2	1	1	1	1	1	2	6	4	2	14	1	2	0	1	11	2	14	0	5	3	1	5	14	5	6	3	25	13	2	6	1	1	4	3	1	2	1	1	4	17	4	6	3	8	1	1	5	2	13	14	4	6	1	0	15	25	8	25	14	5	6	2	10	17	21	10	7	1	11	1	0	17	5	5	13	7	11	9	20	22	15	7	11	12	18	24	5	24	4	1	15	25	45	19	5	5	41	22	26	1	0	4	12	23	26	15	11	24	0	4	9	1	2	1	5	12	16	5	6	10	5	6	4	4	0	10	37	30	5	15	2	35	26	3	6	6	9	20	27	4	19	3	23	13	40	18	8	23	11	36	21	1	1	25	16	2	3	6	12	10	37	5	24	0	12	7	7	0	6	49	6	17	6	2	38	31	6	7	7	37	2	4	0	5	2	5	15	2	0	0	9	2	6	2	2	1
89	1	5	20	1	3	3	0	2	6	5	2	1	5	4	10	4	0	0	0	0	3	3	0	0	3	1	3	10	1	1	4	0	12	3	9	1	0	1	1	4	20	1	9	5	21	14	3	5	1	0	0	0	0	0	1	1	3	12	1	5	1	1	0	1	2	1	16	12	5	2	1	0	19	15	13	32	10	19	4	2	5	20	30	4	12	3	13	0	2	21	0	1	3	9	7	8	20	18	10	0	18	5	16	22	1	15	4	2	21	23	32	7	2	1	29	17	13	0	1	2	12	75	23	27	5	27	2	1	8	2	2	2	3	16	30	0	0	16	20	7	4	3	1	9	29	28	2	23	2	14	28	3	7	7	1	44	26	7	14	1	11	8	42	5	6	25	2	24	34	6	7	28	20	3	3	4	12	10	40	2	11	1	8	4	4	1	6	55	3	29	4	4	24	30	2	10	24	16	5	2	0	1	3	0	17	1	5	2	4	2	2	0	0	5
90	3	15	123	8	12	14	3	8	14	1	9	9	4	39	26	8	7	27	4	7	5	10	7	6	10	4	13	54	3	7	5	5	59	8	66	5	12	11	11	14	58	14	30	10	86	93	6	18	7	1	13	8	10	2	5	7	16	45	11	38	5	15	5	7	5	9	105	56	11	11	5	0	89	71	38	88	35	43	11	15	28	61	101	26	26	5	59	9	11	88	23	13	32	23	55	32	95	73	45	16	60	37	44	90	5	95	24	3	89	64	112	54	18	39	175	82	72	6	6	20	41	126	95	74	28	65	7	20	20	16	1	3	49	42	69	7	21	66	50	31	17	6	8	24	167	140	11	53	7	100	111	14	9	25	25	87	87	5	57	12	70	47	147	44	25	85	16	131	111	5	13	87	93	24	15	13	59	18	135	17	45	2	42	13	14	9	25	203	24	78	15	14	86	100	8	45	59	115	12	4	10	8	8	11	93	5	6	5	20	12	9	11	11	7
91	7	8	61	3	7	13	4	1	4	1	2	12	5	33	30	13	0	21	3	9	4	9	7	8	6	2	6	35	9	6	4	3	24	13	48	7	5	6	7	13	34	16	28	9	76	39	3	15	5	6	11	11	9	11	4	2	21	36	20	28	16	9	8	7	8	4	42	42	19	8	4	0	44	44	17	86	15	16	9	2	26	47	76	25	26	5	56	7	12	40	26	8	13	16	23	19	58	41	37	9	22	26	82	64	8	48	18	12	40	38	59	36	19	23	99	51	50	8	5	17	23	791	73	61	23	47	5	10	19	19	7	1	33	36	37	2	8	34	194	20	16	8	7	16	80	70	17	39	7	66	53	10	12	24	19	43	38	11	42	7	27	20	84	53	19	53	16	49	73	5	11	70	47	14	7	8	27	33	72	11	61	4	46	14	11	9	50	118	4	51	13	10	49	52	13	20	37	108	7	6	10	0	13	8	47	3	5	2	16	6	12	10	5	10
92	5	9	50	4	10	9	6	8	10	10	4	6	6	20	54	11	2	21	2	8	4	5	4	8	10	3	15	38	11	6	4	7	9	17	45	9	22	11	20	5	30	8	13	11	66	50	9	5	3	12	20	8	12	4	4	6	43	33	16	32	14	16	9	10	11	11	62	70	21	6	4	11	65	41	14	84	33	26	9	10	34	51	58	36	35	6	65	11	11	47	26	10	32	22	35	39	59	48	53	20	39	44	62	67	15	51	16	17	58	37	60	49	22	43	49	47	37	10	5	32	17	169	104	31	37	43	12	17	20	17	7	5	22	27	55	6	14	25	51	24	26	7	11	18	81	60	28	30	10	78	72	23	23	12	34	46	49	4	35	17	33	16	89	77	30	59	18	58	53	4	20	65	29	15	15	15	33	16	72	18	105	11	49	16	4	8	30	142	10	39	34	13	61	44	17	39	39	111	10	8	7	9	18	15	42	5	6	6	20	8	20	14	50	9
93	5	6	48	4	12	8	6	9	8	3	1	4	5	19	23	16	3	8	2	2	1	5	4	6	7	6	1	24	9	4	4	4	29	10	35	3	6	5	10	6	30	6	20	5	35	38	2	7	7	1	9	4	7	3	4	5	12	33	15	15	6	7	6	7	3	7	38	37	12	9	8	6	39	22	19	54	19	13	10	8	20	39	50	15	32	3	44	8	9	21	18	4	15	21	29	17	55	31	34	5	15	11	37	41	7	51	11	12	36	36	49	32	21	14	60	39	45	6	7	16	15	302	66	38	23	45	1	17	13	21	8	2	16	14	28	1	9	19	80	13	11	5	8	15	40	47	15	26	4	55	39	11	17	15	13	36	33	15	28	8	16	17	70	30	14	44	10	63	62	6	13	59	45	15	4	7	33	11	59	18	44	4	28	16	10	11	12	53	8	43	12	6	61	39	9	24	33	62	4	6	4	12	11	2	42	8	5	6	8	9	7	8	12	9
94	9	13	87	4	12	17	6	11	11	0	3	15	5	31	26	12	7	23	6	5	7	10	6	8	17	2	10	51	16	8	8	3	35	18	38	8	9	3	5	13	76	12	31	6	85	67	10	10	4	20	17	9	10	7	2	5	21	28	19	39	8	18	6	18	10	12	84	43	11	6	5	0	71	46	29	65	29	19	17	8	28	57	84	15	25	9	63	14	9	55	32	9	22	26	42	33	81	45	52	10	40	31	37	81	6	57	12	13	60	53	86	52	25	9	126	61	65	10	7	29	33	157	86	67	19	52	5	14	26	15	10	4	50	34	58	3	16	54	70	30	11	9	12	20	114	81	13	53	6	58	84	16	14	22	27	61	51	11	76	11	45	30	100	51	19	71	21	79	85	7	12	93	64	17	10	18	37	21	106	12	55	22	44	11	17	16	24	152	15	55	15	11	89	74	20	38	58	105	7	4	14	11	18	8	67	7	5	4	14	9	9	14	22	10
95	20	25	124	14	27	22	12	20	16	16	19	30	16	47	78	26	22	25	14	10	8	16	9	15	30	13	26	53	19	13	21	10	74	32	83	14	13	28	28	20	88	23	64	20	114	96	23	27	27	14	34	20	32	14	10	13	45	90	43	46	25	31	12	24	26	36	84	128	35	25	20	20	112	72	57	128	53	55	28	17	72	85	147	59	67	20	107	24	23	113	55	25	54	42	55	45	110	95	98	29	58	107	147	127	25	105	30	27	86	79	154	92	47	44	170	106	84	19	7	50	43	1908	144	99	77	93	9	22	53	36	20	7	77	61	108	10	40	63	277	63	50	25	22	66	162	114	54	81	23	122	121	49	37	35	49	89	96	18	91	29	78	32	189	139	43	110	25	139	114	18	43	124	74	31	29	25	89	44	176	36	137	50	86	39	19	24	60	226	21	68	51	35	152	103	36	94	70	173	12	20	15	17	40	14	108	19	14	22	31	32	28	52	26	18
