"","Signature1","Signature2","Signature3","Signature4","Signature5","Signature6","Signature7","Signature8","Signature9"
"C>A_ACA",0.0195803026270593,0.000826843528968855,0.0159581394654205,0.0375918879797455,0.000919233617710287,0.0481373051530869,0.00378750155767127,0.0084875424608641,0.00345921773883488
"C>A_ACC",0.0190612286762197,0.000153600690384306,0.00974657657914524,0.0337114149630554,0.000851837338716494,0.0238813820746561,0.00309309303897802,0.00664815876793324,0.00149875968001681
"C>A_ACG",0.00235818938429527,0.000125244830903064,0.00302316136945484,0.00409053787481477,8.97995879846044e-05,0.00181572355536985,0.00105850866495485,0.000662137671693967,0.00249923326477595
"C>A_ACT",0.0114378838394473,0.000525707741589115,0.00582040147328366,0.0381158789993847,0.000383596671000779,0.0237843202611421,0.00108047412008483,0.00644394752414821,0.00186797233914409
"C>A_CCA",0.0134397901579418,0.00122635282739229,0.00327613684677191,0.027870604957522,0.00120066349272062,0.053299988541174,2.30353186113063e-09,0.00759317641166646,0.00866365696676302
"C>A_CCC",0.0116833867952145,0.00066462623164264,0.00103993422493141,0.0301611622349233,0.000556478244627867,0.0204984434174681,0.00037121053202714,0.00447467213315961,0.00834445784003051
"C>A_CCG",0.0010314887885549,9.59680953938825e-15,0.00234584596105936,0.00247035971520135,0.000324952839681637,0.00611217921816599,0.0021703236423701,0.00106363050182186,0.00360779050059677
"C>A_CCT",0.0111736233812372,0.000246315997070827,0.00214533239831615,0.0311790662774073,0.000965890276732884,0.0425780565926056,0.00501828815540681,0.00905302061349099,0.00325215638958874
"C>A_GCA",0.0049739456183379,0.000158783259370623,0.0140462702315392,0.0120059405346204,0.000946111703963284,0.0741756875022939,0.00354923696486745,0.00743461458533919,0.00740864060664383
"C>A_GCC",0.00911265073937335,4.01337719274111e-06,0.00645746931449137,0.0177365880945662,0.00082494304187051,0.0173367242885874,0.000568130462162203,0.00380170765618961,0.00546833033490392
"C>A_GCG",0.00244962180259971,0.000155744492412951,0.00388236879849828,0.00128403321689007,2.33336162443469e-22,0.00476611979781718,0.000602861403923447,0.000731349101446094,0.00111848369272271
"C>A_GCT",0.00562401645960247,2.95287929417381e-16,0.004804735806769,0.0158639048312377,0.000731811347733747,0.0468757253288636,0.00239185915925545,0.00666603597966408,0.00640418998768593
"C>A_TCA",0.0139513326998146,0.0379509786380799,0.00612154049856539,0.0176182576221205,0.02040248947752,0.0793200215530021,0.0143610117294815,0.0071620131265297,7.7150405204396e-09
"C>A_TCC",0.0180092336626794,0.0164641595728468,0.0101980897823696,0.015131295676556,0.00403040079725135,0.0425029430360236,0.0017995602957414,0.00526400899672836,0.0135018577676948
"C>A_TCG",0.00241432834880182,0.00273170991001201,0.00342055563542923,0.000857101304161176,0.000701780662302129,0.00934835945612282,0.0014674612384717,0.00113577723169727,0.000629150406053334
"C>A_TCT",0.0176629387926828,0.0171895884724815,0.00806684483527984,0.0183614524532168,0.0109376571248494,0.130380544148617,0.0140589016643041,0.0147821134211589,0.00885201361292287
"C>G_ACA",0.00406270084735776,0.00335093751503629,0.00506464415278393,0.0141849913543315,0.000345584559242943,0.000513972743622276,0.00782985239848816,0.00297654087660315,0.0311413641358945
"C>G_ACC",0.0072384397947782,0.000468788340588854,0.0017833907525119,0.00713589475858113,0.000880036133294352,0.00374582300044739,0.00623293571567371,0.00129135086207921,0.0163961667632224
"C>G_ACG",2.35093563157772e-22,0.000145461723780049,0.00178139434534013,0.00204048772721733,0.000118519877087799,1.22407546126687e-06,0.00144751423551157,0.000269944950044004,0.011933290953785
"C>G_ACT",0.00412231132849565,0.00256687809419784,0.003063284497917,0.0154951809439022,0.00119252339720298,0.00323499323585482,0.00893016997389741,0.00371366808962931,0.0309861149051124
"C>G_CCA",0.00686555750880865,0.00439582725168003,2.80377537156861e-11,0.00773802750557374,7.90240273612199e-17,0.0011184452137356,0.000134832371091031,0.00181226056621786,0.023236657365567
"C>G_CCC",0.00723448040297645,0.000851054180724099,0.000777177324597766,0.00758985531728547,0.000147132628207329,0.00118972442839378,0.00123378250024009,0.00194278781666661,0.018940252999103
"C>G_CCG",2.35093563157772e-22,0.000237962610576588,0.00472814130366892,0.00164214382280369,2.33336162443469e-22,0.000384902476294448,0.00108908249153764,0.000638802899748126,0.0110694855369406
"C>G_CCT",0.00885749252326917,0.0052492292879206,0.000199559014739679,0.00999278643684393,2.64739345543754e-15,0.00316266365036778,0.000244846336157656,0.00203609219028912,0.0332783287725797
"C>G_GCA",0.0034310727575956,0.00128486234372255,0.000676081087126503,0.00542981968894181,9.56707272297641e-12,5.53036171404591e-05,0.00290697081212531,0.00100167789865767,0.0163590834371409
"C>G_GCC",0.00528914073003705,0.000137827019904441,0.000511952223248258,0.005475824287575,0.000808986854532788,0.00243474583822833,0.00518897297434702,0.00192546275660531,0.0123942726581274
"C>G_GCG",4.9559088714029e-10,2.47339268975606e-06,0.00141749795680644,0.000849130791817133,0.000173393047231199,4.80694785695198e-05,1.22063570334048e-05,0.000132914471541714,0.00612740077890498
"C>G_GCT",0.00344536744802586,0.00200832125120813,0.000755596623602239,0.00911666881462857,0.000756452020120293,4.52922678216658e-05,0.000996410669560657,0.00163235867494244,0.0262910553552514
"C>G_TCA",1.66859227096054e-11,0.242966987573314,1.45680552325967e-09,0.017267341524661,0.0257453233741148,0.00134567932253242,0.0218258052715743,0.00131687944333315,0.00222797512859978
"C>G_TCC",0.011675193283884,0.0532874125421095,0.000603815393883436,0.0100103598077104,0.00013108971944387,0.00290594936427415,1.24177571607817e-10,0.00129670097313724,0.0305293433131828
"C>G_TCG",2.35093563157772e-22,0.00948927053711273,0.00235509363232237,0.00112014620575468,4.26366911881777e-21,2.99716391671085e-12,0.00255123754557711,0.00112627529583174,0.00549736120880025
"C>G_TCT",0.0108443438948408,0.290133492604117,1.05234079737467e-06,0.0247236401434583,0.0460524110431155,0.00585970335131601,0.0243393834540765,9.30421233585463e-06,0.0371672933797758
"C>T_ACA",0.0255296042862901,0.00237475678956962,0.0257654243713603,0.0219999615093503,0.00719822529198697,0.0176226770719698,0.0106815213530323,0.00811557756212518,0.0179449308116349
"C>T_ACC",0.0183355926759377,1.65157939788122e-05,0.0154792355578334,0.00705244698417144,0.00292219824375169,0.00720438134624507,0.00748993727963344,0.00401251440222291,0.00994404376092943
"C>T_ACG",0.0407990772857232,0.000560483198984701,0.144512972918662,0.00398714184744484,0.00345259030827307,2.00679489954321e-05,0.00974707268431142,0.0121555795933576,0.00682898180309781
"C>T_ACT",0.0172031913563145,0.000774703676241271,0.0143176408497614,0.0240845109057561,0.00294892161599147,0.0116145293886667,0.00778262659321343,0.00450721661172449,0.0165389540747614
"C>T_CCA",0.0261826728066132,0.0060003834265542,0.0194087391640434,0.00577731675329786,0.0144235368580733,0.0156218700187426,0.0164840355980651,0.00639877771181073,0.0153205122191635
"C>T_CCC",0.0305669385235475,0.000813221479712082,0.0180474808811693,0.00544253833336974,0.0038165654327385,0.00905084414819118,0.00746455537715235,0.00413755394782695,0.00917540825106734
"C>T_CCG",0.0251439821364385,0.00368318736693493,0.0894995892370497,0.00234051648933914,0.00152616015822395,0.00503283739351487,0.001034167577658,0.00895872176981717,0.00673597493704434
"C>T_CCT",0.0309015418808746,0.00298673987661212,0.0219093122590506,0.0233532033223516,0.00738097429987272,0.0118615536304513,0.00454356665142264,0.00618273770166564,0.013568235658872
"C>T_GCA",0.0203459761815586,0.0022305231548438,0.0202077899855268,0.00781488620150895,0.00737447566445881,0.0167139345078717,0.0126105542815324,0.00507011446537734,0.0156798601736262
"C>T_GCC",0.022936753440665,0.000302588692824188,0.0198847432604773,0.00521194877106054,0.00359454717467331,0.0145193765354328,0.00728202215605376,0.00543600358432437,0.0118018170236285
"C>T_GCG",0.0319586702678777,0.00171729338071608,0.105926261067976,0.000925146105136787,0.00197727553866411,0.00942098645259939,0.00745963701559261,0.00980060426281225,0.00506167190259844
"C>T_GCT",0.0190220783641746,0.0012437558143379,0.0192626114548561,0.0103327841993742,0.00384876884817119,0.0119115553147555,0.00525041334449414,0.00413502904545678,0.0133607528707963
"C>T_TCA",0.000181065521736715,0.158383616520623,0.0176679668002118,0.000407665599347959,0.449890513682964,0.000410235127203869,0.057180883305388,0.0135696916508984,6.34004848082701e-05
"C>T_TCC",0.0434668401248587,0.0307803787780319,0.0197998337153198,1.09099768187733e-09,0.0793098960333339,0.0222703016688244,0.000457390825334868,0.0095027274883453,0.0206568170233407
"C>T_TCG",0.0135538821796439,0.0199625146218332,0.0725140132450987,4.49221272668154e-07,0.0343031319591142,0.00165818536619513,0.0127252057105568,0.0067186150784345,0.000159564188112569
"C>T_TCT",0.028019463443782,0.0646181396002059,0.0195857070541032,0.00719171258363899,0.241097287225026,0.0067187200969593,0.0265958403446229,0.0164361436004618,0.0145761360044978
"T>A_ATA",0.0132638238815995,0.0003761325267667,0.00772405437741481,0.0141499603527904,0.000591082013117001,0.00489772032303003,0.0129248210852401,0.00523226362755465,0.00116045677333772
"T>A_ATC",0.0135046425746436,0.000229830084701873,0.00954169856412193,0.0114424758909189,0.000519317565949037,0.00109564075454394,0.00359237321169253,0.00425007607810464,2.42164989868913e-05
"T>A_ATG",0.0131562896315862,0.000341622942173895,0.00667448045632335,0.0157200800424425,0.000367168056384836,0.00189420339427501,0.00568386025570108,0.00297479420677924,0.00148240983829131
"T>A_ATT",0.0169693694484404,1.34131936079041e-12,0.00941636308163528,0.0196719099287185,0.000906009529598723,0.0212761534173204,0.0210267053453711,0.010308588455053,1.87102804486781e-06
"T>A_CTA",0.00496620386536357,0.000275082340433256,0.000816818306428378,0.0159173207490611,0.000204059284718053,0.00245973113935289,0.00507762691132944,0.00263172497876174,0.00220028453927975
"T>A_CTC",0.00614407684703315,1.58015470609158e-09,0.00162917877912782,0.0213187438333225,0.000408004296666102,0.00458579867231881,0.000799596214717814,0.0139105662678528,0.0034907473376276
"T>A_CTG",0.00631401770657188,0.000121344024828515,0.00220855346810627,0.0207388816823252,0.000306202079935116,0.00151020674367557,0.0032880510878035,0.00608696168576972,0.00577950662787411
"T>A_CTT",0.004308018111571,8.21901266130141e-05,9.34435631551212e-07,0.031890158128563,0.000320455955691773,0.00458935890517652,0.00732628883024477,0.0256451322315873,0.00364603543245169
"T>A_GTA",0.00547797271909722,0.000193087645777668,0.000571040304178552,0.00973046812166204,1.31105048208138e-06,0.00239180615797116,0.0024599860097892,0.00139431582695668,0.0031079947535795
"T>A_GTC",0.00617954107322934,4.37695860173936e-09,0.00207672812319797,0.0085067196752165,0.000177818462580637,0.00198961756550765,0.00263048291238895,0.00349131064798435,0.00145340716900853
"T>A_GTG",0.00587972087158077,0.000223583456147685,0.00205083531279471,0.00934224767125116,3.82694975639732e-10,0.00313050717451622,0.00250491973378529,0.00208398544996417,0.0064039477759354
"T>A_GTT",0.00628492252167253,1.01015311412141e-11,0.00102736305504581,0.0193431326659265,0.000341413714605559,0.00480007990944171,0.000114731117145245,0.00741779070257179,0.00345971190946365
"T>A_TTA",0.0113016593542651,1.1361703248125e-06,0.0107837931234634,0.010165942398915,0.000599120457742312,0.0252649970228715,0.0246682433694685,0.00663625518809957,0.00549173129258953
"T>A_TTC",0.00558809347567567,0.000195628646445888,0.00149758095370763,0.0130216735573171,9.46681076246232e-20,0.00393229396610038,0.00968624757113779,0.00818831063328672,0.00178908018710829
"T>A_TTG",0.00482935244708895,0.000122182740991106,2.51185063896854e-05,0.0086060826513547,0.00024286307065307,0.00375386838322616,0.00836910553305408,0.00323774158408333,0.00313633939201075
"T>A_TTT",0.0055138000156554,0.000291588331362299,0.00551256490790763,0.0346593558005525,0.000124073319383108,0.0167018886344111,0.0202843350773525,0.0172500982384901,0.000306391373857486
"T>C_ATA",0.0281942595701277,0.000397872621330222,0.02264032342951,0.0084472918274558,0.00115653258313313,0.00189939328865511,0.0512722388260613,0.0091565358133504,0.0266643090188641
"T>C_ATC",0.00767449319664771,1.4129950424543e-07,0.00679722643842968,0.0074088004762358,0.000492226378329943,0.00193459008300282,0.0170679894370965,0.00580093395785521,0.0130451594110406
"T>C_ATG",0.017612196484838,0.000364727045889881,0.0124802035444073,0.00438250264585418,0.000305993882274063,0.000310023380927315,0.0217425569565682,0.00756902332990895,0.0211995053303839
"T>C_ATT",0.0262964345984781,0.000568595859113267,0.0194276595917805,0.00947479449702747,0.000704373321314158,0.00182733344813338,0.0394188673846132,0.0111116804122676,0.0299514417157322
"T>C_CTA",0.00895999059673199,2.06352278159924e-16,0.00477574708781558,0.0046196491097122,0.000357995077152822,0.00163805491071878,0.0188882284754698,0.0101160750198186,0.0151850685608279
"T>C_CTC",0.00785592841938383,2.14448964669153e-16,0.00404740999332041,0.0146742831844048,0.000410644193588981,0.00135847710208776,0.00721917679425502,0.0287681181173641,0.0159889435179103
"T>C_CTG",0.00992467008012645,0.000113788045029834,0.00591183798053486,0.00180998541353031,0.000212410780095441,0.000880801846507818,0.0112785311057921,0.0246543986513041,0.0165780000561063
"T>C_CTT",0.00632061963520817,5.06342619451937e-15,0.00306472803248809,0.00746969442507824,0.000759014218394822,0.00522461025191382,0.0195463938953661,0.0681852003450798,0.0164741830944613
"T>C_GTA",0.0123982949135498,0.000429963232019207,0.00939281568687149,0.00292865982195346,0.000291460395426893,0.00170569516269997,0.028778738171353,0.00589335825664447,0.0136101585609403
"T>C_GTC",0.00506314799804833,0.000116137949896329,0.0099605295084919,0.00512132145007739,0.000421238007841637,0.000540903905989282,0.010770946721145,0.0079435701003807,0.00814708502062722
"T>C_GTG",0.00686282662530412,8.51687155275429e-11,0.00654972961842511,0.00311470842171439,0.000514822806004915,0.00278777431309053,0.0157714828502049,0.00716128426600881,0.0102126829424918
"T>C_GTT",0.0141065564864951,2.87287881310845e-05,0.0116208368282743,0.00396339559461154,0.000773396652293355,0.00175540244170693,0.0239108162472646,0.009405410545988,0.0158162047451485
"T>C_TTA",0.0112848300148821,0.000631359440874058,0.00636404203919902,0.00481013084845843,2.46201323330327e-08,0.00548686518041398,0.0517953789906576,0.00757369178048557,0.0135423926008481
"T>C_TTC",0.00390846196971548,0.000286368855298282,0.00798838346760213,0.00826111882367257,0.000158795524647805,0.00636632753533199,0.0358207427832102,0.014568787588425,0.00973065137578468
"T>C_TTG",0.00701626799864838,0.000201937943485855,0.00211096564503867,0.000494172556420671,0.00011143800838367,0.00629030529844269,0.0258697195897593,0.00861422030312947,0.00733782012746264
"T>C_TTT",0.0131668961515428,0.000783888094654923,0.00903493454998378,0.00580566547277481,4.05831720305682e-17,0.00785198575281352,0.0521801107196204,0.0183485728557667,0.0145154316838003
"T>G_ATA",0.00420540352930206,4.45266550906785e-21,0.00206983382515083,0.00469311665935472,0.000374414897970121,0.00298189990559289,0.0180656641792043,0.00324920398070267,0.00675657083841826
"T>G_ATC",0.00257888252460638,1.92736667920064e-05,0.00207350456045003,0.00161331038929512,0.000181237868102147,0.000161347499047385,0.00643188010550859,0.00537654204863701,0.00287940180398138
"T>G_ATG",0.00283783071649273,0.000146980020314236,0.0017722167672972,0.00916898165298313,0.000121690494926938,0.00071196234136676,0.00139080090269255,0.00370766705501275,0.0118141162482857
"T>G_ATT",0.00285005875114066,7.68828974786321e-05,0.00275756283707596,0.0019436738596807,0.000221709743198151,0.00425649310942139,0.0117415097771507,0.04119019365033,0.00850691757594468
"T>G_CTA",0.00195924418306293,0.000115154816548593,0.00171449926620772,0.00219280753437404,2.45186786120692e-05,2.11556327837338e-05,0.00447889089658913,0.00395357482510856,0.00704630163577318
"T>G_CTC",0.00295877971467422,0.000122957312801519,0.00121150311037372,0.00423357590560593,0.000109476322132447,0.00163251051460214,0.003077574326054,0.013464975864315,0.00579728607213915
"T>G_CTG",0.00379214163857294,3.81487927859799e-14,0.00198746636170557,0.0064514671661424,0.000312970631234698,9.32740381196483e-05,0.00284136516956035,0.00870940775095662,0.0165025369020519
"T>G_CTT",8.60629260197816e-06,0.00040505805778344,2.02536666027864e-05,0.00521943413807566,5.49937281416815e-09,0.00950540205341687,2.19545750431654e-09,0.153403229695618,0.00031502227764327
"T>G_GTA",0.00155631903740555,1.80751910067991e-22,0.000412144631820481,0.0030654067696556,0.000190783712979191,3.25285953113234e-06,0.00388276261359309,0.00113472562722322,0.00656700248864541
"T>G_GTC",0.00234860635668883,5.49381800725535e-17,0.00057070412867787,0.00173836482460798,0.000197039941113601,6.98037408339106e-09,0.00204480622678687,0.00346705711232434,0.00464436283859595
"T>G_GTG",0.0109524598531725,0.00051681346659474,8.99371727382409e-12,0.00728284079707942,8.51827104931799e-17,1.21411903331855e-06,0.00134151661260147,0.002891118837523,0.01221103895037
"T>G_GTT",0.00147336452258022,0.000128609880970903,0.00196939765597452,0.00448901370794262,0.000105406457995992,0.00169349903606671,0.00146280948807419,0.0398594868408432,0.00856007340565705
"T>G_TTA",0.00306198224759172,2.79799751810967e-05,0.00146811646678154,0.00316788744735211,0.000400552887979998,0.00207453686440587,0.0160194999577061,0.00558228580610236,0.0136470769605008
"T>G_TTC",0.00298509212482971,2.18698640992632e-05,0.0019511448143166,0.0028552005311185,0.000123750415003808,0.000667304842472455,0.00635489289587471,0.00895213769466264,0.00777885545360067
"T>G_TTG",0.00434602438574208,1.09280297799115e-10,0.00206926253210108,0.00849063986247326,0.000331770867522064,0.00149845995557466,0.00568732364775162,0.00639233800784679,0.0133849352766533
"T>G_TTT",0.00458043155448849,0.000592237655548872,0.00636650299080952,0.00659893525101117,0.000241238669493296,0.0100531921733437,0.0182775495283703,0.0933907414182612,0.0150869048564761
