"","Signature1","Signature2","Signature3","Signature4","Signature5","Signature6","Signature7","Signature8","Signature9","Signature10","Signature11","Signature12","Signature13","Signature14","Signature15","Signature16","Signature17","Signature18","Signature19"
"C>A_ACA",0.0462895362823894,0.0195419540000012,0.002175525169656,0.0474358305731097,0.00978211816649905,0.0283613169844812,0.0475247540375544,0.00203113210205472,0.00753653457267626,0.0175988487053979,0.00986390722473287,0.0215508756761781,0.00736990547953112,0.00205762959957921,2.12424842271187e-08,1.77708907192187e-06,0.00890683940860438,0.0469305841250793,0.0197798716818837
"C>A_ACC",0.0278729670458203,0.0168496415456046,0.0399860846403932,0.0205861315777858,0.00671195601778493,0.0165788101592776,0.0348107714263815,0.00297596185410918,2.66985057781058e-07,0.00336399344774421,0.0050191068756692,0.00955791923238569,1.80364619900663e-05,0.00448127969929916,0.00326779877923929,0.00274912252836776,0.0152557807361507,0.0210021353547759,0.00864568017851448
"C>A_ACG",0.0189785252786782,0.00328942227045372,0.000560713200087705,0.00435049397826039,3.63540156852052e-09,2.30967332656434e-05,0.00518682377684863,0.00162569081476113,0.00111475252994194,0.00400777644705929,0.000134467934770693,1.30340196837883e-06,0.00889386321704354,5.56733944841028e-12,0.000797612044173237,0.000800511961272589,0.000917384401443013,0.000816976848149489,0.00879154231475298
"C>A_ACT",0.0279193912602251,0.0108729355788587,0.0081298838124246,0.0326682844505353,0.00591783654845105,0.0272717177344043,0.0437759857924043,0.00242535429791422,3.80026893991731e-05,0.00893321657116393,0.00568697735212128,0.00913234446486552,4.88475516416842e-07,0.00474029526144034,0.00639263621546104,0.000629603734088761,0.00539625881417159,0.0208576236374376,5.03562142737295e-05
"C>A_CCA",0.0314973124598711,0.00953935819241311,0.0206356578389062,0.0524929368901495,0.00371682572033265,0.0161614497613316,0.0440614930589907,0.00438458184464637,0.0136411956962203,0.0133389294556438,0.00781227033415601,0.000939026141398352,0.0171239154351411,0.00330454414175273,0.0065155998681181,0.000852235203336866,0.00690201905755269,0.0285717812152593,0.0394296856100181
"C>A_CCC",0.031485357169352,3.04420352085294e-10,0.0192540141109801,0.0337790804351344,0.00463809926463448,0.0203454723077998,0.0447687009464954,0.00543708990633993,0.00281252691701672,0.00611041965789424,0.00810518077757279,0.00772511856654153,0.000786080275765552,0.00322564137521063,0.0167573915065481,1.7931198478395e-07,0.00680959266366169,0.00690853078989028,0.0478947272880498
"C>A_CCG",0.0133350844155873,0.000664017011915365,0.000446306173297182,0.00468125762452588,1.23219498712671e-08,0.000314964139645441,0.00394661773428905,0.00197978886062342,0.00221379207943112,0.00194798305732601,0.000935124347766947,1.12571725335929e-09,0.00656970536278013,0.000532121011518585,0.00242469258782575,0.00106452781776613,0.00241078483554532,0.00157137363417189,0.0159670745115194
"C>A_CCT",0.0148677719081876,2.63952273130519e-10,0.0524529584613933,0.0333928728942866,0.000102277993736529,0.0252454435845195,0.0422010074969704,0.00274876082955867,0.00240234509101371,0.0100128169834253,0.00477899996125114,0.000119228265859857,0.001093124612601,0.000851724159562826,0.0449696034888778,0.000619869468314324,5.01018798724164e-09,0.00996844957025394,0.0321603377750793
"C>A_GCA",0.0586307369697902,0.00246311773717454,0.00673374660472389,0.0345710601793275,0.00315142875018647,0.0206703764924976,0.0100915508725488,0.00362566120442663,0.0111027753909806,0.00136840524853752,0.00686443125561673,0.0147144787187907,0.00380404929868297,0.00241305630727334,0.00249713605427349,0.00299886975910228,0.00902846074468904,0.0536722060372828,0.00408125390510982
"C>A_GCC",0.118969030719256,0.00222707937523409,0.0369142953376208,0.00272587816208441,0.0108264242325916,0.0112789772155879,0.0143016224325916,0.0107364022941687,4.97031239560438e-05,0.000438973548778078,0.00228736051176279,0.014163571731423,0.00759190063796712,0.00177050295687482,0.00357690630304877,0.0073068421472021,0.0013134429449495,0.00959782323012159,0.00155251959639764
"C>A_GCG",0.0512637103706424,0.00143967652849101,5.32122566953741e-13,1.82054348411987e-13,0.00111501758029245,9.95208856038798e-06,3.7821478580073e-05,0.00517922410659169,0.000892008661490626,0.00266343069561943,0.000190458226646545,0.00114597446801885,0.0118149711504085,1.74715843829537e-11,0.000314523569891825,0.00114049734035143,0.00138182609176792,3.18629347510947e-07,0.000364010980763056
"C>A_GCT",0.0538364990972502,0.00267566251771471,0.00594596959164668,0.0212826535865607,0.004667074432205,0.0209822113541358,0.0195965016651852,0.00513030999512703,0.000315632756795805,3.01275930049481e-07,0.00430470815128271,0.00763436569510963,0.000830539393928645,0.00389744382097946,0.0103196471497463,0.00206640444880941,0.00151758096191191,0.0229488856722775,1.27202059192098e-08
"C>A_TCA",0.0352550327835033,2.98485387775739e-05,0.00110804843327895,0.0313723511189341,0.00114074065818204,0.0333583527279785,0.015567557221903,0.0039445956613306,0.0117732370976837,0.0158889783170276,0.0105487645805935,0.0145851221190176,0.00595552201969826,0.00377357584116226,0.00270291604993288,0.0108450101206095,0.0155296655802426,0.0752837240261754,0.0170891727227353
"C>A_TCC",0.0516183749517544,0.00881212610592661,0.0143551023164606,0.0208473074300383,0.00460009119176153,0.0236398925412543,0.0276413642916102,0.00523642440152682,0.00554002197271936,0.00814592918463871,0.00723485243085078,0.0189893541150481,0.00020811217464121,0.000711824447678467,0.00598248048020179,0.00458522105974076,0.029702057837318,0.0413079696672037,0.0294498575189339
"C>A_TCG",0.0144533501019418,0.00407890452505362,3.52716541053506e-07,0.00133485926328924,5.75283749115736e-06,1.35984336298963e-13,0.00180972239036689,0.00160451521934551,0.0014160627861334,0.00249705075450757,0.000660487159988773,0.00205393504206949,0.00688396990896155,8.06859568631709e-06,0.000601190285908161,0.00179259008787282,0.00314971134563506,0.00560275056421807,0.00909283152717352
"C>A_TCT",0.0268148261456619,0.00472237348654747,0.00679747961923462,0.0435653779618823,0.000748384481069388,0.0471315553959493,0.0123036879318923,0.00379313096684117,0.0134449961163301,0.00652770774531269,0.0111906052983448,0.0100461262126272,0.000878260632595569,0.00878270285618653,0.0164272872399971,0.0127377566837624,0.0160981944395174,0.106526653294513,5.11646045060466e-05
"C>G_ACA",0.00807085739851295,0.0161422528012019,0.00205424184998315,0.0153748197897548,1.54120505753536e-07,0.0139869755881225,0.00864119841878622,0.000387883950133143,0.00562547304529957,0.0089482310832675,0.00276342007458746,1.60527595557528e-08,0.000850766174021202,0.00409651540943833,0.00156866627170366,0.00464425590122731,0.00228353032636285,0.00304953787892276,0.00617595402340092
"C>G_ACC",0.00596897146536016,0.0101978752880467,0.00425801467747131,0.00617366992092607,1.4808689843335e-05,0.00612298147549108,6.5720057964654e-06,1.33439763998609e-05,0.00357384952046533,0.00458417324029098,0.00117481364479129,6.11345469457846e-10,0.000741740434443274,0.0037073388073063,0.000995300388684741,0.00485044410050457,0.003946030323459,0.00470370182942005,0.00647699434384906
"C>G_ACG",0.00212339629878767,0.00426404757075161,0.000194162923077546,0.00258657615743274,1.01989247932336e-09,0.00107878861643274,0.000619495648278359,4.27573528144e-05,0.00078158310968827,0.00106624141289372,0.000255352919820129,1.02183512750107e-13,0.000254879380134582,0.000449749244638723,0.000357772780904785,0.00195118681289889,0.000124950056430186,0.000565977980859956,0.00175073102772372
"C>G_ACT",0.00580106273017081,0.012873067857179,0.00529147321866863,0.0140060025620746,0.00967750369312321,0.0180643708026173,0.00508271730615924,1.52953162978373e-05,0.00183105830791162,0.0113066630076095,0.00255061529530449,3.86886983885168e-06,2.02943637962786e-07,0.00799895585474832,0.00163034335745503,0.00723115873461452,6.02823695217734e-05,0.00379615180109089,0.00819893829936472
"C>G_CCA",0.00427914274741911,0.00831256078900523,0.00155255047682706,0.00804279558640072,0.00160578796084122,0.00779181053795443,0.00334099087307081,0.000299537412007274,0.00207465250865838,0.00337446532237874,0.00095825943121669,0.00257804750083909,0.00162817951521577,0.00250822743374694,1.36797579526346e-21,0.0054151419815531,0.00505976449751251,0.00143051346633838,0.0135462911109495
"C>G_CCC",0.00653104862076224,0.00834326977247929,0.00320683141620499,0.00450086410338939,0.00414554624818523,0.00770724716083814,0.00219455934243257,0.000586223418325154,0.00200939250828268,0.000555382713943928,0.000722689181167893,0.00181733591402708,0.001106057366242,0.0021769258567046,0.000618790267608328,0.00839614780362791,0.00961522507911568,0.000585457051402185,0.0158072763602011
"C>G_CCG",0.00153743878543233,0.00338012708506828,2.50917539677062e-07,0.00195032392593815,0.000732703627700183,0.00072162194118988,0.000950921584015982,2.9012748113708e-16,0.000461272113413151,5.47373095798713e-17,1.56732880191449e-21,0.000851644432220024,3.37473053588803e-10,0.000249406319839309,0.000393534814290434,0.00375912570573451,0.00303454667626875,7.37966093216698e-16,0.00395194257842567
"C>G_CCT",0.00189515290707388,0.012781484658979,0.00817057849246626,0.0100992357606169,0.00870482273297171,0.01366983549879,0.00168533725281604,8.71009217578687e-12,0.00239782623335588,0.00433298655858194,0.00214775156887786,0.00288202812350769,1.00699762232722e-06,0.00366050259227854,0.00109513837714919,0.0103127137896905,0.00889224648817649,2.83954888795427e-07,0.0211173727426118
"C>G_GCA",0.00660910144034432,0.00654720949345387,0.00281908397770892,0.00880499680566393,2.83690869911207e-08,0.00344609024240832,0.00257825479153766,0.000430473848032106,0.00236893159001733,0.00269342574414692,0.000875160743357387,8.01467827319742e-05,0.00155469482342738,0.00175132337672083,0.000537892483056633,0.00182437630361737,0.000260174868599424,0.00240640756537437,0.00417386180736733
"C>G_GCC",0.0101367553930213,0.00704045902062867,0.0214419641800716,0.00336821942004111,0.00231277651951057,0.00474070046455157,1.9287549965372e-12,0.00103824046500726,0.00186939524015321,0.00534925663423593,0.00141446588995047,5.41760703010985e-13,8.41961879448237e-06,0.00155029933886238,0.00174795858810599,0.00430744931237083,0.00169583977431869,9.23582471174317e-11,0.00865001945205612
"C>G_GCG",0.006376612794824,0.000521673617300657,0.000119086199070611,0.000925323328466918,1.25052374836015e-09,0.000165393694476528,0.000240462822637691,0.000460290933037473,0.000666656720153082,0.000247476277533559,0.000623769815094496,1.43583118841635e-05,0.00102446010043452,0.000683108393744022,0.000101674801898018,0.00103226849140356,2.98328003755762e-08,1.22375593408333e-21,0.00150691855928867
"C>G_GCT",0.00616028811282041,0.00936018982928775,0.005679224773528,0.00893965701758114,0.00337212321799978,0.00907406058243105,0.00270939280003983,0.000402050617575818,0.00081022086377278,0.0026849938680894,0.000678453209357782,0.00060632647276663,1.25757354086827e-06,0.00488834446779561,0.000996672356810745,0.00572092197311164,0.00107896554108375,9.45052758794669e-08,0.00387114902339548
"C>G_TCA",0.00492079262405118,0.0130920214135637,0.00408035472299954,7.03490798912765e-12,0.00142259394242107,0.0439345178326041,0.00387033444587026,0.00187317497654151,0.00648920448732925,0.00622335603097138,1.92739256787327e-10,0.000926134325529534,0.00980493898087398,0.000729170606900791,1.36797579526346e-21,0.00900206697579725,0.00620133775950895,0.00275890157130727,0.00268433040065573
"C>G_TCC",0.00658024184744504,0.0149761975053119,0.00238514808672091,0.00305649514786439,0.00521797353294199,0.0250095329081649,0.00219691364629269,0.000161120919751179,0.00371509725186109,0.00446272879516935,0.000569623135704014,0.00279021876742369,0.00649621637523729,0.00257695583690458,4.31783086451031e-11,0.00765348556949716,0.00907699687319146,0.00260624938032229,0.013140180837381
"C>G_TCG",0.00210983460932426,0.00319196825594424,3.33580427465617e-07,0.000865379107726575,4.62229072505563e-09,0.00150582253464352,8.73789934565147e-11,0.000198502817972701,0.00080441629138482,0.000883625553383553,1.56732880191449e-21,0.000510746108617772,0.00119216322086762,0.000478221626827119,0.000126558756732923,0.00250621884916037,0.00130895484057838,0.000153527673384146,0.00258447008220522
"C>G_TCT",0.00061688572206447,0.0225679728360277,0.0105637607988018,0.0058712718228379,0.0289301725508219,0.0856968242910671,5.93694455641704e-05,3.41352972247907e-17,0.00526603006311283,0.0133788817288364,5.52425024132166e-06,0.00630616034174109,0.009615596113088,0.00508641693713285,0.000614039514195612,0.014522247604016,0.00750982840390222,0.00363281766265465,0.00831821555707415
"C>T_ACA",0.012914544630697,0.0343122246870033,0.000900609143887897,0.023114295524409,0.00131638325363052,0.0138772890856628,0.0265641807169161,0.00418794938859679,0.0161094391410125,0.0229866239241253,0.0160589836870288,0.00305463318533137,0.0229321882454107,0.00793249190283958,0.0338604857252186,0.00508383271000709,0.0611069404746637,0.0114070758871678,0.00203164430714314
"C>T_ACC",0.0064827700516173,0.0189671385939958,0.00252677767516152,0.0148588742636796,0.000944545598987914,0.00690318568272616,0.00606190629114744,0.00282513404709186,0.00702809491940392,0.00766327849670582,0.00700671934156182,0.00176758274871466,0.00847924128954211,0.00256074398222508,0.0175681263040071,0.00300299509837766,0.0499087234547231,0.00563762413092043,0.00400656763683216
"C>T_ACG",3.47407768461247e-05,0.0885916041274095,7.63226919076908e-06,0.00916763804286995,0.00217125937759437,4.32418957442592e-08,0.00464042902243255,0.00228863494783651,0.001512569941139,0.00121050935674857,7.56330694720555e-07,0.00413931196517552,0.0122171212012495,8.81153857199015e-05,0.0672957059674893,0.00555955215426199,8.76479485711506e-05,0.014471100374207,4.19851252340334e-07
"C>T_ACT",0.00837150880339717,0.0245706055508969,1.04016005526766e-10,0.019508361087304,0.00284593059110602,0.0118211882800288,0.0201263018910932,0.00319099749648179,0.00246023771640544,0.0152652758631659,0.028751248894608,0.0022236663441584,0.0160229993392904,0.0134406185868182,0.0127170654469479,0.00807106475687968,0.0261780635861778,0.00753705258590678,0.000543082907290642
"C>T_CCA",0.00825166754772726,0.017391192352702,0.00442721085817238,0.0146962418460407,0.00596535031087509,0.00435728578483063,0.0108443126836795,0.00782998070242043,0.0165468900412192,0.0143892575426122,0.0886816343522611,0.000936805213530393,0.0309755447274263,0.0180821566911524,0.00906559175791768,0.00811250529093593,0.0627875817782332,0.0190740972437882,0.0251219156047573
"C>T_CCC",0.00357295828326185,0.0300358140824529,0.0892577815339529,0.000349917488866451,0.0075445531602336,0.000768406209301144,0.00067888355195343,0.00975090785642502,0.00523301353968198,2.5697454362207e-05,0.0579310679451226,2.70985255917509e-05,0.0164931652893484,4.51117240129016e-07,0.0140862800802653,0.00552808406331048,0.0645693113437656,0.00646507674969526,0.0227357945769586
"C>T_CCG",0.00242416013884764,0.0554831445953055,0.00208372945056252,0.00660570942753722,3.15060391942667e-05,0.00191841743040384,0.00194099340517028,0.00313906286265554,0.00199399156618826,0.00112079912863738,0.0111917911734713,0.00194153475583848,0.00634717521315915,0.0030507297269416,0.0454414148385957,0.00211954993089172,0.00462473875917877,0.00807857117353766,0.00506874841134386
"C>T_CCT",0.0053673447121104,0.0311668548794305,0.0427209552526228,0.00642347543860641,0.0213287635815719,0.00601499016397049,0.0174979227463147,0.00649651262108218,0.000153180860760152,0.0120846746243128,0.230126672419697,0.0112568540161236,0.0352638387284211,0.0101670400902514,0.00776796171360829,0.0211906305502648,0.00932727560554337,0.0115074035953713,0.0204521007554158
"C>T_GCA",0.020197969448937,0.011444012259459,0.00527150683988694,0.0110091657417133,0.00313202282771168,0.0137806477447853,0.00369674387966498,0.00421174730168632,0.0142605932471362,0.0197225843552488,0.0476348009926796,0.0113620578839524,0.0155066692556727,0.00676350830025697,0.0421952075407477,0.00137516305716641,0.0578722486348318,0.00935480513567774,0.00564190191151737
"C>T_GCC",0.0398317185201063,0.0164499111858677,0.0112002927389162,0.00522559986255947,0.0073214940242819,0.0154092077471369,4.05898605462449e-05,0.00690911111584753,0.00409651755264616,0.00633358387809893,0.0325756095537111,0.0114944557512614,0.00545055464309511,0.000819459283059746,0.0525714410041962,0.00170681788008745,0.0519300495932406,0.000111102468324203,0.00147228217952499
"C>T_GCG",0.0106202757316966,0.0624758767817758,4.95746257495816e-05,0.00199980733175433,0.00253466773875306,0.0105873355914102,4.8384605545962e-06,0.00221010925801885,0.000191422912168988,5.36499729654676e-10,0.00276508794844953,0.00817142370527855,2.40573319288899e-05,0.00180988616773828,0.0810101215880857,0.00103472912971003,7.0985662824204e-05,0.0131105079388293,0.00141055153559538
"C>T_GCT",0.0194837493325197,0.0222762858328697,0.00126499629959568,0.00845343920025922,0.00750538095395371,0.0153070493009346,0.00684172499481017,0.0031065170327852,0.00183163457561226,0.0127800506339344,0.101298323459984,0.0128877384742512,0.0132706677154353,0.0105035578352052,0.0316389949567644,0.00892758076293109,0.0150014276692053,0.00608860164681036,0.00191454970440252
"C>T_TCA",0.00275586556881351,0.00877638652644513,1.27188144044773e-05,1.55499697098839e-05,0.00541552074181445,0.060777788060045,0.00675678225829962,0.00518730726200748,0.00951819516712439,0.00732712930397048,0.0225570402926099,0.00456737943706731,0.0588861575482928,0.0119911049047435,0.00739119931421039,0.0142536192847329,0.0694786760834725,0.0467570895265075,0.0195196431405926
"C>T_TCC",0.00811891048121471,0.0202829024856942,0.00904746153150438,0.00666516853499059,0.00545879493361618,0.0351597547722977,0.0023295511294276,0.00609672215957585,0.0116988748523975,0.00107994402320997,0.0110899518832811,0.00375790538651451,0.0225409243019703,0.00341553903012705,0.012255815799768,0.00957926369549112,0.0720614064246021,0.0331905931288154,0.0151980819403564
"C>T_TCG",0.00175555787129472,0.0419667687797086,0.000153549599749992,0.00335149998533601,0.00209346506177047,0.00194645471212963,2.40865762473077e-06,0.000781525745221371,0.00168594568854029,1.60950542381817e-06,0.00217884513488535,9.31267947331364e-06,0.0112413914867847,0.000981398662811179,0.0247854758258275,0.00224697373376107,0.00530213139246478,0.0108966026351319,0.0028741582393651
"C>T_TCT",0.00503690495143431,0.0120648445657189,0.00303104193897645,0.0072638794690239,0.0132953660868994,0.0497625381156924,0.0177525033525347,0.00451404252467256,6.41342289591151e-05,0.0243019697892615,0.0475560763148251,0.00776532522242607,0.0528315392419316,0.021242781324674,0.00591468289155648,0.0199096270893231,0.0286141251253024,0.0426125533486047,0.0126938168318367
"T>A_ATA",0.00314789498922417,0.00261732401657103,0.00363166343731967,0.00263764259021175,0.0140163678872894,0.00550787846284279,0.010200119592287,0.0576157456907013,4.27541057820411e-11,0.0354111842516967,0.00455310366868478,1.95355258861725e-10,0.0116712709592588,0.0399788480050491,0.0108733873710415,0.000817061021465731,0.00310987771185678,0.0135822402757281,0.00986953733052205
"T>A_ATC",0.00358936441868081,0.00887340671825644,0.00569354554968502,0.0034731191551092,0.00973772206019034,0.00505988026623784,0.004082436662222,0.0104305255664237,0.00220944598837328,0.00303113524793354,0.00117766260712099,0.00547695885769723,0.00884943429288601,0.0137739308415958,0.0145042562462332,0.0069460179376551,0.00528015182165519,0.00996746239715292,0.0048470104799883
"T>A_ATG",0.00270987676864052,0.0134249170727498,5.78389661802536e-05,0.00572084346306691,0.0104125865558304,0.00274672980469753,0.00952773076363349,0.0601875724776983,6.90766968592958e-05,0.00597573380759384,0.0033622334217813,0.00232706025705162,0.0129685640949189,0.0252871351710335,2.51087310067946e-16,0.00238131718925025,0.00525077794209215,0.0112196722552513,0.0214173277877338
"T>A_ATT",0.00190173551571673,0.014865347371735,0.00502255442691855,0.0145036743540976,0.0115205738403187,0.0138897822362579,0.00389411668181145,0.0189896128438189,0.00226610603595502,0.0105791369097283,0.00199020576877287,7.04504419947059e-05,0.0100129775497386,0.0284100744772701,0.0221664104903357,0.00728867235407238,0.00691917329014028,0.0320367816618707,5.07261071298152e-08
"T>A_CTA",2.76775737811354e-06,0.0060651230792938,0.0478474346830948,0.000299149840421223,0.00464427531297511,0.00968668036412095,0.00863785484930206,0.088754713037949,9.30786253651265e-05,0.0115608909546368,0.00116823181833147,0.00896576737880135,1.60853310840162e-06,0.009736271964401,0.000397821543652326,1.11037834702383e-06,0.00178219926148886,0.00208689932231341,0.00288166475273667
"T>A_CTC",0.0025960180039033,0.00321819604518566,0.0304679790952437,0.0160070320545624,0.00807167249321317,0.0111191486539702,0.0127782485920719,0.0465672010072568,0.0114039368610649,4.55962138718819e-05,0.00399935510789902,0.0181705356431296,0.00115278541968382,0.0267470074946056,0.00342777039406874,0.00636927055367924,0.00478367506342274,6.85583368411829e-05,0.000226424879118363
"T>A_CTG",0.00763015666263346,3.03124300291126e-08,0.0490138949673719,0.0422390707263865,4.8470777741476e-06,0.0148534671378523,0.000618113531236633,0.151015299347921,5.38500521505726e-05,7.88067608714829e-07,2.97926594866974e-05,0.0467583987055093,0.00857048978904464,6.73419061920073e-05,0.000269110213186221,0.000219340139302106,0.00101572902407978,3.16235960546445e-08,1.93990499276739e-06
"T>A_CTT",0.000901548839378791,0.0180785306497866,0.0623318988370859,1.01389205462185e-05,0.0158244310244522,0.0126436896636339,0.0229360323625441,0.0447595413657488,5.91306190639201e-10,0.000388150501722506,0.00185124306991948,5.29836393524424e-05,0.00843581367579958,0.0262671851009921,0.00145768924269195,0.0118560161109121,0.0137563384686403,0.00309518186376282,0.00118170580264475
"T>A_GTA",0.00170750210098046,0.00833192547690975,4.57270564757777e-06,2.77030854294894e-07,0.00165889706653539,0.00177916521313208,0.0086086118534374,0.0462210331273804,0.00193364717859699,0.00558928541402576,0.000436865591726413,9.05205547591809e-09,1.46096645133328e-07,0.00661544617622157,0.00166476175101369,0.00165933405819399,2.48641608139567e-08,0.00310231483019506,0.00929941442277505
"T>A_GTC",0.00393413290766587,0.0033662496191848,0.00380199842308305,0.0035984113277272,0.00318180023513041,0.00461452905267058,0.00761417933438364,0.0105844247358967,0.00446468070536811,8.49872574370264e-09,0.000900660747446762,0.0088723569045084,2.97785525088564e-06,0.00372292701569096,0.00580910977388637,0.00467526854709823,0.00268471844431967,0.00338486300238047,0.00114368354957441
"T>A_GTG",0.00459909041456892,0.00686511183913614,8.33712434656425e-08,0.0104277542491497,0.0032516391920259,0.00187796297511322,0.00943789385910734,0.0467119556513399,0.00158876905123478,0.00380106027333253,0.00153206348200399,0.00859495201759975,0.00495671801510474,0.00232638909077052,0.00136222890434888,0.00180553583926249,0.00253306601971228,0.00342567904785485,0.0128418758479605
"T>A_GTT",0.00110161232159418,0.0114644186784552,0.00106699445041987,0.00843153444524445,0.000951998544405671,0.0085248842731663,0.0134023904952255,0.00944846071226538,0.000950983995414384,0.00312561757938452,0.00150283479136279,0.00312325023226901,0.000218598095806799,0.0101702232106017,0.00382270544212505,0.00516239520337024,0.00623707070352452,0.00235796918228636,4.87912409729906e-06
"T>A_TTA",0.00571881849122235,0.00518374119954923,0.00420325521263231,0.00643396208507031,0.00551078174326555,0.00989630469396987,0.00554730117276407,0.0597247309414342,0.00313459575228493,0.0272177608551168,0.00339995306951703,0.00120380966474518,0.011297403564018,0.0306124875521173,0.00629457145492599,0.00289165731613176,0.0055131911689104,0.0172209148062975,0.00503656975948465
"T>A_TTC",0.00641999912077269,0.00317743518689044,0.00647521490814496,0.000841025090957474,0.00904066241723342,0.00527813290108274,0.0183425042094696,0.0189470539083412,0.021779597184487,0.00325862090461529,0.00496019396102516,0.0121754386733761,0.00195893925215485,0.0225313574237762,0.00189637301074283,0.00488508292725128,0.00081770493230864,0.00513546618209787,0.00236830424681424
"T>A_TTG",0.00477193810985508,0.0055162070951663,0.000758556696530189,0.0127602213705397,0.00469114458033576,0.00356997362499454,0.00830678762218524,0.0556841663162748,0.0036269238717964,0.00529856114681171,0.00133777914643617,0.0117877047948149,0.00637529232280124,0.00995160863427881,1.36797579526346e-21,0.00155781284066181,0.00579463228695092,0.00147461973888435,0.00850975026503192
"T>A_TTT",0.00243860579270861,0.0173857577970023,0.00537090515274863,0.0125178172448731,0.00664425425534512,0.0147277475498033,0.0258235269303709,0.0222424762954453,0.00757733288711006,0.0115117917570252,0.0046373599227948,0.00552625219842693,0.0126422417980456,0.0332102773347646,0.0032864031648821,0.0115493659276927,0.00901722296676235,0.0113017087416669,2.14337749807995e-05
"T>C_ATA",0.000138835443727388,0.00338029249457639,0.00298457711352564,0.0513111781448769,0.216794682945472,0.00387855993506824,0.0469327429305512,0.0192622400142973,0.0344429455731435,0.0918279491677678,0.0129968304168189,0.0846443890875474,0.0806445182864983,0.0159099076479699,0.0145591346060269,0.021663573357294,0.00209374944558646,0.011948122031803,0.038353430442093
"T>C_ATC",1.6904347833599e-06,0.00986477205844291,0.0144092991303146,5.38075101233977e-05,0.0238930110006575,1.38150288721674e-07,0.0125095032842036,0.00073462492424815,0.0461909056434615,0.00239792560618542,0.00609115269174117,0.0188571208468,0.00599430073437006,0.0237234896316777,0.00825301291329529,0.0115909743315877,0.00104765420963033,0.00562686080727298,0.0164777606867359
"T>C_ATG",7.62859307635779e-05,0.0160250235728994,0.00639645376931289,0.0107916574251655,0.073124957651393,0.00242889372306064,0.0196427081092881,0.00418407989790104,0.0227548468587808,0.00663864882700851,0.010830947459816,0.0904399337502009,0.0399248805897442,0.0326266475659911,0.0134793361927292,0.0226421532399266,0.0172893393785558,0.00652422640168584,0.0904055135894065
"T>C_ATT",0.000827237510747425,0.0186704454438394,0.00741638519772066,0.0401085631662992,0.13055501353785,0.00161076445629183,0.0105145319267762,0.00595948965451064,0.007528798341498,0.0397006361974476,0.00558692812277016,0.0210222154901652,0.0651786402457754,0.0505651419240978,0.0062835499747234,0.0164400754555787,0.0150324515724853,0.012033410309425,0.0305618096898964
"T>C_CTA",0.00309660035903937,0.0043977060764292,0.0154693591230766,0.0049128981550374,0.0277212230273706,0.00454362408402842,0.0232530561330794,0.00613049143676458,0.0412235776334932,0.0205324590441094,0.00665718455593184,0.0348408845347423,0.00185072939767119,0.0134044982429699,0.015381344513677,0.0210482584512328,0.00635700907592358,0.00212970045158122,0.0217522465179025
"T>C_CTC",0.00106433818049761,0.00052058434350768,0.0278609784186733,0.0142444713101187,0.0136955994843198,0.00546310309185141,0.0105761089352597,0.00601654171010522,0.0783167936257914,1.33806616922282e-05,0.0073855081708307,0.0120424482655284,0.00208462282058466,0.0368327110245707,0.00915304781919423,0.0178286063696609,0.000155143820775758,0.00124961548886517,0.00401325897901393
"T>C_CTG",0.0022397678687197,0.00210024136317357,0.0145536505130707,5.39377823623135e-05,0.0190961832673132,0.00608426743479727,0.010000645511163,0.000949871195006228,0.0302407376448138,0.000254844413036121,0.005253248642343,0.0457850627488852,0.00152200504351469,0.0140623436457389,0.020225511499173,0.0344440563967579,0.00821110979532377,0.000154067955894791,0.0438425835860087
"T>C_CTT",0.00489667654461043,0.00360515789320709,0.0329053052898724,0.014286880286105,0.0334651249586056,0.00753517741084891,0.0148345072516341,0.00341052934205964,0.0488336714378156,0.0118648250525871,0.00595032108653493,0.00504080482213163,0.0225692606567079,0.0382138836870749,0.0117305811416405,0.0188753622385299,0.00250841845059986,0.00240584366609996,0.00562412980112266
"T>C_GTA",0.00481541474272836,3.42822547532622e-06,0.0201582539403313,2.35322466280971e-07,0.00516810656583609,7.51644972043951e-05,0.0304496965157144,0.00451731335197221,0.0737742015196631,0.0693718717329043,0.0135743919670116,0.0419364164616014,0.00666031954183036,0.0193895511146983,0.0426755075191567,3.16927956087308e-05,0.0221833081767021,1.58979524153812e-05,0.0102577913821838
"T>C_GTC",0.00381960995762357,0.00420529819838617,0.0285914441863406,2.74532258896803e-05,0.00653106961482381,2.45287078533522e-05,0.000213098407504437,0.00402471415660315,0.0366077337074033,0.00974500166217413,0.004455762839064,0.00986236607554957,0.00814788038534568,0.0264189227016716,0.0145960800882758,0.00662176516154542,0.00836343075917222,0.00351004202662498,0.0113334220896428
"T>C_GTG",5.2776250371084e-05,0.000754280880367604,0.00618333349683897,0.00169002737891465,0.0158865104635131,0.00263884883643774,0.00904599260187926,0.00151143764077278,0.0355894908163908,0.00398740480583342,0.00865840586699093,0.029098172117354,0.000497930084692725,0.027160796303436,0.0264542956256824,0.009260975341036,0.0134962608411691,0.000469415702884048,0.0430052734716771
"T>C_GTT",0.0094975935461405,0.00164511315296236,0.0166789598553568,0.00275827513491743,0.000421410020044052,2.98639799210384e-05,0.00197546148913132,0.00372218083599366,0.0328442663088936,0.0481253320122831,0.017821305019938,0.0168291583539211,0.0419819351669288,0.0654852321485604,0.0246813277021291,0.00131476154123125,0.0209239298924114,0.0108966209448401,0.013941806043762
"T>C_TTA",2.46580477088634e-05,9.17468594844957e-07,0.0179519074017625,3.38264633895219e-05,0.0276075962123173,2.50099503443687e-14,0.0498675746290006,0.00270418799347414,0.0777797268048062,0.0767262784973145,0.0112487241263125,0.0799869062052139,0.0242267116374362,0.00356220378155923,0.027316281053361,0.010901507345983,0.0142326193961618,0.0106357679887075,1.05419285026856e-06
"T>C_TTC",0.00268893300867146,5.51350467277693e-08,0.0224981313294166,0.00584529085670071,0.0100913038226875,0.000498604005260478,0.0030682481490632,0.00362443652412537,0.0592860817601194,0.0098277644861631,0.00658153345647006,0.0034435059730464,0.0254286206613537,0.038389054498214,0.0115325113785225,0.0137143965217631,2.5710925603513e-08,0.0128571822510035,0.000854346966385473
"T>C_TTG",0.000111635179334664,0.00161156477133947,0.00955457995354177,0.000254390075959974,0.0175682696078993,0.00439958813682302,0.0134304026146436,0.00201244526915921,0.0311612671271283,0.00780638681040427,0.00721822516816674,0.0532408555126089,0.0154463477486607,0.00748993910636487,0.0165764436562207,0.0133807378014056,0.00541863464051676,0.00877454221814772,0.0291061185668339
"T>C_TTT",0.00857268615655386,0.000827164811507856,0.0281276020659997,0.00687154158341255,0.00764790711707037,0.00208657903726595,0.0158079373545925,0.00188006665979497,0.0535071298119812,0.0529181691682574,0.0114547995231532,0.0177053086605375,0.0562364104765277,0.0577308002217671,0.0265524171853369,0.00357025574483136,0.000509075096239702,0.0144116894354356,6.44660098912035e-05
"T>G_ATA",0.00470731541176438,0.00163419167850692,0.00248768518166356,0.00734440513057547,0.0052918925360778,0.00445709257162232,6.48455744556831e-13,0.00384120779469705,0.00182795725528337,0.0252375943226914,0.00217196247444749,0.00179265216073681,1.43048132843218e-05,0.00340781444452033,0.000526511069522257,0.0108063631908307,0.000860426737917881,0.00629688600323916,0.00190390336098971
"T>G_ATC",0.00108596043315386,0.00408415883034657,0.00135747724266357,0.00155730204322426,0.00262379574166161,0.000356118794685881,0.000470497072393158,0.00048031040483806,0.000961957678412342,0.0055971664334874,0.000857489134708782,0.00134455784628816,0.0023099683600507,3.11900501843751e-14,0.00121741757372939,0.0119661428697153,0.000744472112764539,0.00209688296749946,0.00435151304823364
"T>G_ATG",0.0043693866457215,0.00602799764868299,0.00270668524032113,0.00711489158056942,0.00336997009555338,0.0059502627117178,0.000594806360403899,0.00219805604982722,0.000624056983032868,0.00327556877610183,0.00137957983339477,0.004319724309242,0.00205210752641153,0.0066908877527368,0.000694879896809098,0.00844990905651954,0.000621812108844211,0.00108656514090313,0.00181451590487431
"T>G_ATT",0.00541306298705163,0.00527546227753024,0.00262974593021016,0.00663545205979183,0.00496602153708122,0.00319636906260025,0.00178503809604245,0.00300963911999655,0.00235956122568791,0.0108247991114455,4.90479810696455e-05,0.0031979714496078,0.00724293442130387,1.28343538349924e-15,0.00246768439998079,0.0398629463770943,0.00419951371352171,0.00584434006471598,0.00026276290334916
"T>G_CTA",0.00104960715655725,0.00133605532737152,0.00281244684019444,0.000839409196017113,0.00251632089010179,0.00185896373555999,7.53394429540124e-14,0.00270556634214556,6.38037488189404e-10,0.00414792392466653,0.000481602841080273,0.00486737223604729,0.00142193950730101,0.00501557539063392,0.000583880435132683,0.0129975148383814,0.000324360188507715,0.00229628536353015,0.00739661919825244
"T>G_CTC",0.000884468176389716,0.0020566183950511,0.000343556549523034,0.000865419171794366,0.00205539482700752,0.002113192263399,0.000237068148339107,0.000771569500067106,0.00140895904902011,0.00247015279757297,0.000869735495426204,0.00870845149556669,7.95124951775915e-10,0.00451274164066897,0.00366900781205687,0.0251642124156581,0.00278662325033115,0.00290483148876053,0.0133615601954412
"T>G_CTG",0.00280938455403651,0.00258962066556531,0.0038806810472651,0.0155297984301111,1.17698827484332e-18,0.0063465462194396,1.13001707320115e-21,0.00735221480106522,3.1148316345935e-15,0.00100225812297202,0.00108365627940125,0.0160714827890345,1.90061445503988e-11,0.00113690159795586,0.00516587525593584,0.0211565972693756,0.000435751057769987,1.22375593408333e-21,0.00353790859608704
"T>G_CTT",0.00721207348104387,4.86685797830787e-07,0.00287497847185356,0.00385609093263754,0.00188221949593842,0.0029524869236553,0.00981536713197626,0.00301390506258391,0.00265522549395241,1.74925841198324e-08,0.000651954126496097,0.00379622890540219,0.0100543705494521,0.00273486422503264,0.00712282981202335,0.112195121441655,0.00362594120539077,0.00302567576915292,0.000261126279690017
"T>G_GTA",0.000811446649191866,0.00330083422987479,0.00145928163494612,0.00199985992674868,0.000947609774500056,0.00216288208082918,5.7047530373623e-09,0.0009741310483583,0.000562901849445186,0.00334798418241937,0.000482549431887598,0.00227787207514158,2.35125528620842e-07,0.00156515341714523,0.000447040761460026,0.00366644891923615,0.000787899742892688,0.000937181196802274,0.0030669726094647
"T>G_GTC",0.00034771431981568,0.00254466826069091,0.00533697306588456,0.00021775725682618,0.00112082726463121,0.00107305884743022,3.37890752141016e-08,0.000453464194824439,0.000374556898349513,0.000929308055974064,0.000511660042054037,0.00195072625984156,0.000766204558449535,0.000389285808226121,0.00124108388697551,0.00675547606362516,0.00176381829660122,0.00107873446500244,0.00325264853215528
"T>G_GTG",0.00256912986641231,0.00624014651685957,0.00221604746351357,0.00928008289076187,1.46641242188337e-09,0.00556248760880223,0.000895024320732414,0.00207601616426788,0.000683930534467719,0.0019416083005996,0.000492792991274176,0.00503975305937009,0.000195872338799003,0.00308021165769322,0.00170881950463263,0.00666008006522049,0.00139390996144116,1.679609655229e-09,0.00163097063717343
"T>G_GTT",0.00322956466423621,0.00400501879759648,0.00231614195953024,0.00422322049994082,0.0031019077522879,0.00370889691420182,0.00235688373452502,0.000809330109449119,0.00143767406445229,0.000839069312733573,0.000274093262689254,7.99660813779726e-14,0.00101840381933227,0.00191682074951192,0.00523254151525621,0.0280938207651817,0.00418585006197575,4.58737273472572e-05,0.000254122448324302
"T>G_TTA",0.000656640987831814,0.0040228792792335,0.00352663750663684,0.00536863115577037,0.00553612000985604,0.00412877562197267,4.41178578655115e-05,0.00273816687202436,0.00235802702838353,0.0152147483975451,0.0015224304535056,0.0016105211333453,0.0025855858287295,0.00274935788183005,1.36797579526346e-21,0.0211953292369446,0.000776079731484043,0.00692854522718521,0.00874663943313382
"T>G_TTC",0.00319077907969272,0.00459717399361013,0.00197879771744657,0.00223284616605725,0.00471475819550528,0.00185216852569502,3.31573756198143e-08,0.00151048045615457,0.00101866285789207,0.00577094288821259,0.000359723444475966,0.000174577200183482,0.00846987163227262,0.00466367969720975,0.000436104335170221,0.0190756982092319,0.0010476539171562,0.00422894648464726,0.00717588000898214
"T>G_TTG",0.0046952626420861,0.00744488632105097,0.00460330239692022,0.0127930209285829,0.00151876759686762,0.00336928593477214,0.00172849126892909,0.00408637199840966,0.000546612132636095,0.00736367438464186,0.0013244469508957,0.00752397823632497,0.0037230509250172,0.00236423220288173,0.000626544179838546,0.0146269104504584,0.000146125248759526,0.00188295436044182,0.00220711038228272
"T>G_TTT",0.00384666426022197,0.0117399699806687,0.00271191308782777,0.00863507505553703,0.00975671901980041,0.00135600450718481,0.0126099930719407,0.00395662375422913,0.00252206590353776,0.0142733454836969,0.00112025580878081,0.00235379039368171,0.0200485149367621,0.00340738369556062,0.00227944126648857,0.102910800533941,0.00059240631145682,0.0146856608812423,0.00448915690154561
