	0	1	2	3	4	5	6	7	8	9	10	11	12	13	14	15	16	17	18	19	20	21	22	23	24	25	26	27	28	29	30	31	32	33	34	35	36	37	38	39	40	41	42	43	44	45	46	47	48	49	50	51	52	53	54	55	56	57	58	59	60	61	62	63	64	65	66	67	68	69	70	71	72	73	74	75	76	77	78	79	80	81	82	83	84	85	86	87	88	89	90	91	92	93	94	95	96	97	98	99	100	101	102	103	104	105	106	107	108	109	110	111	112
0	240	93	39	264	121	204	251	135	172	99	242	262	170	119	85	132	148	131	89	113	161	187	97	73	207	114	127	108	179	380	184	59	172	307	81	288	121	26	406	400	115	324	164	97	31	143	243	137	163	288	90	259	127	82	266	386	171	275	183	97	76	166	60	112	115	110	138	189	196	116	261	166	161	29	102	329	107	68	65	99	69	394	151	144	276	278	169	288	122	164	48	142	142	96	293	197	131	199	100	101	91	87	332	216	140	75	293	110	279	187	52	186	236
1	197	78	26	233	98	137	211	105	145	81	236	225	153	137	71	118	108	131	64	104	140	149	92	60	170	79	85	112	128	298	126	66	146	234	66	218	81	27	297	382	97	286	78	107	26	107	130	134	124	261	70	237	100	50	243	317	140	262	159	121	66	150	45	134	107	73	130	171	190	106	220	158	128	27	90	282	92	71	69	94	56	331	143	132	230	234	113	275	123	144	32	130	99	64	260	152	99	159	74	82	76	63	307	170	111	52	244	83	210	178	47	146	168
2	28	19	4	13	12	26	23	9	23	13	27	24	18	13	7	19	7	11	8	9	22	22	14	4	22	15	11	7	24	30	9	4	21	41	12	26	19	5	43	34	8	29	11	15	5	16	48	19	18	36	8	31	11	4	24	18	15	22	14	11	7	19	9	15	11	13	12	22	16	8	27	12	14	1	11	17	11	8	9	7	7	48	12	13	26	25	17	19	10	17	11	9	9	7	30	12	12	28	2	18	9	3	29	20	14	5	26	10	21	19	3	9	15
3	180	81	39	232	101	131	193	106	114	67	215	192	113	118	73	111	100	118	60	82	142	124	67	49	169	71	103	86	153	289	129	53	120	226	69	202	83	33	329	337	96	237	103	116	33	97	134	98	103	217	59	209	114	48	218	257	148	210	134	90	66	147	61	119	93	95	117	167	189	95	177	159	125	19	85	286	66	36	65	91	42	376	96	125	243	246	122	225	110	124	42	122	105	82	241	153	89	147	73	116	71	74	290	191	111	36	239	91	208	155	56	143	165
4	200	80	28	255	106	169	204	119	149	91	206	240	128	114	86	110	121	126	92	109	112	122	71	49	170	109	106	93	158	295	135	55	124	276	80	216	115	31	321	384	121	251	224	102	37	112	376	145	126	276	72	232	120	54	227	330	145	292	175	108	81	169	58	126	128	86	102	197	194	133	207	123	143	29	103	332	74	53	94	116	76	345	114	155	230	208	126	241	85	160	42	136	103	83	263	155	96	154	91	114	65	55	258	187	118	56	258	88	258	142	55	160	177
5	170	67	18	213	76	131	175	85	118	58	214	175	90	96	56	93	108	120	50	76	112	101	74	36	153	86	88	76	140	273	110	39	106	204	48	185	101	21	286	281	88	194	79	96	20	90	243	109	99	265	58	178	85	40	196	273	111	225	137	84	66	134	38	114	108	67	92	153	124	75	166	112	125	26	71	240	76	38	68	69	54	319	116	83	211	171	95	198	87	96	47	101	98	70	180	139	80	129	84	75	57	65	234	168	94	44	229	71	172	133	40	134	138
6	18	10	2	21	5	23	17	4	9	8	10	20	11	6	5	5	10	4	4	4	9	11	7	4	13	11	5	14	9	19	18	2	15	23	4	25	13	2	24	20	9	18	26	10	2	10	97	4	24	17	6	30	8	5	33	20	14	23	6	7	12	20	9	8	9	11	8	14	22	7	16	7	9	4	8	22	6	2	4	8	5	28	16	13	23	13	13	18	8	9	2	14	6	6	17	9	3	14	7	4	8	12	23	11	8	8	20	7	21	14	2	6	9
7	184	70	26	196	86	118	155	93	148	47	198	186	100	96	55	112	107	105	55	91	110	131	73	45	153	90	88	74	127	273	127	44	133	227	71	204	75	24	286	333	87	236	129	102	27	99	335	98	99	219	64	177	116	49	231	265	103	223	120	75	69	125	58	95	100	73	97	147	157	91	174	107	147	30	77	219	75	47	64	84	37	305	127	125	182	181	120	210	90	123	31	106	120	49	233	137	63	148	78	89	69	67	242	151	109	62	228	112	213	147	41	101	166
8	138	67	34	166	73	111	130	61	114	56	161	141	91	80	51	88	86	81	44	65	83	104	67	29	125	62	74	70	87	206	82	34	82	146	46	157	75	26	211	248	62	187	213	63	30	77	237	62	66	154	55	141	59	40	154	216	93	168	89	52	58	107	51	99	61	77	103	110	127	70	129	90	112	29	72	173	77	52	61	66	44	223	83	104	187	157	104	168	76	114	33	84	64	62	154	112	48	104	60	69	57	58	199	137	78	51	170	76	148	133	45	105	127
9	117	45	16	132	48	83	99	78	89	43	108	146	67	57	51	64	62	76	57	44	89	76	51	34	93	44	50	52	59	146	79	32	75	165	48	145	63	15	189	164	73	157	56	60	18	56	207	78	65	131	40	118	71	33	135	168	78	137	98	70	48	104	44	72	62	52	82	86	98	58	110	99	96	12	41	160	61	27	51	55	18	176	57	79	129	115	87	126	65	82	22	81	64	44	148	79	61	62	47	63	55	51	143	98	66	23	132	49	107	87	37	95	106
10	10	6	5	12	3	17	10	10	13	12	13	8	9	5	9	3	4	3	7	6	10	12	3	3	8	6	7	6	7	9	10	5	10	14	8	17	7	2	18	11	14	6	21	6	1	11	42	5	11	13	8	17	3	6	12	10	5	12	3	7	7	10	4	8	8	7	7	11	5	4	12	4	7	6	4	10	7	4	6	5	2	17	6	10	11	9	11	9	13	8	4	6	10	4	12	8	6	7	8	8	3	5	10	10	3	5	10	6	22	9	6	5	7
11	116	49	21	150	67	88	157	78	111	59	151	137	79	62	45	71	68	90	39	75	92	85	48	35	90	75	64	47	127	159	100	32	98	172	48	155	79	14	218	246	59	192	166	66	25	77	152	82	75	163	54	158	59	26	179	199	105	130	96	67	53	71	51	80	64	65	83	151	116	53	149	75	107	20	57	170	73	44	58	53	36	234	83	85	140	176	75	168	76	91	25	70	77	52	158	105	72	108	74	68	59	51	206	111	86	45	187	89	140	118	20	94	102
12	165	98	36	205	108	157	134	133	153	96	225	168	112	93	80	97	104	102	112	180	99	143	67	45	174	97	101	83	156	270	115	67	158	209	59	236	113	25	301	340	96	220	185	83	39	94	406	95	97	235	71	188	94	62	209	279	110	203	150	92	103	415	88	90	96	102	155	193	180	122	279	138	132	30	90	220	106	53	81	100	66	292	127	130	185	188	136	197	98	150	41	142	104	58	211	159	68	159	80	98	115	72	266	191	97	72	222	91	183	175	49	156	193
13	195	81	32	179	70	128	177	97	102	67	168	151	100	94	74	85	88	98	70	125	122	109	66	44	129	105	90	66	130	230	82	56	120	196	47	207	97	20	267	259	86	214	110	84	24	92	206	132	104	212	60	176	98	38	213	292	104	180	144	111	82	253	73	93	84	88	84	155	143	84	188	112	97	31	81	204	72	47	68	69	48	290	97	112	182	160	112	189	85	122	38	105	98	53	176	107	76	150	83	78	84	53	252	145	110	42	198	75	179	120	41	116	145
14	31	10	3	28	17	25	13	11	20	15	23	15	7	10	8	12	10	11	13	13	14	18	11	6	14	16	5	10	13	12	14	6	25	20	5	24	11	2	24	30	9	18	36	16	3	11	40	3	14	22	12	18	9	8	24	33	13	29	9	6	14	37	11	17	7	10	14	26	18	14	19	13	9	10	8	26	8	7	10	4	7	38	12	18	21	19	15	12	8	11	7	7	13	6	22	15	3	15	7	8	17	8	19	17	8	14	24	10	13	27	9	3	17
15	244	136	61	285	118	185	195	130	223	104	257	235	133	134	83	134	122	149	115	177	161	181	112	52	197	130	147	121	171	321	157	78	174	315	85	264	119	37	322	387	130	305	266	120	50	144	437	150	132	272	88	248	102	76	256	323	146	273	155	106	118	332	98	137	109	100	177	212	189	114	246	164	175	43	113	330	121	79	88	109	77	401	149	157	301	247	179	263	159	156	80	116	104	81	257	202	83	169	81	132	109	94	358	219	125	66	294	102	254	202	61	170	232
16	183	42	6	132	54	148	156	82	75	64	118	174	85	89	51	70	79	94	48	90	87	89	53	30	139	92	75	40	107	137	113	28	129	199	38	153	94	18	294	242	80	168	28	75	20	87	107	112	99	257	72	217	76	27	214	331	105	177	120	102	55	158	38	99	84	92	79	129	164	101	160	72	75	8	54	189	59	36	47	60	34	284	101	71	162	204	100	128	82	115	31	83	92	62	195	90	73	118	91	78	44	40	269	140	80	36	203	59	187	104	27	84	129
17	92	35	1	67	33	55	83	44	58	23	60	90	53	34	25	51	37	43	24	49	48	42	21	15	74	43	41	24	58	72	56	10	88	91	19	89	53	8	146	113	44	106	25	40	7	44	43	66	53	145	29	105	42	13	120	161	53	74	49	54	37	78	17	53	43	46	44	64	76	45	94	47	45	6	25	90	36	18	18	33	25	129	58	46	79	79	55	73	40	66	16	41	50	29	101	47	37	49	39	39	38	17	134	70	37	21	98	36	90	43	14	44	69
18	28	6	1	14	6	18	21	16	23	9	18	31	12	14	7	13	19	15	6	16	17	23	13	4	29	20	18	13	21	23	16	5	25	34	4	35	16	4	47	48	12	28	8	16	2	14	3	23	25	42	13	47	18	5	51	68	9	31	31	22	11	20	13	20	12	11	24	28	31	17	37	9	14	1	9	27	11	5	7	5	6	69	30	11	21	29	17	21	9	27	6	14	19	14	36	5	19	18	18	15	11	9	49	29	14	4	40	13	23	16	4	18	20
19	154	41	10	161	52	128	124	89	83	48	140	167	107	95	59	82	72	97	54	67	103	91	55	34	117	102	76	43	102	157	98	42	146	181	47	211	92	13	257	244	86	188	43	75	19	58	72	132	109	279	51	187	89	26	245	277	94	186	102	108	66	151	45	85	60	117	105	129	154	89	144	98	97	14	59	173	66	44	37	68	39	299	108	84	134	158	63	113	84	113	21	117	90	40	167	68	97	127	104	55	57	47	254	144	65	36	188	57	166	105	34	101	125
20	127	42	7	102	40	82	111	52	51	41	91	141	66	61	36	58	46	60	40	58	69	63	43	12	91	62	59	34	84	107	96	19	102	155	27	123	54	13	179	188	64	117	32	57	14	47	68	66	63	153	36	130	64	28	154	215	84	128	70	68	57	162	28	69	59	58	67	89	133	70	118	54	57	7	40	136	40	19	32	38	32	155	83	53	120	148	53	92	65	86	25	62	65	34	126	56	53	96	80	49	33	27	185	85	42	26	145	40	135	52	19	57	97
21	108	29	6	82	35	78	117	61	50	32	78	87	62	51	28	40	48	50	39	41	67	83	29	11	75	33	51	28	79	94	75	21	86	121	29	96	44	10	157	137	46	95	25	45	9	42	63	92	49	150	53	101	56	12	131	178	55	113	68	57	33	99	23	55	43	61	49	89	84	48	89	54	47	8	33	133	28	19	37	32	20	156	59	42	109	76	56	83	50	68	21	46	48	29	115	49	43	67	67	50	26	16	141	60	43	32	119	38	84	52	12	55	73
22	18	7	4	31	4	14	29	13	15	7	26	31	17	14	7	11	12	7	11	12	17	22	5	5	15	16	20	9	18	21	16	3	22	29	6	23	15	1	41	32	17	19	20	18	3	13	4	17	12	50	6	41	15	3	23	42	15	18	13	13	12	34	8	11	13	18	17	23	21	13	25	12	12	5	8	29	8	6	9	14	3	46	14	16	19	19	9	18	12	23	3	8	13	4	30	11	15	21	13	10	9	6	34	18	7	5	31	15	31	13	3	12	25
23	204	31	4	156	55	169	188	108	78	45	122	166	104	73	39	71	88	117	44	90	97	68	55	23	125	85	87	51	148	147	114	35	131	194	41	161	98	14	247	237	70	164	44	61	20	69	101	118	81	242	48	210	91	31	220	312	110	172	119	90	50	175	35	72	74	85	86	98	154	97	166	90	71	4	61	166	64	30	38	57	27	293	111	86	151	149	87	127	79	100	31	80	81	50	148	77	85	103	114	76	47	28	209	134	75	36	193	48	184	112	26	95	117
24	79	12	5	72	18	54	73	42	41	30	56	90	45	36	16	39	39	49	24	45	55	47	17	16	57	40	46	25	64	69	54	13	81	94	13	96	26	7	117	115	41	94	23	41	3	25	36	55	56	129	26	94	35	12	98	137	49	85	48	34	32	95	17	43	36	41	46	50	76	30	79	39	32	4	24	82	31	15	25	20	14	103	42	46	74	70	52	52	39	61	18	46	36	34	73	32	44	66	54	36	19	19	123	52	38	21	94	29	92	45	9	62	58
25	67	18	2	50	23	58	54	40	39	31	51	77	37	42	20	24	36	42	27	28	38	37	21	11	43	39	41	26	55	62	59	14	60	83	21	95	37	8	105	74	28	69	12	30	3	34	62	57	49	110	22	82	50	16	131	125	40	74	42	43	28	90	13	24	37	41	46	64	65	35	69	32	37	9	26	70	23	20	24	21	17	130	36	26	69	48	32	47	28	51	17	39	38	20	111	24	25	39	31	32	17	22	99	57	28	23	69	25	82	46	8	34	48
26	18	2	0	10	6	6	9	4	1	6	5	7	2	9	2	0	10	4	8	2	7	6	1	0	6	2	3	1	6	5	10	0	8	18	3	15	11	5	18	11	6	10	2	1	3	5	1	3	8	15	1	8	10	3	9	19	2	10	11	6	4	12	4	6	5	12	4	11	8	4	6	6	7	0	5	10	2	1	3	4	1	15	10	4	7	10	6	7	5	12	2	5	5	2	5	4	7	6	10	5	4	3	19	5	3	1	14	8	11	6	1	8	13
27	129	30	7	87	36	122	121	67	58	37	88	125	66	66	44	51	55	78	28	63	63	70	30	15	67	56	48	48	80	100	80	12	90	123	19	118	55	9	180	171	71	146	31	56	5	52	62	111	64	196	39	143	50	17	136	213	68	141	80	57	42	113	20	44	59	62	50	100	102	72	125	48	71	7	45	140	37	29	35	53	19	200	92	54	98	129	81	80	55	88	19	70	71	36	128	47	59	86	90	51	21	25	214	102	58	28	141	42	115	63	15	66	79
28	247	82	32	364	73	191	113	207	108	91	186	182	118	51	70	96	111	108	375	518	115	125	37	31	217	107	97	48	154	246	103	52	311	325	33	227	95	16	267	243	69	223	104	107	44	82	480	198	141	441	86	173	91	46	325	295	143	199	169	143	184	1733	116	107	138	193	283	238	184	165	531	111	84	14	90	142	93	80	135	88	48	251	164	113	121	228	104	166	61	277	54	120	95	41	273	174	96	265	166	119	114	47	375	118	75	67	316	62	250	175	62	151	219
29	176	41	11	156	36	139	125	88	68	60	122	171	98	65	59	70	70	87	102	174	92	83	41	25	104	82	86	45	98	128	95	39	132	213	31	162	89	18	237	199	75	156	55	81	18	52	146	117	78	266	56	185	80	25	222	264	81	156	114	90	81	481	48	85	63	96	105	180	147	119	191	58	68	6	48	137	64	43	45	63	30	198	106	69	109	121	64	121	59	110	45	68	90	40	179	80	68	137	106	80	62	42	256	103	42	33	216	61	161	84	32	94	113
30	14	6	1	23	8	15	16	14	8	7	15	14	9	13	3	9	6	11	18	35	9	9	7	1	16	8	8	6	8	11	12	3	33	22	0	24	9	3	25	17	8	21	5	13	2	8	22	13	11	30	7	28	8	2	28	39	10	16	14	8	9	80	2	13	8	11	9	14	24	16	28	3	3	1	10	18	6	6	6	9	2	30	8	11	7	15	13	9	8	28	2	16	11	4	18	5	12	11	15	15	6	3	30	16	4	4	14	2	19	14	3	10	25
31	400	112	43	466	115	326	221	304	128	156	326	287	167	118	116	146	184	193	528	714	210	186	94	39	320	170	155	93	258	285	195	95	435	474	100	342	182	28	491	419	131	368	152	202	48	134	560	250	206	591	113	328	169	74	513	538	229	295	250	272	251	2346	127	230	182	237	360	448	363	241	780	154	152	23	127	284	159	109	202	177	92	459	255	187	206	333	146	283	131	365	100	248	188	82	365	224	133	353	244	224	186	86	558	186	139	99	427	100	377	241	87	255	349
32	182	126	37	203	81	165	191	133	172	95	207	214	120	97	104	122	111	104	79	117	117	161	106	60	138	113	133	118	128	172	108	80	205	196	72	233	141	44	240	268	111	239	82	90	25	120	366	133	120	241	102	189	87	72	234	308	120	226	124	104	108	185	98	115	88	111	153	146	179	107	217	97	141	40	61	215	105	70	85	82	75	324	100	126	187	170	169	203	130	121	44	87	99	78	232	171	85	151	104	99	106	98	286	172	104	70	177	104	180	189	42	126	167
33	107	57	15	56	48	78	69	45	74	49	102	99	66	50	45	52	57	52	36	45	55	88	60	31	63	56	68	61	47	81	54	41	82	125	24	117	46	13	116	90	46	119	40	32	8	52	200	40	40	125	64	116	51	18	114	160	50	93	51	51	58	104	51	45	46	49	67	65	84	51	89	30	70	14	26	73	30	25	47	49	43	169	37	50	71	87	72	64	60	61	25	45	45	26	89	68	50	70	52	35	58	36	97	81	58	38	86	50	75	70	31	43	76
34	190	325	131	193	191	249	116	208	229	230	474	243	146	94	251	254	154	118	157	254	119	280	164	121	111	335	319	314	145	167	175	222	272	159	226	382	223	98	200	157	77	344	164	123	65	258	422	72	100	222	177	249	87	215	262	277	139	263	126	121	198	337	344	155	131	129	232	133	125	119	303	108	299	120	85	162	176	203	183	212	188	425	99	158	131	166	303	161	206	136	158	89	160	70	190	346	107	287	121	113	397	208	208	370	173	117	242	228	235	360	128	119	173
35	161	63	37	181	84	124	156	98	135	57	191	168	112	85	54	82	99	102	47	89	105	117	70	54	131	70	94	75	107	175	112	42	138	173	55	200	97	24	278	246	80	204	55	73	27	74	283	88	93	200	66	186	72	48	220	219	76	166	123	78	81	156	43	82	78	81	104	131	147	68	184	132	115	22	69	216	80	43	61	72	43	279	94	87	170	153	135	164	100	130	39	83	85	68	205	142	72	109	78	76	76	57	212	135	78	54	171	67	164	125	48	107	130
36	131	103	28	89	54	123	103	92	114	67	165	138	61	54	73	81	96	58	60	83	90	119	47	40	101	102	99	73	74	92	94	59	161	142	42	185	103	30	202	142	81	139	56	80	18	82	487	94	98	188	83	168	73	64	190	249	79	132	77	70	95	226	64	79	66	100	99	102	95	76	167	65	105	35	54	151	82	68	71	76	52	223	79	64	122	105	140	106	106	107	47	71	86	47	142	112	55	118	72	59	93	60	180	129	80	53	169	90	134	139	51	74	89
37	87	66	18	73	54	83	69	65	75	54	86	97	45	44	62	52	61	43	38	62	52	84	38	41	61	69	78	57	52	76	53	34	107	98	44	160	63	23	111	107	49	114	38	59	29	66	319	68	56	125	63	97	30	41	125	158	58	87	40	52	55	145	48	66	46	72	61	65	65	36	102	40	71	18	33	95	37	35	41	45	32	159	47	70	74	75	88	55	92	63	35	41	55	19	81	73	42	88	42	57	59	38	114	97	61	49	101	49	78	104	25	52	72
38	104	155	110	120	93	130	63	132	101	120	246	140	79	64	129	132	93	57	86	140	90	165	102	81	77	149	187	171	83	56	92	113	165	96	103	218	126	46	113	81	56	231	97	46	47	126	330	55	66	141	107	146	46	150	167	194	71	130	66	58	139	221	182	72	84	81	143	76	68	77	174	54	171	74	46	95	106	110	105	110	106	234	52	79	68	86	148	87	108	74	85	45	92	43	113	195	82	168	49	56	185	90	141	200	90	57	135	104	123	189	62	54	79
39	179	91	35	186	95	159	179	113	166	84	178	174	138	79	75	98	108	102	61	94	109	148	92	42	129	101	109	84	116	194	128	80	147	203	62	207	106	39	295	264	106	226	80	105	30	114	509	105	85	223	88	190	101	72	199	299	113	227	124	74	95	193	67	84	107	95	121	167	156	91	222	90	121	33	66	208	77	71	70	82	60	334	104	112	163	180	111	180	94	127	53	98	92	60	190	149	83	133	85	84	81	60	281	153	114	74	228	91	177	161	49	99	147
40	151	77	22	80	56	139	133	89	104	72	142	139	61	61	67	67	75	64	46	100	71	109	77	40	95	106	114	80	84	59	84	48	135	177	51	196	96	27	180	138	79	179	49	57	21	90	396	79	78	242	92	171	71	56	205	216	74	151	82	85	56	177	77	82	87	85	73	88	102	72	147	49	95	24	51	120	48	40	51	70	41	215	54	85	97	113	116	120	62	96	44	61	74	47	136	99	65	90	96	71	80	55	206	130	75	51	186	53	113	124	32	68	79
41	97	72	23	52	44	96	63	71	82	51	108	93	57	27	71	54	66	56	42	66	44	69	43	27	65	84	64	50	76	58	56	58	118	83	43	147	61	15	97	106	52	136	52	52	12	46	393	57	53	154	72	105	44	52	112	136	36	96	50	39	57	133	89	71	51	50	91	50	68	49	115	32	74	23	29	71	57	40	52	53	42	151	39	50	72	72	94	62	72	52	47	34	47	24	76	80	49	78	60	30	78	47	141	90	55	45	89	74	86	97	23	37	68
42	105	227	97	117	111	137	65	169	156	127	300	166	87	55	145	169	106	65	108	143	64	187	116	98	79	166	177	173	80	82	83	153	163	87	112	203	155	58	126	101	66	228	94	68	43	155	352	41	62	134	133	125	38	136	166	149	69	136	82	59	103	210	208	101	77	58	165	86	86	83	203	55	161	71	72	81	113	90	113	104	110	231	58	98	73	89	175	109	120	105	86	33	122	50	99	196	63	172	67	55	173	117	121	233	129	68	131	90	133	190	65	66	90
43	120	67	18	96	50	97	87	72	105	59	138	114	69	52	57	67	77	61	49	51	70	87	45	31	89	93	100	60	66	92	73	44	100	118	35	144	83	23	140	126	75	140	76	61	22	67	468	67	69	164	67	122	65	44	156	179	73	120	79	50	61	114	51	73	64	75	77	72	92	51	105	43	94	24	36	119	61	47	52	66	38	164	51	70	90	80	120	104	62	85	42	57	61	41	110	84	62	86	59	58	72	51	144	109	65	46	135	50	83	88	31	60	66
44	230	162	48	563	148	180	127	233	147	92	206	161	94	44	136	121	152	77	294	786	127	163	73	65	224	95	121	83	147	154	112	124	225	242	97	208	117	53	278	212	153	229	114	129	56	145	612	154	109	218	90	152	99	127	254	254	120	240	162	112	233	1229	93	140	115	159	348	345	128	146	374	94	117	39	84	199	129	71	151	123	127	317	100	132	135	193	172	185	80	274	53	187	114	41	165	269	64	246	90	112	150	76	338	177	187	97	276	103	255	227	85	153	347
45	131	76	32	172	67	110	108	117	114	62	136	140	94	74	67	85	89	62	80	218	96	88	57	23	93	94	98	62	84	101	76	63	124	156	63	209	98	24	183	144	92	186	71	77	35	60	314	109	60	233	82	145	73	71	234	231	77	151	90	55	93	292	71	62	69	91	138	119	93	86	169	55	78	27	42	142	58	56	81	63	63	199	71	102	84	102	117	108	77	125	36	80	76	45	116	144	61	128	67	62	102	50	173	135	82	53	176	73	137	143	47	60	100
46	94	159	76	103	94	99	39	117	120	120	216	109	73	43	132	105	77	40	91	160	60	100	83	61	61	147	144	130	71	61	75	102	126	82	74	191	103	51	82	48	58	181	82	48	24	124	206	44	49	91	82	95	24	123	127	123	46	123	58	50	103	269	166	79	78	71	140	73	55	66	151	34	127	43	42	55	78	82	93	68	88	185	31	79	67	64	168	61	94	87	73	53	71	40	59	157	56	146	36	42	163	84	107	163	91	67	107	78	90	170	47	52	87
47	152	105	39	335	109	136	114	157	143	90	151	156	78	68	95	94	101	75	139	385	98	160	58	35	148	85	116	65	130	173	116	79	169	171	65	192	111	45	262	188	133	199	72	96	31	108	308	123	90	187	61	145	80	58	201	252	91	153	117	79	140	601	83	95	81	95	216	229	107	106	221	89	103	41	77	162	103	74	98	81	83	276	104	123	112	152	163	150	80	208	41	113	104	37	186	176	65	154	61	92	98	69	223	146	126	74	215	87	196	190	65	107	217
48	94	30	13	109	59	86	81	54	82	53	121	107	67	48	47	47	63	50	38	61	65	55	37	24	72	56	66	33	78	148	63	30	67	112	30	118	43	14	167	155	63	117	54	57	15	55	242	58	50	116	35	120	59	27	126	155	70	112	55	53	41	79	19	46	60	44	51	89	76	61	100	65	67	9	49	119	55	30	38	47	30	167	41	51	89	103	82	90	47	64	21	56	39	32	116	77	36	73	44	50	54	44	152	88	58	40	110	35	107	59	23	67	91
49	95	38	16	82	45	78	70	42	68	41	97	82	43	46	29	59	44	55	23	49	62	55	49	18	71	30	39	48	49	127	47	26	56	119	27	107	51	7	129	156	44	97	30	42	9	36	264	61	43	102	34	94	34	16	105	121	62	102	58	40	35	88	18	46	43	45	62	77	75	36	82	58	55	19	55	119	44	27	35	31	20	143	56	64	94	86	54	97	44	62	17	58	48	19	104	67	32	80	41	39	43	23	143	75	38	30	97	36	115	71	18	60	66
50	84	46	10	115	55	72	84	42	51	44	100	99	42	36	34	54	47	53	37	43	54	60	55	27	75	43	59	42	53	154	50	40	65	86	39	98	68	13	131	155	51	146	51	48	23	44	145	36	46	99	40	112	50	20	112	148	69	106	48	44	30	61	25	45	31	42	72	71	74	38	75	65	66	15	37	125	51	38	34	31	22	167	47	72	101	96	73	97	43	62	27	61	37	33	90	79	31	80	37	40	40	30	127	104	57	25	102	39	89	62	20	58	88
51	115	63	16	168	78	104	122	99	120	58	159	152	92	72	61	84	76	97	50	75	101	121	54	34	115	69	75	70	109	197	94	41	73	143	37	178	64	34	199	213	81	176	75	76	27	90	265	91	61	155	48	141	55	39	180	196	83	161	76	60	61	106	44	80	71	51	121	107	120	68	145	99	92	14	58	208	82	46	64	69	39	233	70	78	140	151	102	153	75	95	28	64	65	48	145	114	38	100	38	66	62	63	177	129	81	43	155	90	125	101	37	106	100
52	71	26	8	73	31	50	83	51	61	30	80	71	60	44	39	53	36	41	23	37	52	56	42	14	73	36	34	23	51	123	56	24	39	104	28	95	28	11	134	146	46	107	34	35	8	45	130	61	45	94	26	90	35	23	111	106	59	97	49	37	31	72	18	38	29	31	45	56	83	41	94	47	63	6	36	109	39	19	32	33	23	115	59	53	96	97	57	82	46	55	21	40	41	34	101	44	33	67	36	40	19	28	141	68	59	21	90	39	95	70	18	56	64
53	138	49	19	117	69	120	129	79	81	41	139	152	68	63	41	53	74	92	49	52	95	92	61	32	100	72	56	53	99	170	88	28	99	185	40	136	63	21	223	241	72	151	55	63	15	74	205	81	68	179	53	145	68	44	152	222	64	170	96	78	44	123	21	69	64	60	82	116	136	60	123	75	80	15	58	179	67	37	38	77	23	202	67	90	141	118	69	140	69	81	26	88	80	51	164	85	72	95	73	61	34	40	188	117	84	37	144	54	174	97	26	82	99
54	110	48	12	133	61	87	110	60	82	48	106	129	79	71	37	72	72	70	48	47	85	78	46	38	117	70	52	52	97	165	85	30	82	156	26	119	63	15	186	231	67	144	40	71	25	62	123	73	75	149	60	164	48	29	134	170	77	121	77	76	53	112	18	74	64	64	59	100	115	47	123	81	95	13	55	193	53	35	46	58	18	203	79	85	105	124	88	108	51	84	32	84	66	56	134	79	47	79	55	54	47	29	195	113	60	56	133	59	128	74	37	77	111
55	168	63	31	172	77	100	157	106	118	58	151	185	104	86	58	92	102	123	56	77	117	117	69	48	123	84	85	71	118	243	131	46	119	201	54	194	81	24	331	341	93	222	73	85	22	79	181	103	99	245	73	216	97	34	180	259	112	194	122	99	54	126	36	91	77	87	104	134	165	77	191	123	109	20	86	242	64	48	56	106	38	320	109	98	186	212	126	184	87	112	21	92	100	67	237	120	86	135	73	82	52	57	255	147	87	64	219	75	162	136	35	101	154
56	48	23	8	90	24	27	44	32	54	16	51	60	27	29	15	26	23	30	14	22	33	50	26	12	38	25	22	21	28	82	34	15	42	60	19	61	40	4	81	70	26	65	32	31	9	16	70	24	29	58	23	54	24	13	82	84	30	66	42	18	25	38	9	28	32	23	42	36	34	22	33	39	39	8	18	86	18	16	17	24	13	83	30	34	61	50	31	50	28	36	12	24	12	16	62	26	16	49	23	16	27	23	87	52	31	24	45	17	47	47	10	33	33
57	72	18	6	70	27	42	58	32	41	21	50	65	41	32	14	23	33	31	30	28	34	36	24	9	49	36	23	30	34	64	21	13	34	69	14	79	29	7	95	93	33	82	31	33	3	27	126	25	27	64	18	73	27	11	68	102	41	87	39	41	24	44	18	26	34	17	29	50	38	41	69	45	32	9	25	70	36	14	18	25	9	119	34	37	56	66	34	59	33	40	7	50	31	15	56	27	33	47	29	27	15	25	75	41	30	21	89	16	68	31	15	48	37
58	65	29	12	101	28	65	65	45	55	25	71	96	44	45	31	50	49	54	27	28	52	45	39	18	55	36	40	33	74	104	55	18	67	92	17	96	47	12	100	128	41	83	22	36	5	35	69	44	44	102	35	91	47	18	98	134	50	85	49	52	32	54	16	36	46	34	40	75	64	26	85	48	47	7	25	85	36	16	26	37	27	153	47	44	84	87	55	83	31	46	17	41	47	27	83	62	34	60	26	40	20	15	86	74	42	25	97	28	82	57	18	62	59
59	118	51	15	139	52	76	111	59	77	34	95	128	69	53	32	61	55	68	29	48	61	54	42	24	83	39	65	35	74	155	69	23	50	131	35	101	62	16	172	195	50	152	30	56	9	49	101	71	59	100	31	113	52	23	125	167	64	136	75	38	51	57	28	56	64	51	52	92	100	47	106	87	59	8	47	136	49	43	36	39	28	178	46	66	125	105	54	105	44	58	13	64	51	37	131	75	41	67	43	51	32	24	134	83	48	24	151	56	114	64	22	72	90
60	101	52	22	87	42	85	95	82	82	49	101	120	61	50	34	39	63	68	48	51	60	67	51	24	86	68	47	40	68	157	61	29	61	122	40	130	73	25	119	173	58	135	57	45	26	55	239	56	57	128	42	133	60	26	115	132	63	116	75	38	53	106	36	55	46	53	50	79	88	53	98	73	80	12	42	108	51	24	39	50	43	189	62	69	113	114	76	105	54	75	31	64	59	40	132	83	37	88	29	48	49	49	110	61	55	21	111	45	86	90	32	73	77
61	109	29	9	112	41	80	88	62	65	37	112	103	49	36	25	41	62	55	23	34	50	85	38	25	86	48	43	34	61	116	52	26	85	130	31	109	56	22	149	163	70	109	45	47	8	50	321	56	52	114	44	116	60	22	106	161	71	107	60	53	37	106	19	45	61	40	43	80	98	59	110	78	60	10	37	139	34	31	36	40	24	152	64	59	90	100	72	97	44	54	20	55	45	33	93	68	44	79	46	42	25	33	157	66	48	30	125	37	113	69	15	68	72
62	64	27	7	68	33	66	57	43	63	18	85	55	38	33	26	29	41	34	31	36	28	41	18	13	37	34	37	10	47	65	32	17	61	89	24	100	41	11	75	107	47	74	28	38	10	39	207	47	59	86	33	66	30	10	85	117	39	89	53	38	31	55	15	37	40	37	32	54	63	26	53	34	47	8	28	88	38	21	24	31	16	140	26	55	82	81	55	60	51	64	12	48	45	29	91	57	35	48	36	30	40	15	85	62	35	25	87	29	83	39	23	39	59
63	160	79	26	215	73	121	165	90	136	71	187	214	112	105	55	93	87	96	52	91	106	90	75	48	128	85	101	77	137	274	118	33	140	219	49	209	99	19	256	306	91	234	70	68	28	96	295	94	93	219	50	203	96	33	188	251	115	207	137	80	72	118	38	92	66	64	108	128	135	78	155	123	108	26	67	221	79	47	83	76	51	326	99	109	191	179	120	212	91	116	26	110	97	57	216	118	72	129	58	87	53	51	269	148	100	55	224	76	170	124	45	124	120
64	205	107	49	200	95	262	167	115	171	95	265	206	113	80	91	122	115	84	75	87	103	164	91	52	146	146	154	142	99	162	99	105	245	220	78	322	144	48	278	267	168	217	122	134	49	113	1449	105	112	283	128	234	129	77	248	335	103	232	133	113	146	302	73	121	130	104	124	156	169	106	216	86	123	38	88	210	127	99	101	119	72	357	98	156	161	169	202	146	114	147	62	118	100	88	178	158	87	173	86	102	105	86	274	159	146	83	213	116	172	138	105	120	158
65	93	44	18	75	38	91	81	70	63	49	98	133	62	50	31	53	57	58	36	41	49	89	45	25	92	64	70	53	52	91	52	39	96	112	38	164	72	16	177	143	60	119	35	42	18	58	983	57	53	191	60	112	49	23	139	213	54	101	71	46	61	104	36	54	76	48	57	75	109	39	89	51	68	17	32	116	41	34	50	42	29	154	46	62	89	88	73	84	55	69	26	49	46	36	127	56	56	72	53	48	45	32	150	90	61	28	122	50	105	75	21	67	69
66	156	68	22	122	61	171	128	105	114	68	156	166	71	57	63	69	88	75	59	41	93	140	89	34	113	103	86	82	77	116	85	50	128	190	71	229	112	20	219	208	136	148	72	73	19	64	1472	52	78	261	99	184	95	36	207	281	78	178	100	82	97	204	50	78	79	77	116	130	145	75	192	57	96	31	58	137	90	61	68	71	48	206	65	105	111	90	148	125	81	87	53	90	86	46	143	124	62	111	83	61	87	51	182	106	81	65	177	75	143	119	48	84	94
67	160	91	39	193	98	219	184	136	170	113	226	212	154	92	96	115	147	108	82	101	112	164	99	60	156	111	138	118	148	231	134	64	195	240	93	260	138	38	249	289	138	237	123	113	44	115	950	121	138	301	111	219	115	65	305	326	122	214	157	120	106	278	83	127	134	121	122	175	176	107	244	121	152	32	93	226	124	85	91	100	52	387	113	166	186	206	160	214	127	129	63	127	96	81	194	164	114	178	107	123	85	76	245	188	113	65	239	119	193	171	72	127	161
68	107	34	11	56	39	86	64	43	71	48	93	89	46	42	37	38	40	34	32	41	47	65	38	29	76	66	55	46	53	80	67	40	90	116	28	110	69	6	134	114	79	76	33	34	24	48	928	52	35	173	62	98	61	16	101	186	47	100	47	55	75	124	26	45	33	45	64	53	91	45	103	40	51	13	35	98	44	22	38	36	21	150	40	71	70	67	71	77	42	46	27	36	48	27	76	65	43	63	40	45	42	26	106	56	49	27	110	43	82	56	22	45	48
69	146	50	21	120	51	112	160	74	89	57	140	147	90	65	45	72	70	62	38	44	76	108	58	33	113	58	83	48	103	136	93	30	127	155	39	158	90	21	254	216	90	157	56	72	21	62	982	81	88	267	58	167	84	46	164	241	64	185	106	86	66	145	37	76	52	69	79	103	152	84	172	64	84	21	53	169	74	27	43	51	42	244	76	112	116	131	97	124	71	89	29	63	73	37	119	84	72	113	70	83	55	35	195	86	90	42	149	71	130	98	35	78	86
70	143	42	22	74	42	120	81	64	63	53	112	126	64	41	48	43	39	42	31	51	49	82	39	30	77	71	63	30	56	73	58	35	119	118	48	162	73	14	153	139	92	96	47	54	21	55	1220	65	43	206	56	118	69	27	152	198	47	116	52	54	59	144	26	68	56	68	54	75	87	67	114	26	84	14	50	91	61	32	32	65	30	173	50	77	76	88	85	90	61	61	20	43	51	39	82	71	48	81	48	50	46	33	140	67	56	49	105	48	85	64	24	50	77
71	161	45	50	124	80	157	118	75	131	74	149	140	92	72	68	73	82	77	47	79	66	122	62	42	115	95	83	67	78	124	74	61	135	179	52	191	82	17	199	199	129	134	76	61	19	93	963	79	73	219	62	150	71	41	181	267	71	118	84	77	84	169	41	67	68	80	104	108	111	81	175	68	110	13	58	155	79	60	45	79	30	244	75	80	132	118	133	111	87	114	30	76	71	59	150	72	47	95	78	55	67	49	209	102	70	51	133	76	140	101	37	82	93
72	129	54	14	61	32	98	103	58	99	43	153	110	53	43	41	38	69	36	35	38	41	74	55	25	89	81	69	64	48	74	41	42	103	119	39	169	72	30	148	129	102	122	36	46	14	40	1809	44	49	236	55	111	88	42	128	192	48	90	61	61	62	174	55	42	50	53	71	63	76	49	127	32	73	24	33	91	56	42	37	52	19	155	46	76	89	64	88	87	43	60	27	59	40	49	103	64	43	99	61	52	46	31	132	75	53	34	101	54	101	75	31	57	51
73	72	41	14	47	31	76	58	48	74	38	93	102	35	40	34	35	34	31	33	33	36	47	29	16	71	62	23	36	28	64	42	25	70	89	24	86	52	14	125	119	56	79	25	33	19	29	892	45	52	132	38	90	30	25	92	137	44	89	50	28	31	99	24	41	38	41	52	37	82	39	73	27	58	6	33	92	45	28	40	39	17	111	33	41	62	68	50	66	44	56	25	44	36	22	68	65	25	69	31	32	37	16	107	59	41	21	70	25	89	59	19	40	48
74	100	41	12	60	27	101	64	30	75	48	75	111	42	31	33	38	41	36	37	33	40	69	32	31	65	36	49	39	46	59	45	30	88	88	30	116	61	8	107	107	56	73	36	33	10	35	1128	42	35	164	45	89	40	17	100	175	41	90	52	48	54	100	20	52	41	51	43	71	77	41	108	29	49	5	25	80	41	29	25	38	17	144	31	51	68	68	67	77	44	55	20	26	26	24	72	34	40	71	38	43	39	26	113	55	28	26	90	36	91	46	25	47	49
75	110	69	15	69	42	93	75	66	97	45	131	111	61	46	50	66	67	53	38	61	47	76	34	31	80	82	53	56	59	92	54	34	88	126	41	128	87	12	150	131	91	105	40	49	21	57	1252	66	53	204	60	87	67	29	140	186	39	133	64	55	52	149	35	46	52	49	67	66	98	51	93	53	68	28	32	118	60	38	27	57	33	170	51	84	65	91	82	100	56	59	34	51	61	39	101	58	39	116	56	42	60	43	138	91	66	46	107	55	106	76	31	82	59
76	111	49	22	65	53	123	88	74	96	51	118	137	56	44	48	52	55	57	61	46	49	88	36	21	92	67	72	53	64	65	55	48	101	138	37	162	92	19	148	131	97	91	42	47	23	59	1266	63	75	215	63	107	57	43	162	218	49	138	69	55	54	166	46	59	62	54	70	73	122	52	156	43	79	13	45	115	49	60	52	62	22	174	55	81	72	77	102	88	56	79	41	60	45	27	74	75	50	93	59	53	60	43	173	80	59	50	118	70	77	85	34	72	84
77	105	44	22	77	42	104	99	66	82	40	101	116	53	33	39	61	60	59	28	46	56	83	46	25	75	75	54	38	71	79	78	49	99	137	40	146	91	14	195	162	86	123	37	46	13	54	1036	85	56	198	42	110	71	37	141	208	68	107	81	49	57	145	37	53	53	69	61	76	105	65	103	41	69	18	42	116	45	41	30	48	33	184	64	69	103	87	93	70	58	68	32	46	72	23	103	59	53	79	54	50	47	31	163	79	51	32	99	55	103	61	42	71	62
78	65	43	12	55	32	65	59	57	69	40	76	75	52	32	35	38	37	19	30	31	31	71	32	14	58	48	57	27	33	27	47	30	66	96	36	107	63	19	87	73	65	62	26	37	13	31	843	43	46	144	48	65	54	28	89	156	32	78	39	41	47	110	37	40	38	22	47	48	80	45	108	25	57	17	36	65	46	29	29	35	28	99	33	40	57	45	60	40	49	60	27	44	39	20	74	34	29	65	42	29	37	33	119	49	42	31	72	33	73	66	24	43	33
79	135	49	20	115	62	136	114	79	118	62	120	137	61	55	63	53	76	81	41	69	48	100	60	27	93	84	70	58	76	92	71	46	122	137	42	172	93	18	197	191	81	137	58	48	24	79	1064	66	80	221	58	121	86	37	191	219	59	153	86	63	68	129	44	65	58	58	86	100	121	58	161	57	73	18	48	116	59	61	49	65	30	187	76	89	119	91	94	103	80	88	27	71	64	53	131	82	43	97	69	64	67	37	187	111	68	40	150	55	121	103	28	80	80
80	37	16	7	28	25	50	26	22	50	14	33	55	16	13	31	24	17	23	17	31	18	22	14	8	28	26	35	11	30	28	28	15	35	28	13	54	22	6	57	49	24	55	16	12	5	20	287	25	30	92	20	42	15	7	52	81	23	45	33	27	39	53	10	19	14	15	32	32	25	19	65	16	32	7	18	38	18	15	16	18	11	80	23	46	32	31	64	24	27	30	10	22	25	11	39	28	16	29	16	16	21	10	49	28	20	9	26	12	35	30	8	24	21
81	25	8	2	14	8	23	14	10	13	9	23	24	11	9	10	8	16	2	9	12	6	17	9	5	13	18	11	11	13	13	10	10	22	19	11	20	14	1	21	24	15	20	12	9	7	10	55	9	11	24	7	11	8	10	29	25	8	15	7	9	10	21	9	11	10	11	12	11	12	11	22	6	10	2	5	15	10	12	8	13	2	26	9	12	14	14	11	12	14	15	7	10	14	2	12	15	8	11	7	10	17	6	28	13	9	5	21	10	17	11	2	10	13
82	74	23	13	63	28	55	72	50	38	33	75	85	46	40	33	32	34	45	20	33	54	31	35	11	60	44	39	30	56	83	46	14	58	106	21	75	45	12	132	102	39	83	20	38	11	38	100	50	37	132	28	80	41	12	87	125	37	88	75	31	37	65	23	47	32	40	48	51	69	32	89	35	37	9	28	114	27	21	21	33	16	162	64	40	93	67	57	76	40	61	12	49	41	24	73	45	39	61	39	35	23	21	96	51	36	25	98	21	71	40	17	56	48
83	74	22	28	47	22	61	47	31	36	19	58	74	31	33	25	34	28	26	12	33	31	51	33	14	47	44	39	29	29	45	30	23	50	62	12	73	25	14	78	66	42	60	21	30	11	39	179	57	37	108	22	70	27	13	75	108	24	66	31	32	38	82	26	27	28	29	41	40	53	25	84	24	31	6	27	64	23	23	21	32	15	93	35	35	40	50	41	44	35	43	16	25	36	14	75	33	25	53	45	29	40	15	93	53	32	11	66	20	48	25	11	30	38
84	42	11	5	17	5	32	21	15	25	4	23	29	14	16	21	7	8	13	12	17	17	16	7	4	14	16	12	1	17	14	17	5	22	31	2	28	21	4	28	29	20	21	11	6	7	12	202	11	20	52	17	21	8	5	26	44	20	29	16	16	36	27	8	10	17	10	17	21	16	5	46	18	20	2	5	32	11	8	9	10	4	48	4	12	26	22	29	21	12	17	2	3	9	5	17	20	5	17	11	11	11	7	32	21	15	6	26	7	32	20	1	16	19
85	54	27	12	40	14	51	33	21	30	11	50	51	34	22	19	32	17	18	24	34	24	38	25	14	31	28	29	18	31	37	25	9	29	73	16	57	28	6	86	45	34	49	18	31	3	20	176	28	31	92	25	59	19	14	51	86	12	59	23	26	28	59	8	18	17	25	24	28	44	31	44	17	16	3	19	47	20	17	19	18	11	83	21	31	40	39	27	46	16	27	12	34	28	21	55	18	25	38	28	27	18	6	67	34	27	18	59	15	43	28	8	40	36
86	104	30	14	85	34	79	70	48	51	22	87	87	50	39	43	37	51	53	25	25	50	54	29	14	74	51	38	29	52	59	67	23	82	79	22	107	62	11	114	113	49	99	31	49	11	45	225	40	46	126	22	94	38	15	146	168	62	80	55	51	43	92	18	63	38	50	41	59	89	44	84	44	38	4	28	82	33	27	30	43	16	146	47	46	99	87	58	63	36	74	17	35	61	38	113	31	44	60	48	37	21	23	119	70	51	19	117	36	96	60	19	41	50
87	78	45	87	69	45	109	60	52	92	35	98	101	41	45	49	31	59	45	31	74	46	78	35	26	62	82	78	38	53	73	57	34	95	107	21	125	67	10	116	88	86	101	37	50	22	51	585	70	70	172	39	109	40	29	159	159	43	116	48	46	80	136	17	41	40	48	70	66	73	38	120	46	58	14	37	81	38	35	27	41	23	166	54	76	63	58	89	79	54	84	27	39	59	30	106	63	36	85	57	47	29	27	112	74	56	36	107	38	79	74	15	49	76
88	20	7	0	18	5	18	24	14	27	2	18	27	9	12	7	13	13	14	6	11	10	11	8	4	11	12	23	6	24	23	22	2	27	27	7	33	24	4	41	37	16	33	5	12	3	10	70	17	17	70	12	34	15	5	50	48	9	29	17	10	18	35	7	10	6	15	11	9	20	11	23	12	14	1	12	44	4	8	5	4	3	42	14	9	21	27	22	30	15	27	5	9	13	7	31	13	13	21	18	10	9	7	35	16	18	8	43	16	41	19	3	18	20
89	26	9	5	21	9	27	28	9	3	8	23	30	13	8	13	19	8	15	9	18	11	22	10	2	26	13	17	4	17	20	19	4	29	30	7	28	9	2	53	42	14	26	4	14	3	11	38	24	27	50	10	38	22	2	40	49	16	42	22	21	11	32	7	14	16	12	7	23	28	18	34	11	21	0	11	34	9	10	7	14	4	43	17	11	27	26	11	29	9	18	8	22	13	11	28	6	8	12	12	17	6	1	36	26	8	4	40	7	18	8	9	17	14
90	126	25	6	117	34	67	124	53	56	25	81	118	57	64	40	42	44	68	34	45	57	55	34	20	60	63	37	32	65	95	65	16	100	131	27	121	57	12	174	137	49	104	35	42	13	44	77	96	70	195	34	141	67	25	138	202	66	145	84	63	37	81	24	57	49	56	43	89	94	64	97	64	54	8	41	132	37	19	23	28	27	170	56	47	93	98	49	91	56	53	24	64	48	39	105	49	51	83	105	53	26	18	151	63	40	28	166	37	102	70	24	73	82
91	70	26	26	59	24	74	61	29	44	22	57	87	46	25	26	28	22	46	21	30	36	36	26	10	37	34	36	19	32	52	56	15	57	88	19	76	37	8	84	85	56	84	22	34	10	35	270	39	40	96	30	72	30	8	78	103	28	64	36	31	34	87	6	28	33	36	50	40	51	27	85	32	28	8	24	76	29	14	22	36	14	108	33	32	59	61	40	55	23	55	17	48	27	29	54	19	23	48	36	33	16	18	74	45	31	19	70	15	70	33	12	39	43
92	54	15	10	27	19	88	41	36	59	15	41	66	19	20	25	22	17	29	27	55	21	36	21	6	28	55	34	28	18	23	27	25	52	54	11	87	67	11	68	41	34	72	32	27	12	29	424	46	35	127	34	55	24	10	102	104	15	65	20	30	52	95	18	36	13	28	47	44	38	15	100	15	30	10	28	65	21	23	18	30	19	147	21	19	52	34	51	27	37	42	10	22	40	16	46	29	31	29	29	20	32	6	54	76	26	16	58	24	55	34	12	33	38
93	62	18	8	28	21	61	45	24	32	19	44	58	19	27	24	24	24	22	22	23	37	29	21	11	32	26	27	23	29	29	31	11	40	55	15	66	29	4	76	54	26	43	19	27	9	19	144	32	35	81	23	65	27	8	96	74	29	63	29	29	22	59	9	29	34	15	36	37	16	30	54	28	19	6	20	42	22	16	17	22	9	90	22	33	35	66	26	42	24	31	9	27	24	17	65	21	35	58	32	25	15	9	69	48	35	8	53	17	55	29	13	37	32
94	95	31	5	82	33	84	98	35	44	25	81	106	60	30	24	44	44	58	22	41	53	54	24	18	62	40	42	26	66	81	65	25	72	103	23	96	48	10	150	121	50	106	22	44	13	38	110	60	67	104	40	124	42	20	117	171	55	91	51	50	44	78	16	43	44	49	48	63	71	46	87	38	48	6	39	104	32	18	31	27	26	152	52	45	81	96	51	76	36	54	21	37	46	18	79	44	41	62	41	39	23	24	98	80	39	18	120	28	94	56	19	41	55
95	137	52	46	74	43	134	121	55	110	65	110	146	77	65	70	46	69	66	48	69	74	80	47	27	84	99	77	46	62	98	73	28	120	137	32	159	85	9	183	147	66	115	64	52	28	63	551	74	87	224	63	133	68	21	188	223	56	127	62	74	82	174	40	62	60	63	82	80	82	48	164	49	87	11	37	152	41	49	53	69	26	200	66	82	103	102	99	82	58	77	52	51	42	36	114	62	76	100	67	49	58	36	168	93	76	34	147	46	149	84	29	71	80
