"","Signature1","Signature2","Signature3","Signature4","Signature5","Signature6","Signature7","Signature8","Signature9","Signature10","Signature11","Signature12","Signature13","Signature14","Signature15","Signature16","Signature17","Signature18","Signature19","Signature20","Signature21"
"C>A_ACA",0.00300044651882998,0.0279258266167664,0.0176944751090537,0.0013989903223141,0.0340408665213494,0.0088814224545525,0.01901048999459,0.00745919830923807,0.0103800989741857,0.0242997156413997,0.035044354771678,0.00546287093121869,0.0214764613352582,0.0187247749865553,0.0204331926851381,0.0103563301929873,0.0103259539830461,0.0243899527992015,0.00016976590244681,0.00145046340810529,0.0180255359382387
"C>A_ACC",0.00070330926421401,0.0225840801764562,0.0125900439708984,0.000488729130593337,0.0123995744786371,0.00615853569812918,0.00922122105162282,0.00777108032169066,0.00667522665462067,0.00442096092139291,0.0166389926621543,0.0162919503932026,0.00978179035626517,0.0262061046993778,0.0148263760499976,0.0212753463555774,0.0205541895725796,0.0262848618510318,0.00154116852637139,0.000232422314869141,0.0284186539286133
"C>A_ACG",0.0022193063688157,0.00110359071864725,0.00484283352001715,0.000112471625596501,0.00393559041718538,0.000620361903533882,0.00171877490801035,0.00327243180183428,0.00112580561490464,0.0045545009109124,0.00261755825095736,0.00473072788654763,0.00355206825503728,0.00248448821987321,0.0004307202263848,0.00127298043951471,0.00243685045779638,0.000851292880522819,4.4259394469656e-05,0.0002446638696897,0.00126119992662319
"C>A_ACT",0.00792573115865002,0.0232436926628485,0.0314229696465918,0.00049305927221975,0.00791082766650779,0.00614977605956621,0.00204029385823398,0.022532010809846,0.00911039114724243,0.00880537235663238,0.0214341726867329,0.00229349978547228,0.00958377349016691,0.0133841279728043,0.00494499540477655,0.0147750135721547,0.00952000004045803,0.000535579836240446,0.00116499917226526,0.000519340395953443,0.00914292799577374
"C>A_CCA",0.00213943875571983,0.0190800452435137,0.00313942498343199,0.00159541208741296,0.00705234704396425,0.00768037295726183,0.00398676730995898,0.0224943848046664,0.0212871343013584,0.00906221762481811,0.0374854910127106,0.00669686041492735,0.022552000102914,0.0216783950411896,0.00998021808909481,0.00266085343212524,0.00468625038612659,0.0235672918452934,0.00270897547832765,0.000261849186164111,0.0155249748480128
"C>A_CCC",0.00718507201391076,0.0170909237248033,0.0198915738087388,0.000491349060877601,0.00502803717601997,0.00377127005931854,0.00703614736863674,0.0222183874677851,0.0098524765405397,0.00236115987610973,0.0147644617311669,0.00306233376587318,0.010077604907034,0.0250447070252014,0.00238371961047424,0.00546893912954875,0.0135048485641755,0.00706772577625816,0.00114441659560757,0.000673600907019261,0.0239618184565613
"C>A_CCG",0.000301432788110931,0.00210618147934699,0.000674462541441084,0.00024615423531102,0.000271068700375439,0.000976512972652922,0.00470111967109709,0.0106491358878528,0.00186777815553544,0.00334101392106483,0.000545930588775903,0.000467892644081875,0.00530779114253521,0.00502080592383865,0.00221005144025625,0.00329519590629574,0.0012361863693094,0.00109223931813943,4.9366745707963e-05,0.000220971449070118,0.00381174929375796
"C>A_CCT",0.00171470745066004,0.0155694407066077,0.0184547799242025,0.00155994238248182,0.0128936424115346,0.00879326848452524,0.0062782977044093,0.0163977877961013,0.0228668332389281,0.00325633221161656,0.023599488220897,0.00457549602185927,0.0236460143862791,0.0145916623088689,0.00515435726003637,0.0227605581840979,0.00729470008733821,0.0170766004125841,0.000184778628009304,0.000199187362716855,0.00650025736127901
"C>A_GCA",0.00673949340778764,0.0293906079170227,0.00239264119522991,0.000931172456619279,0.0325392035232258,0.00821806196379779,0.0165837210948981,0.0204266579105192,0.00186335236897061,0.00202846069983952,0.0201729869270739,0.0071061880212446,0.0271964227116125,0.0120981683159525,0.014038003414646,0.00454947212307805,0.00343126495650138,0.00638595383670117,0.000436296588872479,0.000863037377075283,0.0117204522057728
"C>A_GCC",0.00578024325764112,0.0158395386092243,0.0167249304552304,0.000338654299960461,0.00778300811816568,0.00383152106753789,0.00528847891869002,0.0167670892212611,0.00438821255838957,0.000234537612780622,0.00810680810916731,0.0110188162867345,0.00875948949787347,0.00600571437821275,0.004155382692722,0.00881542267917808,0.00912339387993993,0.00754154225960057,0.00081257489507708,0.000454320414094665,0.0143066823491957
"C>A_GCG",0.0032458003767978,0.0035357888087964,0.00247219635109033,9.22911431336386e-05,0.00406033550784322,0.000737279415279164,0.00176062691165831,0.0012769592780153,0.00698405978342519,0.00112596359744288,0.000798735727794692,0.00435700615932136,0.00272068469204152,0.000658476705222226,0.000137956114859914,0.000898629375631511,0.00102026519676263,0.00173693972122359,0.000157810128291458,0.000197833183708282,8.79084547310922e-05
"C>A_GCT",0.00518743163902873,0.0201212339876189,0.012965421925105,0.000497546463609252,0.00893551978219289,0.00673650830591481,0.0111369946464646,0.0138880094661182,0.0104532314807485,0.00300294775212119,0.0146025682003814,0.00379715386133777,0.0104315482632198,0.0108523822294523,0.0103421042006289,0.0136549752988374,0.00174920533393771,0.00391050864683763,0.00116317803357512,0.000268177268829314,0.00305293873206003
"C>A_TCA",0.00851900295296236,0.0344599563217227,0.0225192556692802,0.00567119679423428,0.0515214230464704,0.0119150486092069,0.0150790442591242,0.0180147111357014,0.00957464847739063,0.0115401830373568,0.00121188986930208,0.00769727411987354,0.0322053070178788,0.00334935818035388,0.00601793697672248,0.0412452264291355,0.0151425267534957,0.0131662312342752,0.0792377712391684,0.0210565299128314,0.0502778570227716
"C>A_TCC",0.0154833966001333,0.0176385601070276,0.0229305139119053,0.0114078060212476,0.0426772437470195,0.00644981098523627,0.00671653574437672,0.0103213030135127,0.00368366759806301,0.0133072642495944,0.0243786193921989,0.010536450502226,0.013885688146571,0.00150708118214172,0.01780655349995,0.0044856166284262,0.0200251935925725,0.00924710588068757,0.0193308141835476,0.00380278540546145,0.00151820372890081
"C>A_TCG",0.00132655873929406,0.00357600984502634,0.00206817191616319,0.00104659632004451,0.00804558438685846,0.00143750101605921,0.00224084480240216,0.0018295784008001,0.00238288912418889,0.00268206095402502,0.00144696088332447,0.00145161769440975,0.00386618674263406,0.000526694151418853,0.00412771794144407,0.000409716035078482,0.00119175950420344,0.00166638356766419,0.00253009301938493,0.00247682192168207,0.00137008278446305
"C>A_TCT",0.0136743611591195,0.0460437640538616,0.00527734813526973,0.0101176504607341,0.0498431667866248,0.0170488012711295,0.0200798865750516,0.0459760690184708,0.0423234645907667,0.0105409441767645,0.0359146179810262,0.0035418487535858,0.00359497432801712,0.00338826025039289,0.0367932267010406,0.0399373966472548,0.00645069937933552,0.0081447365364353,0.0270160624193286,0.0108388316771497,0.0333331889614756
"C>G_ACA",0.0103118430623286,0.00661484917630014,0.0255738591996706,0.00175068782473776,0.00526975269007249,0.00279675661633422,0.032666498357159,0.00744803141226491,0.00461875059454865,0.00523324995045497,0.0142400275095085,0.0030577379551445,0.0110129265833303,0.00872967287400717,0.00275154871175597,0.00337147580363462,0.0181328447498208,0.0126022807445664,0.00170633076378458,0.00284692844465714,0.0014947982697873
"C>G_ACC",0.00372504624261852,0.0010807270758309,0.00486353638600258,0.000720305715652433,0.00504423140372942,0.00104034048364888,0.0161472489484759,0.00843593590418087,0.00662370030405389,0.0039437006657958,0.0116976788171715,0.00529842021175665,0.0054264292583629,0.0120184572842177,0.00710601315730027,0.00566440544737176,0.00633764860809238,0.00992352371768187,0.000962140059558836,0.000535301799944492,0.00168821970969969
"C>G_ACG",0.00476903824091266,0.00029758813957333,0.00507892419681319,9.31194819913688e-05,0.000991263995390851,0.000239372159740638,0.00504270494726351,0.0116528719983388,0.000482632726359546,0.00365106162580002,0.0030567140584693,0.000115190706537186,0.00193672269635673,0.00268301698049622,0.00140695769439314,0.000212368545479045,0.00360188852191461,0.00488873622378507,0.000301054620865441,0.000137423873228427,0.000303786932055228
"C>G_ACT",0.0033044830409638,0.00857333926442105,0.0282300316467724,0.000228792055897285,0.0116722038634223,0.0033893686095764,0.0294653143209212,0.00458729758253211,0.000995974251318893,0.00944450166931797,0.00932668015203561,0.00624239146589588,0.0013828251128546,0.0163827049761376,0.00350938356590564,0.00748779093245278,0.0266463235279488,0.00272379108336446,0.00409837947604759,0.00269795617391739,0.00857796254981045
"C>G_CCA",0.00859736974926308,0.00175862547153387,0.0173327717659613,0.00141917407871558,0.00412667907809182,0.00159332238653638,0.0169591097001442,0.00638545837683238,0.00420245098371062,0.00209767067222256,0.0146696422859569,0.00312070217700107,0.00340834173573354,0.00543778315041013,0.00441503577416254,0.00806848969160675,0.00769905511879096,0.000362280466254835,0.00287011303068919,0.00314439066539569,0.00283622468743264
"C>G_CCC",0.00457244667096409,0.00286060939337727,0.010535148065872,0.000515164110643575,0.0041064173742366,0.00162011930580422,0.0118664015314693,0.011671764961427,0.00351191462754432,0.00956234472144207,0.0117973959856645,0.00482685366063583,0.00086794452464019,0.00772683257352589,0.00343368061677644,0.00206845191240368,0.00980315408231454,0.00531349168750944,0.000685462852320892,0.000475740203624967,0.00147269239034657
"C>G_CCG",0.0017086393608826,0.00260059712227386,0.00202000564124298,5.98100042218003e-05,0.00112309497513227,0.000817449895062895,0.0111908512242815,0.0131214264966712,0.000843349440842547,0.00418476793860698,0.000378124111968536,0.001257021258531,0.00288068205406877,0.000769163799424618,0.00202236149826987,0.00126618384873783,0.0076958040282019,0.00992406974167094,0.000328809410897975,0.000219005229503434,0.00303216326018605
"C>G_CCT",0.008694013773752,0.00221178836445559,0.0127788914024257,0.00106804986581785,0.00895395509629576,0.00188935932980868,0.00514435312729409,0.00516699607449279,0.00984179614324142,0.00349194284593317,0.0255357902339755,0.00434776890286507,0.00192514315313391,0.007732331631016,0.00782557319762205,0.00679781179199037,0.033873688509588,0.00886166875539058,0.00388891689078916,0.00391199850322871,0.00505822419793075
"C>G_GCA",0.000539893238210107,0.00120857633892669,0.00987377370572498,0.000460870269165565,0.00349278335537189,0.000814150841955471,0.013935770387585,0.00924428633912827,0.00257529238515704,0.00388062819485949,0.00647375232845328,0.00088397869099901,0.00184032019935792,0.00894082793202536,0.00446573028862178,0.000797352611118059,0.00521449268028851,0.00375487297738711,0.00172899420477975,0.000347207638348975,0.00192310884637943
"C>G_GCC",0.00539509837549467,0.00413979358138499,0.00830539686200159,0.000554725287742858,0.000902905148232344,0.00156553217777029,0.00473767143861364,0.0145471841881298,0.0034587282061142,0.00330774819377773,0.00559078790507954,0.0035814928477435,0.00138401575323197,0.00747174494743571,0.00340624532982643,0.00405454734856558,0.00287169643522017,0.00397576572705841,6.96214280740647e-05,0.000662950527817459,0.00651893587672034
"C>G_GCG",0.00127493512419082,0.00019623234562702,0.0040937588434219,8.59313305505379e-05,0.000823188698825575,0.00016222603590273,0.000478563097010749,0.00722962586963407,0.00100246886525001,0.00161685823421678,7.40107181754893e-05,0.000696151118366764,0.00063932850099351,0.000813488338715932,0.00118952512097221,0.000709578544921837,0.00167297694707856,0.00283821353639547,0.000120179565195213,8.98599080347313e-05,0.000269543485789605
"C>G_GCT",0.00331006853250181,0.00183142694830748,0.00810746584347114,0.00158135992316418,0.00417743680214818,0.00164247813930705,0.0134367077691173,0.015859823174417,0.00471995744580318,0.00117617404219261,0.0150518818163278,0.000190221177711105,0.00240974261837169,0.00607289495587906,0.00532570003854533,0.000127975263680088,0.0221122874043838,0.0178200613635454,0.000622327149139601,0.00181799971256187,0.00332424871051031
"C>G_TCA",0.0217032751203102,0.00645155139993119,0.00557992824497365,0.0248817641417497,0.0275808617197354,0.0140625844061624,0.0418366205106675,0.0256780603005866,0.00409242412474135,0.0123431380470202,0.0106868451961511,0.00493146154246912,0.00653992112262309,0.0060036850430375,0.00190761584485772,0.0484741411528901,0.0463026929969132,0.0288928445122741,0.245854186254664,0.220010014437341,0.124450943178395
"C>G_TCC",0.0196841695039191,0.00356454633001464,0.0100721704526261,0.0184364642555186,0.0137257874277209,0.00272190415547984,0.0245484493358792,0.0187234742725119,0.00501168369660679,0.00990201009272499,0.0331929725534145,0.00295623317566835,0.00354175421808169,0.00395268613646847,0.00509298400797843,0.0174657221852405,0.0157558883102563,0.0142932968262557,0.0459445941353811,0.0313638683646966,0.00573427580315948
"C>G_TCG",0.00387962268779915,0.000209078088062852,0.000311502634118447,0.00236541079231498,0.000603346004601025,0.0013706420078426,0.00228014352905382,0.00373793912440173,0.000490077832595551,0.00147837648150982,0.00393094078485149,0.00119021345385773,0.00153642065912718,0.00151212354639272,0.00231577639698582,0.00202436697405928,0.00801725304725742,0.00395382062082963,0.00720771407530486,0.00770432943126787,0.00283471578817126
"C>G_TCT",0.0201832104936392,0.00327185661592809,0.0228602473095079,0.11064620084828,0.0362446261976281,0.0128186614721376,0.0332854441890618,0.0219965578305474,0.00272688979930501,0.0152327438358239,0.0641477284237767,0.00171082407198952,0.0137708534549405,0.0162599315746813,0.0238802204241007,0.0425553000940982,0.0905207884853738,0.0374487050067501,0.219370508881895,0.246227164519443,0.0779453013594398
"C>T_ACA",0.0249657245450137,0.0391103912855023,0.0246592997800323,0.00490098598116323,0.00255029266699868,0.00797972002748817,0.0315958904254334,0.00726773410877557,0.0352035864371583,0.0045157357706122,0.0202180583856059,0.0146195202704924,0.0148161781870625,0.0158873874796061,0.0195719256780021,0.0202701783698541,0.0156173748475932,0.00473680487674023,0.0058436217937511,0.00434534190146678,0.00592557315095221
"C>T_ACC",0.000284002447474833,0.00279341816973232,0.0138413163023856,0.000621282253758848,0.0166317696139278,0.00432111770754872,0.0114582628834786,0.000237228609046783,0.0238321447525104,0.0234951740075444,0.00539846815900926,0.0136038502016867,0.00594885925152918,0.00481896430176916,0.0228808768292555,0.0118026298071699,0.0137958031314118,0.0134730318576289,0.00447770120415608,8.8121829935534e-05,0.00927351623729775
"C>T_ACG",0.0753290090160598,0.0589479061303615,0.0037643699378487,0.0029685306707268,0.0293593339404725,0.0126157765577814,0.0322957654536587,0.00641027725608292,0.00229731252482532,0.110157828595206,0.0148911487722191,0.0439586371282368,0.049707380924616,0.0051831521280084,0.0999346473925595,0.00822878131474858,0.00159182222776381,0.0332747772242939,0.00282902253144538,0.00224773937796486,0.00295283636457854
"C>T_ACT",0.00413284216371659,0.0136970024869303,0.0315750027755359,0.00224489463688698,0.00301339270282992,0.0046837114169322,0.0296579891312043,0.0172202984775696,0.00641556124958936,0.0195519213355107,0.0067323930080471,0.0139446005382953,0.0183694166945838,0.0139014398162375,0.0171274270481202,0.0297931320364202,0.00414024795237312,0.0245091666178986,0.00199048687261034,0.00189491649315963,0.00279662191955944
"C>T_CCA",0.0145977285902262,0.0262095995164876,0.0164236114384526,0.0127249650925338,0.0211383609097189,0.00709630371250527,0.0178631359812863,0.0180157111068609,0.00384434225504548,0.0259677002352091,0.00438622768782577,0.00756106906502855,0.00701557449613837,0.0121373776184417,0.0307683513276771,0.0156592720262867,0.0102858506603053,0.0103923075537018,0.0138513921237116,0.00378582665797198,0.00312884941642216
"C>T_CCC",0.00287406369384117,0.00140873741811493,0.0169949684101922,0.00372622064411757,0.0219645186879787,0.00437362401648913,0.00948579396620898,0.0127349060484875,0.0246613086996461,0.0290019019171409,0.00557886821148307,0.0307737674214089,0.0154326614753715,0.00453962012484351,0.0250378647835396,0.0169644698148492,0.00207038598219494,0.0165761903257488,0.000919308655058916,0.00140014625224542,0.00440803801769517
"C>T_CCG",0.0441637304023929,0.0287559791119872,0.0109675227333817,0.00257507948345764,0.0224178410072773,0.00912689984300248,0.0147106509792333,0.0104933951381526,0.0371189120378628,0.0446053858809784,0.00725621765255613,0.0660028344810109,0.0474259092263833,0.000997855296157722,0.0322659793263192,0.00191728048302633,0.0201903381456233,0.000648974671586815,0.00512012022544486,0.00247178663146465,0.00502206075733843
"C>T_CCT",0.00148939784487248,0.0177177613432468,0.0261822853309652,0.00831198110899461,0.0156923183863446,0.00631576898248262,0.00688893873216296,0.0108939164250381,0.0348171001059623,0.0244185878339376,0.0182592846126286,0.0155813713345566,0.0169175074769975,0.0170516265385534,0.0278829486723575,0.0210207150082023,0.0181746282248711,0.0179415959757652,0.00207758187610033,0.00334464200027124,0.0101851483566863
"C>T_GCA",0.0019001855724957,0.0233273878934576,0.00384100908448024,0.00569391188670124,0.0197855941016127,0.00575641977301974,0.00238357913702784,0.00161918100740019,0.0264235394373359,0.0221099983459505,0.0162662579872089,0.0191963875342819,0.00643475874244802,0.010835113655186,0.0190936935768797,0.00191643785677511,0.0245549968506612,0.0288296209500904,0.00181556690151889,0.00565504535002793,0.0106091409838619
"C>T_GCC",0.0036019030060252,0.0197839207815501,0.0159932047597678,0.00219845345410769,0.0113140683931034,0.00565867232071677,0.0192260781440691,0.0153123260164101,0.0258300370609424,0.0171813586225596,0.000745142240344963,0.036404547068046,0.0125551163478358,0.00629659332132697,0.00782110425579419,0.0112169652821576,0.0106493201049337,0.0074655892891286,0.00362505931334901,0.000538740140510179,0.0113726996711276
"C>T_GCG",0.0343298764606566,0.0389266984994515,0.0134849616607859,0.00182495610738345,0.00642871781579211,0.010582328834976,0.00996326784815314,0.00408254188555598,0.0188425796867447,0.0853282535830145,0.00290751415888825,0.039341632231769,0.0683737662805223,0.0044026014834725,0.0633649166654549,0.0115164926734824,0.0165555428210765,0.0176763092908263,0.00202405716238237,0.00413841711767895,0.00342079332354652
"C>T_GCT",0.0202452769894583,0.0227535536883283,0.0121746836835272,0.00293797059457373,0.00515489152304022,0.00355139753131412,0.00924746541077881,0.0181471976863557,0.0257016854297646,0.00897840640676397,0.00406794358016937,0.0268014006675827,0.00952948329869561,0.0138907950322555,0.00537580709019556,0.0129149120623747,0.0147577401922896,0.00931643606241325,0.00128353483683166,0.00307314084842796,0.0161896295373751
"C>T_TCA",0.0279159925848846,0.0147258441408758,0.001014640150748,0.441932148204906,0.0534079121740515,0.0399630784474889,0.0273781388900932,0.0468207624780203,0.0266749340535328,0.0101598851807506,0.0248164001496862,0.0269784115284889,0.0339732791937168,0.0141579971986458,0.0228896264602029,0.0356504868468571,0.0070436853866069,0.00848232016474111,0.0257883896200222,0.269784709255136,0.229273285258632
"C>T_TCC",0.0201727241016985,0.00783190771035102,0.0235729967367663,0.0753446829045812,0.0640927590875918,0.0148328397779062,0.0132638237846469,0.0138794376928461,0.0362436662596332,0.0143202423857043,0.00964289486443527,0.0291682262713968,0.00138895523547148,0.0067448049559764,0.0503171194291404,0.0321186970739056,0.0128765232797402,0.010689393493455,0.0544495963426233,0.0183767770851525,0.0187980729573402
"C>T_TCG",0.0393729069174548,0.02722815719988,0.00442187856559609,0.0282733036124933,0.0233418326512688,0.00988409341921869,0.00585651027196237,0.00556288082716367,0.0277025208216958,0.00225366130291406,0.00336243362120078,0.0639058007713226,0.0483684451931825,0.00498282261279156,0.0207582636101523,0.000748645284552574,0.0110046575912434,0.00897783682750562,0.0310348107954947,0.0203950791293243,0.00350556226507715
"C>T_TCT",0.0122372868817149,0.0316169565702882,0.0139194805431034,0.187008625066153,0.0532392649239949,0.032654461068718,0.00579365809651309,0.00146912821393874,0.0351993891487405,0.0444369086001654,0.0186910042872243,0.0488652856383814,0.00793260597775559,0.0252138461079559,0.0131742898463135,0.0224363649093893,0.0164378773076317,0.0118596948171166,0.148272829437979,0.0738455401008649,0.00664659150197519
"T>A_ATA",0.0107806007300541,0.0176064152434763,0.00275636515473972,0.000116814267684502,0.00251474890061699,0.00439654104613914,0.00714530406423087,0.00627356664287812,0.0148684970352302,0.00249592286770503,0.0121600863283808,0.010940538423212,0.00929463515446054,0.0150459082406233,0.000614408335254289,0.00535967614594095,0.00652425675525027,0.00853302509849617,0.00250959744855339,0.000114427830015888,0.00128001919737158
"T>A_ATC",0.00530278450525035,0.00601248668632282,0.00324972500480369,0.000475188590932097,0.00369292304518737,0.00362546065521115,0.00308022821772163,0.00308889418010081,0.0055966370276613,0.0125627063419364,0.00998664816040057,0.0225545075233963,0.0125242284923058,0.0125582912761657,0.000623885827910688,0.00259662258350497,0.00322520696651118,0.00796734392936414,0.000214859696949733,0.000584543655192521,0.00657530482714326
"T>A_ATG",0.00185187511298031,0.0040874087835514,0.0113399200211601,0.000328787808024738,0.00505768449619028,0.00278881770891419,0.00603824333964024,0.00225268384280858,0.0078120251840456,0.00712154666874235,0.00432548706964844,0.0170968166674685,0.0106307287459422,0.00652626796818753,0.00557153152709784,0.0214396670573448,0.0113704910672639,0.0211418143113119,0.000815000893963233,0.000377968556896673,0.00496620123611561
"T>A_ATT",0.0188871463093715,0.0193656006213506,0.014290639341334,0.000558732784720267,0.00130133571749836,0.00901865468065108,0.00404074122162472,0.00279528559554118,0.00631871813057716,0.0167861398219407,0.0128276051509792,0.01442107376181,0.0307683930893664,0.0181186134140424,0.000545331628245799,0.0198147856535694,0.00378200818388699,0.0145785952029318,0.0011364002804938,0.000710577393264196,0.00458529970315796
"T>A_CTA",0.000430052617826692,0.00635978676863514,0.000988576799942009,0.000187695301281588,0.00130766446003191,0.00241490212287039,0.00627470983845134,0.00198110643378684,0.00511068570779052,0.00223448937390372,0.00854434487492059,0.0024306379548794,0.00225968680531759,0.00836972033365962,0.00214617363213697,0.00680312388493051,0.013605935181126,0.025763726274062,0.000395508772266221,0.000319671805510237,0.0110429457747704
"T>A_CTC",0.00447082081554164,0.00718019441062719,0.0203368268666743,0.000281754559053781,0.00402969578425143,0.0122907500288548,0.00443229865027839,0.0108727121435114,0.00599256768609854,0.00384481035439866,0.00512989243900583,0.00486159449128141,0.00132048633900631,0.0101913978670955,0.0029173780380292,0.00453704260346216,0.00530375709555698,0.0137010767584377,0.000268236496130325,0.000121924957243671,0.017874974275736
"T>A_CTG",0.00515073412190239,0.00600289238644517,0.00756542910793232,0.000445537810405404,0.00138919025823745,0.00516350563311638,0.00307518156971484,0.00700308262922772,0.00444913739573017,0.00476845912749854,0.016460132210764,0.00439606620376901,0.00564793224159364,0.01545494791474,0.00133836565581963,0.00919262619756642,0.0118284276911682,0.00822849468691928,4.03562655037952e-05,0.000231290284423974,0.00390133139580194
"T>A_CTT",0.00700247891772365,0.0106987730589647,0.0245966707795092,0.000146518089346567,0.00112970424432399,0.022961102271492,0.00763793276856391,0.00454951220315674,0.000129902452586842,0.00132680757685355,0.00520452942698329,0.00137266022722741,0.00120348598951943,0.016963681923729,0.00523451218797112,0.0297843370566332,0.00686050727527115,0.0348357546042795,0.000746890677902915,0.00029427307318127,0.0081338944969035
"T>A_GTA",0.00142217405577315,0.00455146791529249,0.00702153565271272,0.000163542594805347,0.0017489628947223,0.000902473835267263,0.00233784680034492,0.00955833887944136,0.00287158959311476,0.00280960107319805,0.00187698761365664,0.00187957817190209,0.00188049792845821,0.011596769774391,0.00230743859188427,0.00221699335368613,0.00718239359011442,0.00030248558215203,7.41040954687643e-05,0.000160736584014085,0.0101394349578918
"T>A_GTC",0.000331264112650673,0.00400526147326685,0.00494945276707957,7.68882064493431e-05,0.00162151035300978,0.00314738488426909,0.00323304142920687,0.00828556707611403,0.00314809863903049,0.0036812273621957,0.00341753529472301,0.0076991958890105,0.00136915736739353,0.00294574826261726,0.00293150679829923,0.0114083758060266,0.00274002061764808,0.00860907381532721,0.000230741584470479,0.000157042251214239,0.0046246249886126
"T>A_GTG",0.00316029205679964,0.00462029044728702,0.00825590139404057,0.000174980480674433,0.000132990058846146,0.00178764983794173,0.00524498102837288,0.00468692393419835,0.00271752815697808,0.00416143165586821,0.00827642301771391,0.00418017352610581,0.00567998237376122,0.00758546888883231,0.00252667448941841,0.00115559532701964,0.00658053223639729,0.00352347145972635,8.26298485042829e-05,0.00028857116475643,0.0036777666388853
"T>A_GTT",0.00403589079888142,0.00688307383133757,0.00835240874611895,0.000266607774151625,0.000848464019632107,0.00650829038530056,0.00133728425734818,0.00637246908936429,0.00116827370009165,0.00374500397137747,0.0148624786443324,0.00240810942770387,0.00306690096323012,0.0144114141124332,0.00391755018424513,0.00539654914522845,0.00410268923555637,0.010769436589408,0.000461343212518744,5.29572239099086e-05,0.00180144296869412
"T>A_TTA",0.0101164628129011,0.00469163022107041,0.0151100142004121,0.00058199428834452,0.00899617245022219,0.00608108271598192,0.00994491785417647,0.00211973599407305,0.035187265508049,0.00153584304434812,0.00600892344529808,0.00723978765588999,0.0345522669191747,0.0107542367076584,0.0118543021653456,0.0184535078510376,0.00916933994522346,0.00962994100066282,0.000922309740916873,0.000184293913440693,0.00719560861309538
"T>A_TTC",0.0043527124222258,0.00684572582320024,0.00876927071034312,3.47036776553474e-05,0.00305696873756365,0.00692089080831523,0.00205798145190439,0.00368074837402775,0.0038479051467422,0.00620420630222751,0.00780771627439672,0.00315718983159008,0.00173198209387673,0.0118935135180162,0.00340177967751127,0.00615751532719025,0.00805712075180399,0.000326580309582988,0.000407138910206227,0.000295205999418918,0.00523944222274072
"T>A_TTG",0.00135318059870181,0.00255042111854293,0.0104318836162373,0.000318957069764096,0.00627193989682573,0.00278876113155486,0.00362537385046559,0.00275794772192033,0.00657789897099671,0.000238368214438376,0.00116031088088433,0.00467406840774509,0.00453742307018953,0.00595054969611144,0.0014843622668506,0.012698834266032,0.00636331427776985,0.00545241766707796,7.36794198158829e-05,0.000300485270741431,0.000783393227760468
"T>A_TTT",0.00315901357226804,0.00825842117864278,0.0179630543259644,0.00067955070220388,0.0133575061099186,0.0151710779597684,0.0133479691106062,0.0149484280722214,0.00574930119846786,0.0101994048557351,0.0204764943200492,0.00463998961950672,0.0123785508663967,0.0270000048913444,0.0108318729623079,0.0177829727293995,0.00290728654630924,0.00972031478016474,0.000126468777318634,0.000257144430789723,0.00824009712030514
"T>C_ATA",0.0513843042279606,0.0172754709835039,0.0246361009329731,0.000984036569880752,0.00482686503595751,0.00703535999069751,0.00768072559753014,0.0114742594530439,0.0502089043929654,0.0352349739700318,0.0181544178430387,0.0292369651435213,0.029587537395186,0.0162041838043257,0.00620436040621315,0.00461167664304675,0.0149718435405809,0.0148987518857578,0.00080264116633879,0.00167229580422308,0.00781899347350629
"T>C_ATC",0.007870149338901,0.00816059329879551,0.011835313006674,0.000223063511819541,0.00555656972004203,0.00508823371578399,0.0151132316458432,0.0100722059635424,0.00253206920871282,0.00140888222502243,0.00535905417401285,0.017577814946252,0.0116930144435561,0.0098053096609244,0.00206249572128625,0.00754943846784003,0.00886355232789143,0.00708999270060586,0.000621720486527301,0.000501514312853949,0.00225514857803544
"T>C_ATG",0.0161943551055756,0.000999025698060079,0.00345353464854698,0.000414880816934947,0.0069165104417689,0.00600518625697615,0.0111025380084395,0.00558877273209951,0.0238426119482973,0.00472053949548245,0.0167401242542131,0.0243273760957918,0.00833221480218334,0.0220142044900285,0.0198276245987,0.00756654065331995,0.0212089198531813,0.00316719313910264,0.000774714622235514,0.000540301116854224,0.00253945750914145
"T>C_ATT",0.0287763611162055,0.00332180826915325,0.0108076374525494,0.000946138486895057,0.000779532665262619,0.00849341549273993,0.0263686643182832,0.0189536384848248,0.0303273602451429,0.0401732973791739,0.0213583598008505,0.00531352502535457,0.0245076322299294,0.0359195060631156,0.0322964457289744,0.00788117528457478,0.0187826404541365,0.00319979163658438,0.00126985449916429,0.000747852176035931,0.00872417340726492
"T>C_CTA",0.0129215751212563,0.00845111161105944,0.000399977750896141,0.000372001919758905,0.00136211597070794,0.00836099059403229,0.00989325567316373,0.0178299249525774,0.000961482438861404,0.00828727398126514,0.00773394059081369,0.00516619494987408,0.000441153433225877,0.0175777230077635,0.0120850801449316,0.00536914198479245,0.0139492445218591,0.00574413223296472,1.47810076136267e-05,0.000408169139565953,0.00508325250631403
"T>C_CTC",0.00724464200240846,0.0100869102286704,0.0214389637265382,0.000324833042279712,0.00158635569102862,0.0258725843460455,0.00150730296872321,0.020583925379936,0.0126952668174616,0.00847961481255938,0.00747217012025488,0.00257649337607319,0.00915545804872373,0.0142473731432937,0.0017736242518309,0.010904715859145,0.000574758320987768,0.0140240892203603,0.000858602685323587,4.58394563561029e-05,0.000162300985436636
"T>C_CTG",0.0141225785477737,0.00274728983449337,0.0073726744845124,0.00029927481110414,0.00687546348584643,0.0225481960029556,0.00284288113609555,0.0222892235365934,0.0192295806584577,0.00118825603842257,0.000679466304376809,0.00763196782394983,0.00259598100848773,0.00741545160919704,0.0126806008869971,0.0097213268400136,0.00137606806588069,0.0257082350190604,0.000128884798437199,0.000353162283457898,0.00320619890312592
"T>C_CTT",0.00921644379009178,0.00151649742567182,0.0110420686785007,0.000629340681185936,0.00949049931533444,0.0602850765784631,0.0142841298807078,0.00689902235531658,0.00581314524795219,0.012263876970215,0.00892154798940423,0.00369082005010507,0.00811909024818263,0.0196891697768583,0.0136078580252362,0.014178925082823,0.015019183064237,0.0083662057518617,0.000205633314494481,0.000487324485248781,0.00390492370040323
"T>C_GTA",0.00116803806482928,0.00366842481720792,0.00467562043386895,0.000462225578662436,0.00698922751284208,0.00514020787021091,0.0184615838542651,0.00444440543635136,0.0133255877662425,0.0172926822694731,0.0100516034270124,0.0171905664525646,0.0202064999246482,0.0143958392300949,0.00708873464298415,0.000210491248922844,0.00988877888740747,0.0102666935121055,0.000480908056601494,0.000911828436929131,0.00137437327089512
"T>C_GTC",0.0101568359633537,0.00858698740991024,0.00344821223623114,0.000397107500754432,0.00180659721612585,0.00719273252529054,0.00266007252444282,0.00864494514197059,0.00230012951414306,0.000219893316836433,0.005869890450202,0.0129695382025932,0.00811502574695903,0.00533931100979822,0.00516835346903193,0.00492593425726514,0.0117142753477766,0.00915080827418386,0.000252746776903933,0.000534569723982172,0.00202472957779559
"T>C_GTG",0.0092240176547685,0.00167748808977767,0.00612053529026209,0.000265149681893027,0.00687492093285949,0.0062146273247943,0.00423197364338063,0.00751854379618476,0.0115922202222578,0.00831447567747334,0.00620320200871227,0.00867032696315415,0.00244487313462824,0.00777301120175508,0.010880104609194,0.00539910995482589,0.0070954466400204,0.0052823072743672,0.000643822339804303,0.000285253423268461,0.00029455677102017
"T>C_GTT",0.00717061291862224,0.0136278891135901,0.006290270457281,0.000567981626682584,0.00915045154105211,0.00887623403513279,0.0227300247289704,0.0185050684447249,0.000860813659956526,0.0223709337822229,0.0114113545435861,0.0125510338898218,0.00504505435324759,0.000750856812469446,0.0155618548321198,0.00900808186870022,0.000987664923384901,0.0207569048420016,0.000511923460204378,0.000710501451278991,0.000614787176994018
"T>C_TTA",0.0279219571562489,0.00273068850261092,0.000674999116003008,0.000568897939586889,0.017424305063326,0.00594235345471144,0.0167292543427758,0.0128757060279519,0.0182605957103631,0.00528177654259405,0.0119640932722665,0.0153217947982418,0.0137376975316781,0.016210684901614,0.0121219639679312,0.0135854910554836,0.00629899201794815,0.0185806727175161,0.000446556203330619,0.000672677031753625,0.00382952839017102
"T>C_TTC",0.0263995469021454,0.00583337560968729,0.0108560349719897,0.000427467747112435,0.00584398386848579,0.0123198115285567,0.0132294235917485,0.00531150105139305,0.00391665141249122,0.00649377129869656,0.00958145899152971,0.0100749137681825,0.0154230742308634,0.0162831485326994,0.00774649821749771,0.000341002741891337,0.000293933761157086,0.00860793888664903,0.000377728416493893,0.000679994446848932,0.000714053526574255
"T>C_TTG",0.0109517179537476,0.00271535920871063,0.00304029255153704,0.000181956565184666,0.0166045642487212,0.00747709874638062,0.0103035523244777,0.0039289652157391,0.00657287884861854,0.0047034288066632,0.00565595343877462,0.0125759651921846,0.00785503256769502,0.00417832474378915,0.00272024801800652,0.007857982028376,0.00413086691071339,0.00634707744701211,0.000363039534259899,0.000354784710889412,0.000587959152472454
"T>C_TTT",0.0363699366720183,0.014004646851671,0.0174294709243027,0.000483981452029223,0.0209329479710065,0.0155950680886069,0.0223920399384578,0.00160978589355428,0.0282928174248021,0.0124698903350248,0.000323711061374274,0.00863119030735397,0.012092628235236,0.0119523127600163,0.00659190259624481,0.0202447010844656,0.0128960247203694,0.0187178245692865,0.000277378539612416,0.00165968447401841,0.00175705213631228
"T>G_ATA",0.0097270365385209,0.00362422482495148,0.00538892090222642,0.000231767889074596,0.00209285509857353,0.00244653874569471,0.00659774330640574,0.00918800167125356,0.00659520107169618,0.000149356168182599,0.00171537287271823,0.00818201353779942,0.00620680094793105,0.0093843909776815,0.00189052475621756,0.00852137883440831,0.00876288193623789,0.000683716845557961,0.000108305607538272,0.00048604623608299,0.00416084499028001
"T>G_ATC",0.000671478045496084,0.00147471820918013,0.0026848870120612,8.73139343120841e-05,0.00225956392921865,0.00488945059701256,0.0025660935170961,0.00218514912749353,0.00033108761923303,0.00384417093389469,0.000256566487493825,0.00533378182128608,0.00234697521925406,0.00363744256334199,0.0023284839614216,0.00341875434153145,0.000448914614854735,0.0065867833653113,0.000233893091838384,0.000154840582735145,0.0017816340594698
"T>G_ATG",0.00144874335959034,0.00301320235287032,0.0149418851111394,9.68775892810931e-05,0.00165733795929492,0.00339919440322621,0.00288368357806247,0.0144335184245974,0.00171273660257145,0.00394900960773007,0.00249243185127952,0.00269431755219881,0.00405763490069707,0.00621062302147333,0.00219279404190012,0.000398867172668904,0.00276072444217437,0.0119036410524861,0.000305420062844768,0.000276978234687683,0.00487493071624726
"T>G_ATT",0.00560605669221145,0.00589184530017503,0.000607830685034188,0.000105607004117179,0.00343951189999787,0.0372147548955969,0.00704994527570507,0.00936480669025387,0.00788098952309659,0.000232812867969201,0.000559995014212806,0.00119493624773557,0.00164040056906567,0.00994376995706169,0.00751400173119657,0.0114361763420509,0.0139014416617382,0.00826792003232421,0.000361065285073911,0.000415430067233401,0.00130699794615901
"T>G_CTA",0.00459698473537524,0.000666083925870931,0.00402047644272496,4.98140019378552e-05,0.00148859376298068,0.0034227658766501,0.00280019666548317,0.00460960661796834,0.00202241415817375,0.00153379115937524,0.00363494846243187,0.0019181482324744,0.00200908673481468,0.00283041181373007,0.00340789270669472,0.00216020483269097,0.00446551637642895,0.00270119373525408,0.000129685773654182,0.000161295606918611,0.00118498288790069
"T>G_CTC",0.00585721601551319,0.00395882641936851,0.001008001141751,0.000155474185197998,0.00138675770038034,0.011986827719067,0.00448351979450326,0.00677958875245261,0.00214163605590432,0.00150675333281403,0.00333512184242414,0.0036268522842066,0.000477485822314183,0.00762328987079374,0.00116439322076996,0.00419586967378314,0.00292963759408581,0.00770833494472818,0.000352251572033967,1.26096579315431e-05,0.00222476022023648
"T>G_CTG",0.00382827317585907,0.00347414163451451,0.000656622855292478,0.000194785371345249,0.000993353133605758,0.00766342940321013,0.00600850590182394,0.0128208519271821,0.000897966237362801,0.00286923096037009,0.0109606804591144,0.00382652287801371,0.00140684877065367,0.0112297340259175,0.00455727010516137,0.00277236018320503,0.0146444771954167,0.00977148442904949,0.000430834546912887,2.95926549007246e-05,0.00190725784107206
"T>G_CTT",0.0169556621307116,0.00396256481590279,0.000508781292191248,0.000287421406082941,0.00502362335075139,0.139233613783106,0.0065020146246672,0.00287851306937456,0.0029758865396406,0.00576108765815073,0.00356586213910839,0.00139299961124923,0.000177772125073437,0.0201559573361719,0.00607532344979243,0.0184064560912076,0.000926587069720015,0.00520311449537523,0.000349502876122957,0.000136947232387567,0.00678110261542688
"T>G_GTA",0.00342371418775538,0.00121493259547182,0.00761533767342241,0.000105468870328951,0.00176888745142665,0.000920553665484092,0.00383808055789935,0.00112876071895739,0.00268435458721674,0.00066400607228908,0.000330483249410376,0.00041363768939866,0.00170562827935495,0.00369853216674668,0.00159986956116775,0.00219491144585379,0.000777882076342781,0.00717313853688947,8.73564075046201e-05,0.00015394463441825,0.000682116212374846
"T>G_GTC",0.00160125964414032,0.000740499238359578,0.00334736774919254,0.00013795008346053,0.000938456505399553,0.00309327037739877,0.00116226580457366,0.00207044861514473,0.00178387570614778,0.00245280885848073,0.00251755176119352,0.00202877559793786,0.00207179986229186,0.00316171768889616,0.00108380186156458,0.000450763512475649,0.00116291738063574,0.00337089489645696,0.000123473987055709,4.83323046622168e-05,0.000712866821043834
"T>G_GTG",0.000307914417373138,0.00258833198823818,0.0104161667885829,0.000220851443445381,0.000827512535323287,0.00239395615050666,0.00870002590192431,0.00201068955159811,0.00455408500454963,0.00336663937685339,0.00934461337056231,0.0120299026662493,0.000451222600846458,0.0106454449317662,0.00567307274174493,0.00274702797120765,0.00444549077736976,0.00783677243814202,0.000523711416927923,0.000268483660038134,0.00207155940423739
"T>G_GTT",0.00821605183801137,0.00491203190903274,0.00462262512254721,9.21312627679973e-05,0.00130736558965041,0.0357439543271646,0.00455224714263765,0.00829115776878906,0.00108855720478745,0.00311176817032998,0.00249384431095517,0.00289037162493547,0.00258278889969951,0.00725550895674319,0.000403528642167689,0.00830533584476483,0.00961404293222067,0.00552318511818053,0.000357836906559542,0.000127365111207974,0.000688233230039919
"T>G_TTA",0.00861964517817432,0.000261634438907213,0.00661184516791674,0.000191442998426227,0.00536134109132963,0.00464774687575477,0.00688445779620362,0.00924145562751356,0.000379953634036366,0.00438308816855101,0.00481624160806879,0.00331553708629724,0.0085864102132707,0.00827653125487588,0.00410170147968945,0.00678836265766639,0.0113058881537464,0.00351452426543798,0.000584556716752018,0.000144860749947885,0.00263573830185804
"T>G_TTC",0.00481378281866241,0.00408935335963673,0.00165935365435516,9.89850095221778e-05,0.00114316882831145,0.00777618944354347,0.00456002495481332,0.00720999428911691,0.00334758156459584,0.00326217166005584,0.00305980443477266,0.00215134217163836,0.000372847288560607,0.00805495156385981,0.00270029448393282,0.000531342417660146,0.00937547560116272,0.00258958308506815,0.000291893701509182,8.06451274998248e-05,0.00207131673782144
"T>G_TTG",0.00287988572027406,0.00570065451124766,0.0125807334078959,0.000248254068232412,0.00170514801866828,0.00563018304311452,0.00407974299717648,0.00656732912422718,0.00137769922505016,0.00309091140574786,0.0029097709095776,0.00137372419692573,0.00326555578729725,0.0101655351669859,0.00531906220714588,0.00473999077150147,0.016368428963599,0.00885466460186507,8.48159462341611e-05,0.000350783866542281,0.004922507320672
"T>G_TTT",0.0281342025181658,0.00828788897389972,0.00932009668416739,0.000664419180113318,0.00181930930703289,0.0837765137520809,0.00197671618194284,0.0165147798186839,0.007121846218584,0.00560935532615192,0.0101659005292596,0.00596667022306723,0.0111113611815935,0.0235326681806128,0.0112214549957163,0.0175951424360401,0.00675564623253261,0.000226457586494526,0.000284450630786431,0.000796031746192965,0.00375188323120324
