"","Breast-AdenoCA::SP117956","Breast-AdenoCA::SP117975","Breast-AdenoCA::SP2149","Breast-AdenoCA::SP117113","Breast-AdenoCA::SP117245","Breast-AdenoCA::SP117402","Breast-AdenoCA::SP117136","Breast-AdenoCA::SP117378","Breast-AdenoCA::SP116947","Breast-AdenoCA::SP117369","Breast-AdenoCA::SP117244","Breast-AdenoCA::SP117162","Breast-AdenoCA::SP117079","Breast-AdenoCA::SP117344","Breast-AdenoCA::SP118074","Breast-AdenoCA::SP117598","Breast-AdenoCA::SP117312","Breast-AdenoCA::SP118038","Breast-AdenoCA::SP117552","Breast-AdenoCA::SP118073","Breast-AdenoCA::SP117933","Breast-AdenoCA::SP118012","Breast-AdenoCA::SP117108","Breast-AdenoCA::SP117812","Breast-AdenoCA::SP117354","Breast-AdenoCA::SP117370","Breast-AdenoCA::SP116991","Breast-AdenoCA::SP117629","Breast-AdenoCA::SP124199","Breast-AdenoCA::SP124195","Breast-AdenoCA::SP117850","Breast-AdenoCA::SP117127","Breast-AdenoCA::SP117614","Breast-AdenoCA::SP116948","Breast-AdenoCA::SP117409","Breast-AdenoCA::SP117593","Breast-AdenoCA::SP117372","Breast-AdenoCA::SP118077","Breast-AdenoCA::SP117840","Breast-AdenoCA::SP117363","Breast-AdenoCA::SP117887","Breast-AdenoCA::SP116946","Breast-AdenoCA::SP117901","Breast-AdenoCA::SP117454","Breast-AdenoCA::SP124197","Breast-AdenoCA::SP117919","Breast-AdenoCA::SP117250","Breast-AdenoCA::SP117983","Breast-AdenoCA::SP117676","Breast-AdenoCA::SP117011","Breast-AdenoCA::SP117057","Breast-AdenoCA::SP117126","Breast-AdenoCA::SP117728","Breast-AdenoCA::SP117618","Breast-AdenoCA::SP117257","Breast-AdenoCA::SP116963","Breast-AdenoCA::SP117078","Breast-AdenoCA::SP117944","Breast-AdenoCA::SP117639","Breast-AdenoCA::SP117834","Breast-AdenoCA::SP117105","Breast-AdenoCA::SP117785","Breast-AdenoCA::SP117882","Breast-AdenoCA::SP117778","Breast-AdenoCA::SP117032","Breast-AdenoCA::SP117710","Breast-AdenoCA::SP117538","Breast-AdenoCA::SP124207","Breast-AdenoCA::SP117800","Breast-AdenoCA::SP117724","Breast-AdenoCA::SP124193","Breast-AdenoCA::SP2293","Breast-AdenoCA::SP2357","Breast-AdenoCA::SP2144","Breast-AdenoCA::SP2145","Breast-AdenoCA::SP2147","Breast-AdenoCA::SP2146","Breast-AdenoCA::SP2148","Breast-AdenoCA::SP2150","Breast-AdenoCA::SP2152","Breast-AdenoCA::SP2349","Breast-AdenoCA::SP2155","Breast-AdenoCA::SP2154","Breast-AdenoCA::SP2158","Breast-AdenoCA::SP2156","Breast-AdenoCA::SP2159","Breast-AdenoCA::SP2153","Breast-AdenoCA::SP2160","Breast-AdenoCA::SP2151","Breast-AdenoCA::SP116341","Breast-AdenoCA::SP116331","Breast-AdenoCA::SP116351","Breast-AdenoCA::SP116371","Breast-AdenoCA::SP116361","Breast-AdenoCA::SP116343","Breast-AdenoCA::SP116333","Breast-AdenoCA::SP116373","Breast-AdenoCA::SP116363","Breast-AdenoCA::SP116353","Breast-AdenoCA::SP116345","Breast-AdenoCA::SP116365","Breast-AdenoCA::SP116375","Breast-AdenoCA::SP116335","Breast-AdenoCA::SP116355","Breast-AdenoCA::SP116347","Breast-AdenoCA::SP116367","Breast-AdenoCA::SP116339","Breast-AdenoCA::SP116349","Breast-AdenoCA::SP116357","Breast-AdenoCA::SP116359","Breast-AdenoCA::SP116369","Breast-AdenoCA::SP116377","Breast-AdenoCA::SP116379","Breast-AdenoCA::SP7692","Breast-AdenoCA::SP5052","Breast-AdenoCA::SP7785","Breast-AdenoCA::SP3415","Breast-AdenoCA::SP2799","Breast-AdenoCA::SP9979","Breast-AdenoCA::SP5393","Breast-AdenoCA::SP11292","Breast-AdenoCA::SP13036","Breast-AdenoCA::SP7421","Breast-AdenoCA::SP4875","Breast-AdenoCA::SP8795","Breast-AdenoCA::SP4820","Breast-AdenoCA::SP4593","Breast-AdenoCA::SP8085","Breast-AdenoCA::SP11235","Breast-AdenoCA::SP6730","Breast-AdenoCA::SP10635","Breast-AdenoCA::SP5381","Breast-AdenoCA::SP10084","Breast-AdenoCA::SP9251","Breast-AdenoCA::SP3016","Breast-AdenoCA::SP11045","Breast-AdenoCA::SP2826","Breast-AdenoCA::SP11171","Breast-AdenoCA::SP5784","Breast-AdenoCA::SP8564","Breast-AdenoCA::SP5844","Breast-AdenoCA::SP6519","Breast-AdenoCA::SP6766","Breast-AdenoCA::SP5448","Breast-AdenoCA::SP12049","Breast-AdenoCA::SP2714","Breast-AdenoCA::SP2801","Breast-AdenoCA::SP8891","Breast-AdenoCA::SP9481","Breast-AdenoCA::SP5808","Breast-AdenoCA::SP6429","Breast-AdenoCA::SP5017","Breast-AdenoCA::SP8229","Breast-AdenoCA::SP8157","Breast-AdenoCA::SP5279","Breast-AdenoCA::SP8660","Breast-AdenoCA::SP11878","Breast-AdenoCA::SP9433","Breast-AdenoCA::SP2881","Breast-AdenoCA::SP7378","Breast-AdenoCA::SP9816","Breast-AdenoCA::SP4265","Breast-AdenoCA::SP2793","Breast-AdenoCA::SP6825","Breast-AdenoCA::SP4523","Breast-AdenoCA::SP9930","Breast-AdenoCA::SP5820","Breast-AdenoCA::SP10470","Breast-AdenoCA::SP9648","Breast-AdenoCA::SP4535","Breast-AdenoCA::SP11808","Breast-AdenoCA::SP96163","Breast-AdenoCA::SP11948","Breast-AdenoCA::SP4557","Breast-AdenoCA::SP96147","Breast-AdenoCA::SP10150","Breast-AdenoCA::SP4472","Breast-AdenoCA::SP6813","Breast-AdenoCA::SP96511","Breast-AdenoCA::SP5636","Breast-AdenoCA::SP5559","Breast-AdenoCA::SP3631","Breast-AdenoCA::SP5473","Breast-AdenoCA::SP8394","Breast-AdenoCA::SP6115","Breast-AdenoCA::SP7291","Breast-AdenoCA::SP2997","Breast-AdenoCA::SP8831","Breast-AdenoCA::SP2731","Breast-AdenoCA::SP6223","Breast-AdenoCA::SP7171","Breast-AdenoCA::SP10563","Breast-AdenoCA::SP8987","Breast-AdenoCA::SP5980","Breast-AdenoCA::SP12186","Breast-AdenoCA::SP10944","Breast-AdenoCA::SP2766","Breast-AdenoCA::SP6673","Breast-DCIS::SP117698","Breast-DCIS::SP124201","Breast-DCIS::SP2143","Breast-LobularCA::SP124191","Breast-LobularCA::SP117247","Breast-LobularCA::SP117362","Breast-LobularCA::SP117470","Breast-LobularCA::SP117586","Breast-LobularCA::SP117709","Breast-LobularCA::SP2157","Breast-LobularCA::SP3368","Breast-LobularCA::SP5666","Breast-LobularCA::SP2781","Breast-LobularCA::SP8532","Breast-LobularCA::SP12856","Breast-LobularCA::SP7456"
"Signature1",0.158722342413653,197.361195190965,98.2112318716394,0.15870037020331,223.107051699059,292.004727949874,19.3104338734785,246.949993447455,201.491725587172,0.158957035740185,0.158751730250235,104.568241922355,0.158811829762695,0.158872852581489,639.742927756001,115.845420386096,148.164903997642,0.158911979712567,31.5194495866806,0.158688583283176,63.0255797719384,31.9320481138495,0.158664803962555,78.2959016182468,0.158824112447057,80.6847818584612,0.158794302207467,0.158880046297923,0.158792289458262,0.158742365574756,110.987614053345,0.158618822258615,15.5943242462408,138.9861966655,70.6542159349113,0.158689212100142,219.151836014255,237.366895510446,262.525211146496,0.158726738535431,0.158894539393135,216.338237129003,0.158880892192923,193.682034887801,0.15885046680131,0.15890448164946,0.158924372764441,0.15883484426794,17.7027115842998,18.5444272255198,0.158805105539963,138.697038542338,205.975776420292,0.158611948944251,0.15860425029045,192.666069636141,0.158897305193248,0.158922456488089,0.158874032596959,211.684150996905,318.90860948118,277.23824755565,0.158748308531686,304.031257381051,174.782074494182,32.4992704044567,0.158918951209286,154.428220425243,154.76491038465,152.195522499871,92.5412042693463,0.158788065355221,0.158933783093261,23.8838620524475,0.158864859535309,0.1589301777779,85.9013958963223,55.4441781546471,205.092648662704,0.158710162401362,212.146809366434,0.1589001449719,0.158924092242004,750.223072154428,823.863422063129,78.4851604878772,764.190757370843,96.536600663966,52.1075829794469,193.78761331946,10.5692145315276,0.158781601043487,394.069816658963,109.123386343299,342.10991663783,409.058696330741,236.318836794515,62.9745301874985,450.124755548791,83.8134714804105,178.503997011576,193.184022452571,416.864456286602,0.158984028770954,227.34558714941,214.689934266044,21.2514429748395,495.844017475424,334.071907488929,680.229784727247,323.242667701521,177.941860061955,0.158848162313636,0.158917315930894,0.158886619508046,41.5944164939485,520.56079006646,0.158739424741527,215.851469618704,500.956135583778,83.4905767729697,406.466986407309,639.742431575479,0.158897477518424,478.421486762511,258.76338865244,16.1485316227445,0.15883012905274,70.9231566649577,443.727534247775,78.0810309848983,0.158570003342631,0.15887060775533,261.848628195784,467.436732375771,0.158853419525084,441.522189004377,0.158893630798613,0.15891229612313,383.570888237973,823.590811729387,0.158772150383074,229.966472573216,518.882880528551,19.6413007909465,427.461883105769,0.158830508785602,0.158882589874385,134.977761440645,0.158920497755812,1027.06563389743,254.167795629678,552.510718703201,230.297590242856,16.7748269907429,176.820746424366,1074.98567560045,445.638759899696,0.158909164929055,0.158814051045288,85.1891579796943,0.158854318885194,0.158989931920263,472.724734055941,353.228996376544,67.3679582320723,217.086117416903,0.158928142170673,39.074648775553,0.158730158073485,190.544753193467,766.21294870653,0.158911538106943,0.158838281108236,277.859229987555,370.589768945265,0.158894981073442,0.158918589796863,242.871707578529,0.15881714594732,2791.06570940063,339.461619160888,989.735199964719,310.231918045218,322.014492921263,0.158795253507006,0.158883865941729,90.580411439173,82.9552231867448,139.896534047036,248.672399585374,369.051895501437,461.658901119705,35.01427486893,210.323366669579,469.887820377566,484.687276749188,0.158926761720826,0.158730237444606,123.409861429623,0.158756018770826,196.253665075285,368.244704328057,0.158780060605271,0.158901082233415,0.158646472271023,64.5895473964257,255.938389083878,0.158815281915231,150.623830993828,335.206955640093,199.026497647959,0.158970357132689,0.158805524190606
"Signature2",277.191599974948,438.691703817161,592.543782079182,665.806864410695,472.422548294422,269.833853692787,343.335261883335,0.158736428972399,158.448503165536,0.158970975724075,273.580370705206,428.809791363065,89.2985511089223,535.110084321599,1112.16662334667,195.627378241911,267.929234395199,564.222439485642,304.956516465194,570.333238275907,0.158581545474242,284.326106767011,792.736680656333,340.309060775739,598.533378223415,428.383747038248,482.793977790841,291.568341523441,533.556723888755,313.181496035528,276.23024356897,446.656844288373,621.450621940223,514.641711152951,337.814570935372,304.823216289227,48.4792494138082,278.352990372942,157.053396370896,1981.83983691645,1077.37829995027,621.319097919261,206.876369614398,183.206690423301,240.742098710467,534.073549537874,136.336319171909,532.502197149892,278.755096054631,0.158974029350524,350.017403315339,257.400465918475,343.04257065185,347.094568682909,264.091712595936,220.446686768732,841.789509980761,177.937245044616,525.646556379312,629.093283715847,360.654361869177,0.158873096632175,397.319533597843,157.985693255708,143.686921697264,273.175788473983,263.012852821955,656.147841922559,575.283594319668,295.738973170893,158.429890199293,0.158811871945912,898.075833769005,0.15889934890625,485.848372818051,972.00335557662,289.790274936363,0.158912052046395,546.529792544283,739.192172392806,1049.87783517728,474.093948259379,930.245396714918,899.092197745399,0.158859536070988,263.81182907046,588.654485847519,437.474410957973,0.158722015030173,26.598218221434,1251.51425917482,887.218169448422,42.3666296763148,0.158910786248219,1216.66199365985,150.535899228031,291.945181564219,481.636403912497,1468.30736812914,561.750477694719,0.158882777427324,2123.18406670263,446.17894565662,597.88596816553,783.98109828204,867.558764501,989.012065982668,384.798243305578,15.1750076238989,100.314967346866,160.492774020482,1201.30509442078,1669.96907875091,2286.63888853359,1804.09520832884,792.476904577476,0.158904923778297,443.189911433595,242.36063089304,169.168303342438,169.443543688875,28.834966667325,155.627185241099,747.272036462329,612.419469101782,0.158905244036333,196.787976043508,945.22811332836,607.384625876608,970.641721523535,353.533117513292,354.21740676016,2231.95869160098,265.577509767153,0.158911917384538,252.456703619228,253.815667650472,704.666700326482,846.405062543646,856.567228280502,231.986027385277,199.904902768224,178.056049137111,133.058133102448,1295.55361513418,0.158899096899627,893.609046981005,705.468015137925,426.470570506464,1013.70998514277,0.158921239757629,445.407626117621,585.417638922327,277.148221978616,1624.28458863238,26.346848104987,0.158891944028098,35.4172291232632,1127.16871453508,738.124560577162,214.48799698822,703.563159745271,1180.93534905051,1653.30473538953,492.73538839155,0.158905141888433,974.010913623295,641.388323427171,1384.25310498354,420.47540174809,1057.23872154764,0.158879080472261,280.512240369358,1231.91122040149,665.375127486624,430.197275153735,47.6630213441381,632.248169034319,93.8475451461191,446.411772910211,0.158864694699904,0.158946496558331,41.9174063535781,336.341157863488,125.988635820921,842.475577329001,316.100156854206,0.1589457516817,411.937528059181,816.86244406954,355.535260705857,660.426254611829,192.410437169298,317.155421170379,1090.6917640874,907.676932505589,458.816806052268,1183.56933910966,215.881863723935,125.864699509774,465.732226458603,252.17632302375,307.651945739017,608.186117920292,0.158902090041964,313.422081923587,264.177666154398,256.023987757845,818.838038581019,493.648057387706,386.519076690031,0.158924346454178,13.8014655773812,888.330601264247
"Signature3",238.58181961716,53.6883299708738,2853.33323249791,0.15864431470273,0.158794293557517,136.35659138492,0.158679938726256,243.204065794868,82.0709771875632,0.158988360139736,0.158744483478094,344.654415820692,24.0205067505467,551.500768713063,0.158906031122693,76.682996020258,0.158741555930605,187.476994809803,0.158578034359555,0.158661592550633,154.646245731165,0.158704328803113,0.158632591330293,84.1711183636845,71.0172733088722,0.158635475036838,125.397388308326,819.336448736208,22.7820758285892,0.158676137409908,0.158777059433945,0.158579644025592,1005.86277743556,0.158812511543038,1163.33494856054,0.158692619417212,34.5641144840853,0.15879339627352,199.796557593244,152.224994359762,1331.46727827138,0.158820985468041,785.795479257952,0.158710198467323,2255.18091048709,1245.69340749804,0.15893994292367,0.158848390262743,0.158707637694,0.158935518120956,0.158823244980743,0.158852234337244,0.158723478010451,45.6920512197832,0.158643883221023,0.158650448416751,27.7447790155893,975.448395923935,0.158885327794044,529.113661297852,0.158817462036333,155.026756192691,0.158725132635215,76.7840574715052,0.15876318566844,0.158779134795914,1506.8845083303,369.853527214459,115.937889877222,32.2899747238959,0.158735099401094,0.158795443995626,2208.28900183384,1027.99017088838,1181.25796504768,1533.41786408735,742.511647908441,698.050053098538,287.61934909696,0.158755545980352,0.158890318710986,1398.52653511004,1778.91584605608,0.158987171482275,359.137236446314,14.8726023409453,522.667474520984,0.158788675241784,140.134740621731,1383.16638466996,0.15888582071151,0.158840638473578,206.976141312587,659.245694207651,274.419122529368,504.475995721944,2032.34291686313,1195.11912623027,195.6807458539,0.158795312284393,751.821620711945,155.828835032303,1238.39293685993,1616.34985551372,0.158699536391432,1198.35051695256,55.4094061825084,116.949396653248,1665.1629985506,1715.14682520663,2170.88768762497,663.408036957918,148.860404223095,0.158850505603844,4973.61332864267,1338.325374836,1205.1572593697,0.158754901748805,0.158724710667736,208.201909178271,1074.9727065583,0.158959691960786,1374.8124840718,2099.30524162387,0.158897514820209,1452.44907024009,163.428026967863,0.158883341710095,0.158828758650186,0.158820069493345,50.1160248201753,0.158573967050553,1193.3403030219,1038.9834452074,803.960647995432,0.158844343034192,215.419421536451,1583.57472033937,965.714010176134,88.219884317093,0.158824080692452,0.158737261354014,30.1038714149579,109.076739384557,3331.99845687968,1846.41895215452,79.8314257366874,891.819191254492,75.0638935725499,1876.75222786758,1463.17899470323,0.158812187214978,0.158846458842168,151.970968497243,258.889397041592,1415.8742343508,904.718063270768,0.158953590134258,1510.38697019426,0.158799130079263,1287.55452691239,958.899934555354,3002.57748611983,0.158943579071475,155.785251633665,1501.99011875064,135.626758831469,2446.90801194026,2335.76787085464,36.5126119035334,62.8728497068655,1397.82741760268,1717.63636137714,0.158850355690483,0.158828500741317,0.158885574061663,849.744354794301,357.89415151317,2450.74351423987,97.9907823759272,0.158934230229319,72.7688049205396,67.2835594231896,159.838928315482,143.954169949974,36.9584361412199,378.028148004942,3088.23788230804,11.3685054963181,1481.57124902341,124.443102098647,0.158882718179745,1876.25593609774,2076.9381258416,0.158872764477836,467.081285875636,1550.57452016598,2703.68003922459,183.231423280659,0.15870061024095,247.715374490948,61.7341107861888,69.5593488611584,0.158783860244158,1957.74717052158,0.158612710760499,0.15867106223321,58.6242645593557,251.793658870927,0.158865763583608,0.158801350444517,26.0920141755594,0.158964595694329,0.158669609808185
"Signature4",0.158807220070496,110.878556453525,0.158833285351502,34.6142425339186,272.585733208855,360.102911049419,0.158685194599987,0.158804787770998,108.537984717035,19158.7359000281,318.252211188336,44.1284275783068,948.271028090098,0.158926106114887,0.158909919385851,0.158787259455815,0.158671909805494,969.086782835164,0.158688169266947,0.158656433331207,0.15848568757918,85.0224194861448,0.158584153010694,0.158712478126243,0.158865889769791,78.4895628821717,341.835416092963,169.743243777914,409.102705640386,81.4610861187196,238.728686337192,0.158639611088584,0.158926128834727,174.430762537872,69.089128395754,0.158644050734319,1480.37324233728,115.423701390552,0.158899880212741,49.3223316682582,139.789549108537,22.0510907322101,364.339313104235,0.158762450691083,2072.65099765516,335.763394537328,2094.82924651234,349.549560699456,221.254048944329,18650.2400695709,544.723384589577,55.4584618423783,0.158803672765212,0.158602460873634,279.733626018889,37.8821992803449,383.161052507742,0.158891691838025,1504.04153434815,0.158856875680856,164.083317102176,0.158818803191968,176.122140894813,0.158765341076311,0.158700517323533,581.388484889428,239.949184985675,0.158938502947953,30.4747605588934,59.008100500004,922.610757238619,18379.3553058352,700.669321076558,130.808813595656,511.502961011327,206.804473467696,107.261332669611,498.421538328907,114.625741654399,71.7200694480926,749.045039173769,32.9391313081099,0.158906178151428,772.611861389618,269.267732425994,1630.22673067393,610.444033941147,138.403685263184,56.826310359317,0.158897858019743,0.158675641527896,67.7345554940961,288.120078116438,161.403623779112,102.411668385715,23.3158676397013,0.158873899357815,0.158908305962379,125.448026040979,65.6627886825641,0.158862129820049,0.158808565312198,0.158544079650122,0.158843210877935,0.158547296760634,0.158818943308148,0.158641730972421,43.2803584147024,101.587257969014,38.3003736670676,44.6980345320551,55.1748985351753,0.158739428489232,6445.68661345566,0.158895741100929,194.693636621971,0.158880898557797,15.1188086741235,41.84611974269,145.682120305924,0.158835129741929,1543.18976306132,335.684484517041,0.158689958165041,0.158900386639653,0.158809489394605,169.84350848187,24.0569108507016,22.1048866291782,114.25208867272,57.1459429310817,0.158540295018558,32.4339723660341,163.739974454396,58.6775697848318,805.95273769841,109.690410122525,0.158889494581937,113.195677900287,307.03270763969,0.158816066308094,0.158859723898826,0.158648794635822,526.257175386587,0.158945415078609,172.314463619209,218.641834151743,1022.13505113902,0.15853802652163,296.918893401851,0.158848926249804,0.15886304531847,70.951211790703,0.15884653743742,1287.30706851436,0.15893404543295,266.036757192229,362.317644596663,0.158926419338369,0.158825511319339,77.1607587748391,0.158845978700182,0.158798044314556,1960.82261623138,57.0349272364822,932.872757912679,159.71917055263,0.158866744801653,0.158935090682622,44.5165997532732,80.5207127542554,154.092017320954,19.6867782605632,0.158857549201335,0.158830442356035,655.407917715898,21.2964935768244,3663.347431047,0.158974463759581,0.158783052199685,563.837703534928,2406.03373131429,134.841117897884,735.306740716956,0.158960683262464,0.15876333383184,0.158791980634425,325.38232363925,483.545474758354,163.808769138944,496.519008626462,1624.88352674093,413.340099390412,0.158883592043049,1226.88880550939,2780.40717772373,0.158825227652282,1828.63578681356,0.158808708282801,30.2375325946052,63.9533643301063,49.7689510467933,30.3769885658029,289.117373510848,211.313734455723,130.044417926787,150.893882334318,38.0720028762929,0.158705498376132,88.2652171816715,354.289767815948,0.158897330525873,16091.9436764041,0.158798090644772
"Signature5",0.158707445723291,0.158782236126025,0.158917927234959,154.353952534704,0.158781412681103,50.4445544476931,0.158715869398138,0.158696159943222,0.158779523492538,40.5166171059926,71.5412066590081,0.158767075647171,0.158815662312353,47.1297216266531,479.829556830424,0.158694603642261,0.15873211434284,643.67774513129,39.7865077384056,0.158707979494603,20.5462864853452,0.158671125445401,130.346408060738,0.158674348222416,501.473450510093,110.471174742503,15.0745063885277,0.158899547628391,0.158751336052214,26.837511303235,0.158704600805687,64.5925519386562,0.158885720576474,168.578782797018,807.948653073597,0.158633501152708,247.623650543894,115.696089054535,0.158714687574622,599.322174463617,90.9808065131428,114.445709209015,29.9190374240174,0.158636633238158,402.524070732898,49.9322736848131,373.475385046608,315.515102018808,0.158708277182719,102.719314250466,339.220428791241,0.158740963884752,42.8181573546468,0.158590328656719,0.158625910006428,0.158646093722193,966.555445360737,859.958702062057,0.15885200757795,669.538448268064,68.9025034573644,0.158866014632441,189.881216417236,291.303553279629,0.158748021252592,0.158758719412188,759.996829715312,844.068408269696,437.384245222685,0.158789268855556,0.158771564214071,0.159583132053195,563.630333770813,0.158942610906973,255.098386533156,297.531287434654,34.0857002548344,190.188562622971,186.980080122406,258.784573566404,663.472015592311,0.159004945561232,236.763378249571,189.282830388137,0.158853245226811,91.157292657423,59.614213076326,162.703783406826,0.158713937753433,85.7250668416642,652.429206039914,214.70015864116,548.645637999842,443.394123385714,488.988051390861,0.158843608294233,0.158907728165876,145.023918083424,943.521988209175,0.15882100099754,0.158891878514615,83.9054028973186,0.158892424588087,29.9540821089901,0.158735078889831,0.158911895492649,391.510440467509,0.158772490943877,53.344848277239,0.158939056024176,62.3928826662203,631.41681220213,211.995292050641,1579.34071051619,13.1704888789786,0.158900151311313,0.158864368197981,183.74244333918,0.158677831764873,0.15884337186373,0.158868579494288,0.158957172530835,295.624808906945,0.158896430252392,48.2568266275622,0.158878432007086,0.158752582506879,785.008759826773,488.56155386324,0.158861309401916,0.158747425581511,0.158552828086738,178.528208380415,0.158881467147674,22.7774299411601,0.158840187613667,0.158817537946011,0.158876954264988,67.261392356086,421.022403325789,0.158805918557158,0.1587282947078,0.158706071168361,0.158928365160437,209.23872794989,0.15888532298608,490.113909665196,68.5821204154199,0.158728318096717,443.249994245107,0.158896558635889,26.5533687630357,108.842597691051,0.158841304265415,210.792691573774,0.158966544132959,0.158879673444255,0.158930171486781,356.547231683619,904.000833370246,38.8335384288577,31.0167601108175,96.473900433049,478.755228337338,324.012260406572,136.783086974641,34.3915093066665,0.158919114803984,0.158904169099341,0.158673899364436,95.7265056011028,0.158911245565469,311.797915785124,1590.93620508415,254.264831448095,0.158888910329659,761.001640780085,79.2338603901438,16.8099545102799,324.872429842469,1946.95138030681,138.574052394706,0.158895742790473,0.158826006919656,43.4124441165197,314.319600592527,0.158836744062494,420.120703987298,265.284033977982,0.158899130241528,573.721763976636,0.158913635891319,110.157802153263,0.158908884202717,859.860742960889,0.158924120769477,0.158890194286071,216.993480128351,0.158739671971109,131.924822975062,196.987074688469,0.158741213173977,0.158788245275394,254.826984123438,97.4071489484166,0.158636990291908,0.158701062621302,128.283995124196,0.15880792266928,185.656263061596,0.158805851331983,0.158940131827679,242.958150441347,343.682734422636
"Signature6",0.158657891795367,0.158808769481605,58.7163520287184,0.15874073890224,0.158763956692426,0.158793854880756,0.158699065664592,0.158687331130813,0.158731172422725,0.158870047287717,0.158835942081627,36.8513690790643,0.158825063929321,0.15885669817935,0.158937169168202,63.7738271744763,0.158764251950111,0.158836357226747,0.158565754807658,0.158695354022964,0.158568539859736,0.158697119511821,0.158508902729996,0.158697022562837,0.15888519646913,0.158729861477408,78.6278314779238,108.912556784331,0.158882104752262,0.158694525636508,0.158704402283041,0.158775347732045,0.158856739742527,42.2412924731414,0.158936349596147,0.158643097869754,0.15886716357876,0.158719711577519,0.1587653414815,0.158739825481469,0.158918234808915,0.158834866823842,0.158873636949346,34.8334510561485,151.720501642052,40.159069046189,36.3985324381773,0.158844691824445,20.6619923817747,0.158954080457553,0.158825844132643,0.158733314617342,0.158713691282784,0.158558965406154,0.158500021833549,0.158676289581346,0.158831756512443,0.158889070978393,14.5924228227041,0.158866130917686,87.6250703696946,0.15875239702746,0.158748763223787,0.15875862633413,0.158821326252459,50.3473784570428,117.849164240133,606.377963577063,0.158870167174731,0.158872081733546,0.158785669397821,0.158817930304085,35.5843653998089,384.020882232955,0.15884152803316,0.158921839792435,0.158899824724869,81.8616028611526,0.158822311643229,0.158800415663523,155.604223231162,0.158917025471472,573.850725790022,0.158825219963008,34.3133591375978,0.158920523306293,63.5355688120042,37.1443494319534,76.3757453872883,18.9316945952338,115.100639436367,0.158830149421641,0.158883465438807,46.038269942887,75.5943405263312,0.158846972312649,301.314009714922,31.2428988196861,16.9871819144284,92.4220297143922,160.268599707705,136.240309939268,1153.6904151985,64.2425550150321,0.158766738817635,69.2380753527791,0.158896754286683,37.6204862852416,28.1450095760013,22.9075517261123,337.305692958345,88.9722806970212,0.158836243188868,0.158995796351636,0.158989674783916,0.158899148844252,125.672833095354,0.158702666350101,0.158700984477836,0.158876078784393,0.158845941608223,21842.3693392222,108.763461834886,341.049290250404,0.158878596001801,71.0294088105435,0.158700080347518,30.5933151695158,0.15888196422175,0.158770122918137,0.15879815701935,25.5163730776132,0.158786984795351,0.158885764184974,15.0811603727436,0.158861356991616,0.158803797082793,0.158904340429058,3851.70297680469,0.158807382841593,0.15881293210322,0.15878400164464,0.158713661351677,30.2966387525449,0.158918807171827,160.246523533263,76.4141950406785,0.158911528543597,0.15872109470216,65.3517038147875,213.687164659017,96.2655114033773,31.4820827807098,68.5891938369057,61.780965106841,131.299679842048,200.299339719399,0.158938091263852,145.493065061139,34.7812499497761,0.158883538791195,103.909288204726,177.547481550067,195.318219401865,69.1463935647324,266.621571835015,0.158853340478915,215.376510550855,0.158901421505089,0.158683940038139,0.158893490443968,178.503280856877,0.158925248697618,0.15888914557382,0.158770545227187,14.9155377385746,121.297981609462,503.411784892614,465.240774285891,74.6173649536475,151.706621811534,80.2049196191625,471.642894158761,127.975158164525,0.15876189278109,0.158830764417011,875.914331153767,1234.90649178032,0.158736254010935,0.158886966088594,112.674687134619,0.158862191690898,223.914561043347,148.942712935639,0.158953879963281,0.15890474490336,0.158900328357318,0.158947862027861,0.158804383673264,0.158677854059066,0.158769618641405,0.158758372334705,0.158788848857631,0.158834005760322,0.158919074968851,12.885733004749,0.158634129402236,0.158686279242455,83.6309696870746,0.158879561592797,0.158735884943142,0.158946967280028,0.158932252156071,48.0835094357575
"Signature7",23.7454088558422,0.158777180112118,637.467956982108,0.158619983911611,0.15878067975443,61.7750783650259,0.158605863837055,35.1825028979149,0.158795456783256,69.932138805287,43.4518963379149,0.158773829132223,88.9239099128794,0.15887563520012,396.42923488711,148.660658485617,0.158702661626143,0.158902030237951,0.158546763638067,0.158647343140714,0.158554909428314,0.158628850174753,0.15866057678604,0.15864660793966,0.15881119899153,0.158654300083791,0.158795221326001,538.955558489644,0.158715799007814,0.158690833720846,0.158762250847236,0.1585360930082,197.917103250599,0.158817158908057,263.87763056436,0.158689798529842,90.6753932549245,0.158746582931075,0.158721094993252,0.158744820283718,0.158907125335213,0.158803589576936,0.159028706335363,0.158694317567511,0.158946235416409,512.183121009866,0.158895808348486,0.158858201049816,0.158741834147823,0.158966705681452,0.158805698857348,0.158748024560917,0.158706014558923,0.158595205070411,0.158619488424341,0.158615512419795,0.158899417062945,99.6710839222694,0.158828346376583,99.5234951512044,0.158827042438716,51.7030754305998,0.158738167387563,0.158767405822221,74.250612453654,0.158771679152808,283.708191580549,297.11960569535,0.158848426671451,49.4934265523579,44.3880656357238,0.158843301175236,31.0549371597475,469.687453151929,36.4861262078315,63.9375611222557,115.263455371226,224.671868307296,47.8610703370281,0.15875367622155,0.158892630892913,0.158915733961792,246.333804083983,129.509126182783,475.771056818031,0.158897741259218,537.007070670118,171.860837914662,52.40308055012,803.92796512884,508.476590062103,0.158820810962042,135.01377851797,0.158930377174881,1076.3853572303,201.963748565079,1111.79587303102,312.872551040806,507.491457699068,167.424299107473,487.23459334838,496.855421234851,26.5662154362263,599.579721962344,0.15874719158511,807.994238776466,162.853528416331,0.158800039375312,79.5842369794137,437.711068564758,1059.86370275276,562.650982201611,0.158849551310812,0.158909756705007,0.158913771849715,104.360742756427,610.320832617124,0.158735623300463,0.158701484135935,315.001583103944,585.919721780563,0.158958444477407,1819.32524200012,0.158890697467615,605.867769859601,151.068155036052,0.158754949607431,0.158833693480047,262.278736605318,0.158847825143119,49.5606577576458,0.158579427601063,0.15888345395678,525.191878431903,1179.44357324864,0.158832734337792,269.506868980707,0.15889220851307,0.158917557702603,111.091786535999,0.158889824239959,0.15878391519016,85.2561520831034,416.833485571146,137.622489272143,1017.40144608541,0.158849613038255,0.158909944570984,0.158727268639631,134.978547606703,1310.43287770289,170.297084328424,160.636563915959,281.790855146004,0.158915239768957,831.971910366742,1411.49772089845,222.815395231903,84.5288237580266,0.158783004909547,617.63896163773,0.158841036197648,463.500555297318,135.662270300149,130.420587620979,627.875121021618,0.158858620364081,861.075204236161,249.531208433538,0.15867301925049,0.158840891567886,968.170520929207,447.405733654073,0.158891150451696,176.36731566601,0.158910277309568,553.651163423905,0.158951490457295,1232.08161035146,0.158800488040349,685.47630878039,304.973640472345,745.663147712473,41.596729067468,127.165075555124,0.15875898613753,0.158826929008585,1502.95891376147,77.2240114225057,0.15900408095525,0.158838537221775,0.158854482275219,454.428060240586,696.390916432605,0.158903189595696,92.8704891424477,167.614019028037,0.15893664935854,0.158723193361344,110.275865105141,0.158731670373408,46.8094187741728,0.158811053881184,0.158730284890431,0.158904606762173,0.158623958589458,0.158721704692609,0.158624955514512,0.158803165963061,0.15888380901092,0.158820230538947,207.91570072165,0.158945850313814,0.158695343182569
"Signature8",0.158695857471339,0.158742065579616,863.637704739242,0.158702167968681,82.427804328217,0.158817614963086,0.158640416654931,0.158721882427917,0.158765305654576,64.4892569916031,73.0280643203692,0.158794861695912,0.158812023853331,0.158863785245745,164.607967253508,0.158758203549527,0.158725628567821,87.3724997400339,0.158576537689264,0.1586719126426,0.158579133264318,111.542000731133,0.158667048756114,0.158702689209754,0.158831525739801,0.15866822860527,0.158784910173643,307.687783903762,0.158710409543782,0.158646407735306,0.15869467039835,0.158566428949686,109.472226950043,0.158828894251573,415.205982636131,0.158659011137858,109.283841590331,0.158724116794715,0.15871811537392,0.158836651683393,297.910706624475,108.918223967359,0.158898339724029,0.158695745091291,773.970861317903,202.794476159827,141.417099140524,109.635051146484,0.158711236176021,0.158932390338311,0.158803465591882,0.158771701712483,0.158707443451798,0.158566546657016,0.158583617430516,0.158657977475411,166.208666903591,189.306353075693,0.158815233284509,0.158850130286796,104.73563798715,0.158833244949274,0.158708090094385,0.158774371348463,0.158761355838573,0.15876853979498,589.938019926878,405.664626211346,0.158864788506341,0.158806540337623,0.158719389882122,0.158811620378585,858.845383824806,354.831731995665,213.421580241672,456.00436146973,221.082232680504,588.44287543916,0.15878997073302,0.158733170799039,0.158880897812313,808.431274176614,242.153195101165,0.158870907278772,434.980913689194,114.774937607034,336.576634123919,44.1536168763468,0.158758030656811,644.364828733304,405.647340567601,52.0428893293956,154.929698470478,442.128812628519,51.6597000453955,421.205675067173,151.032012175201,284.328555299275,789.489069246403,0.158814886501498,684.258764481538,206.204524726845,159.52692349508,778.095738226005,0.158729610095628,682.281241855218,402.78276816253,0.158811521711405,671.573931240388,653.57721592992,926.314078248549,317.725131334021,91.1483882713506,329.585879490568,647.658653137373,211.998274494692,673.607759439179,107.251201208886,29.8534548279952,159.86192701937,262.939164018548,40.3620252770294,313.004173555568,388.81543847754,280.419798723056,429.356276441071,0.158725725169131,125.232899003749,234.912221583325,0.158832715814328,0.158724900874615,0.158595617386106,0.158866733893314,171.290573130349,667.661069944074,109.696194609542,0.158797763860065,314.832403453495,0.158919389118258,174.222764916749,0.158831956484728,195.975977139112,0.158656428956474,72.9701005727003,654.512496347205,495.072143857021,75.041572167023,378.959852803611,63.725733243375,528.155855945246,546.829429333155,145.547827468348,0.158849241585881,156.528266642599,112.024724415446,1182.93886148041,469.843410571405,9.79573033133871,759.245301607698,230.531815650325,744.444762434088,141.67643521063,1506.39730842475,334.862618037689,198.695232361981,745.515775298549,0.158855454875917,762.312057236901,1104.90666287345,0.158701612935102,0.158838656266173,705.688633311709,675.044459682218,191.216119481255,20.2280471460062,0.15889546291073,633.599666302732,84.8049561976705,1038.9286149322,194.688418127859,0.158914015074175,0.159099396308554,437.442614899735,0.158862040920869,250.708073021725,125.873961939765,325.927975821814,2267.94422469214,0.158809731561081,0.15890193310954,42.8682304390559,0.158883869018152,864.756130696669,817.961191863024,0.159009130784988,0.159010740078763,779.680934279994,771.974513428168,0.158697525708225,0.158660308564446,0.158748767826446,49.2291137528115,0.158796517481664,0.158776826452278,647.579763480438,132.53735111569,67.3354945649929,0.158691111482188,194.426349944754,24.0784583216044,0.15876947629557,291.378333701258,0.158971097746402,0.158760546384514
"Signature9",305.455160911802,0.158767327081488,0.158896421512219,74.8907189840341,0.158786260465111,197.744897691398,162.362325106827,133.148168083524,182.126964041756,0.158953508854526,152.687000203864,0.1588189828475,0.158839399563282,270.730477651304,309.188472696257,327.308953756145,0.158769865825492,143.348981834081,0.158583487649533,0.158757722057294,81.8010430376683,120.638146436817,91.4713377607712,28.1051205360776,276.373745413073,0.158726852573436,135.480656927273,232.574488799005,93.8391786465054,0.158693498967554,0.158743532383515,0.158639051009401,100.705041929259,268.254988000941,432.257637008734,0.158703260469597,60.4850184920587,64.4298464589512,142.745169512937,305.865135925348,0.158888763010194,136.222840869518,84.6898576742221,0.158688393256366,0.158904427453737,360.326783866317,220.438555399108,237.230819447738,196.214889504286,0.15897182709366,69.481971284084,116.157662039053,242.344248097868,153.370724061304,83.5247698709144,0.158690746313552,934.721056491221,230.102317212363,460.517672242337,288.181220835854,77.1333552660899,504.490746906467,0.158722735414175,78.8257571527084,160.798937292675,327.198110571393,108.690851755898,1277.13498199012,211.283727451019,48.0592945784933,137.679671571339,0.158829333626703,94.1359923460388,67.5881038992012,358.353574670318,575.093342553409,0.158876326920668,0.158906536348033,251.990251830004,0.158742068461926,337.041030076598,347.943242234148,461.556617096129,62.294341698378,61.8077297384429,30.5385477381885,539.729724568082,260.652943512654,0.15876241487314,410.97169387259,480.42533704858,273.52156103457,251.805219349235,0.158921975885256,284.801520062089,388.001797579787,0.15888503479655,38.3232474933109,1271.9996277002,181.402818831896,29.5788919247307,351.870268062689,269.899201539545,0.158862405826197,44.475466680899,9.68888104374248,114.017053682267,187.821863159379,0.158913022538805,0.158916810834328,94.0638515969881,440.627766442584,517.377754253999,0.158924358039475,0.158921392547751,332.01411121724,0.158883329663509,356.596184719679,0.158678849873406,217.975954043322,34.0385043734444,53.7513420328359,597.612331201897,0.158913754888858,429.214100528028,321.085387867595,137.289499518709,121.489273046249,341.876455181798,377.192129076766,170.725680298654,0.158574492893717,141.515910774682,0.158872429189746,511.043789595823,86.5639419457828,102.597254364193,0.158889339006559,0.158919890290755,177.86004760491,0.158790444684521,102.896787787389,305.538862643928,362.401507850098,180.928167948874,112.88271054132,598.321616631803,70.6905929476144,0.158758641365799,396.315299422408,36.0393861454883,347.469623890732,0.158837780356467,0.158843138272337,303.004993447288,58.1611837666269,45.1521342349169,0.158927333476673,701.558308232663,0.158786375815808,152.193311538806,0.158828055287194,175.069171523145,1033.58562907871,371.216548543465,42.8083111727466,0.158877767478755,0.158920665180308,321.056308446946,0.158747606566506,0.158809092331707,241.567016797384,0.158944179884054,129.272156479621,190.90765838339,148.317246556035,410.100640240004,196.195979364044,149.210102583045,44.8876642053087,0.15895514186513,115.534687293091,432.894403032835,176.476278305752,100.414971364789,207.322757288981,0.158826872941471,163.728271337458,185.601224375507,14.4367785029928,213.897714557672,49.2733991638769,90.7252664701187,0.15897698636909,0.158900402457759,206.266806177379,0.158900539162111,208.730386777348,253.273259239555,51.4639239095686,0.158742656741034,154.713377115558,0.158833734866049,59.6611725724785,281.888961659174,49.9487238693967,209.163629184974,0.158713350608314,0.158849155380997,212.074732146805,0.158827511061393,0.158932541726148,0.158965018915999,442.29709593242
"Signature10",231.735595597047,500.620239808406,95.2687338927476,265.644688791026,204.18196846133,273.294741829077,259.238209553015,89.9284844482553,357.862074988843,0.158943693870358,154.100081125486,524.818449782491,324.863053972383,241.406891379511,344.934425701489,301.715061202459,245.779165837042,0.15893054351463,155.014488549486,163.962342583152,174.644649493648,147.79774160385,37.2334386615357,183.060127862386,161.264381252769,124.222522686402,301.100869135067,296.935503840841,411.82084240079,326.338512242027,290.602947841797,78.7088553595933,222.966678158902,279.546656902639,221.474878219307,383.379467434419,155.49673543739,179.792664101312,119.142103422451,87.6391564281447,111.968279821829,261.81208849,147.474478186772,249.626205613869,0.15886165576789,282.432606436781,356.976937551327,257.261990350011,366.415712903141,85.2093173727019,91.52076609089,319.261092950588,115.214966619368,215.211117035384,208.060727800751,186.51768297712,284.319869898358,371.863331962501,410.054375323175,510.368397594706,491.591593753221,282.123414489291,279.986405081844,402.853580551184,397.619526690619,312.53785590765,89.8280876346321,21.2547440539993,397.690867303372,453.585590517411,284.55026871773,0.158810910256541,0.158953341006793,0.158876647994116,0.158888402111968,313.856253537594,213.917125227257,345.476084854356,424.873799652632,64.4786900397872,283.57953274081,0.15893502607032,79.4751462954114,275.503279518041,449.478953610632,184.725985671306,269.757336255101,162.106670855866,65.5031626919268,90.0519696473247,0.15888365770165,78.0899966351048,101.516899986674,0.158946887094684,145.279026971431,170.373355958842,0.158901290613004,0.158915312893964,472.299456861753,46.2632964047451,193.519720213557,285.650575180961,117.405079855545,0.158895342566896,284.238123350202,284.6768260694,0.158830308709484,437.973108019575,0.158904007477079,215.657426241756,71.7851317625399,281.548979505719,0.158871182470789,0.158919575146326,0.158877217487829,361.536743504727,130.20357382847,255.017964588288,143.83717855313,371.953366189453,100.992803744153,0.158963966402985,290.484177209223,0.158892794275245,741.028792294976,202.754312166542,399.875884710671,0.158851455592192,94.897047753651,189.485785657665,389.09487037361,161.336243564752,89.211275472022,65.9226806207349,241.490653434476,98.256501943969,428.398450215326,175.784964865174,521.722613007044,114.392053020859,572.242212289621,241.178421392037,201.053208159797,275.801258716949,7.77769035581066,192.854662449186,44.086406531006,173.134530533958,378.128331732418,136.005366982562,0.158919583807485,178.624580783077,86.5282517591224,63.5283035372583,366.702916483127,158.728750996143,1135.86669303466,442.97364720084,302.077325141297,0.158794645097384,182.581796523714,262.176546354794,0.158907142622748,517.209469807759,301.745570446818,0.158927616052643,682.428765227979,0.158945014210202,72.329350702438,489.170183757965,349.892296683144,0.15892985198021,381.464848235911,0.158855120382646,160.460518643484,132.442619642887,193.297909795736,150.783019904273,271.318642936929,95.9387021792469,0.158899142193971,30.5022473249516,447.159516181069,765.948864371409,283.043443621036,84.5552245098184,289.900183137308,0.158931196875529,0.158840801387984,285.468455340558,205.546790059117,487.773668374624,0.158924673989425,66.8446463452605,170.193653564447,1150.61052145968,131.749260811192,0.158935989310891,283.954194267556,155.46440470568,129.554367676116,163.027021628847,170.868055475849,306.061430291412,536.203203367749,74.7981562220422,316.179622363717,304.378252079578,230.292376941251,303.709309812684,397.486637864771,144.760125608775,35.9613882634284,118.933739466737
"Signature11",0.158707008945522,0.158762850753732,1497.52428000734,0.158657315287462,0.158822720455754,245.332639663833,0.158643307476253,0.158667945096908,114.310650563319,79.9950051123351,0.158770461573856,301.476114922198,0.158891245386849,838.075540722746,298.123821878942,0.158686854033003,0.158769338491234,829.271756522272,46.7523526647939,0.158643160453078,61.3633738959579,0.158696893211036,0.158742264722821,0.158687646618526,234.024949732926,0.158682837212206,0.158777840955422,906.183785452442,0.15867911318714,0.158662112795568,0.15873271008925,0.158596664404527,906.952693000993,0.158806766760229,1449.29584728846,33.9218350854037,217.054985345769,62.9037418770938,0.158706373148922,428.331714301604,1290.09900112752,101.962180914732,1179.57029739758,0.158676238084237,3742.40612404745,1915.45175421313,0.158928795112236,212.951146498039,0.158688132201724,0.158916573376012,0.158839932385406,0.15878299573456,0.158775740974449,0.158573199602621,71.9768002992326,0.158647203490214,0.158880750926794,1265.48772133277,0.158830420269726,522.188549212504,0.158812915164365,35.6401598943157,57.4221186897018,0.158751136581539,185.193605442498,0.158732658479602,2012.78032882917,1007.32401088577,187.571554514623,0.158782529655735,0.158752353280148,0.158832001674737,1416.36382120202,1153.48167231821,1013.79404324377,2497.42322804775,725.612820181388,699.604870355133,24.7683892647206,36.339851298239,141.24808857109,1657.34956718063,2303.81497109525,0.158875007942312,0.158901548712828,175.092786337409,1317.47424466205,0.158778692532491,230.717939427238,1734.31303076783,280.764784248752,164.821325908625,177.159389251485,939.377438030676,217.916308325257,522.089342213341,1724.28996527232,1056.99956278737,554.636616696614,0.158788782663584,950.273526525793,480.625928941662,608.837465659565,2018.17194048265,0.158706241507173,987.413421001801,480.385069790177,0.15879980467119,1164.34595267747,1162.35624273293,2556.04414320946,1048.94089337252,276.244661786501,0.159006682250442,4386.8648581838,1813.13531739956,1873.68936132206,0.158792809890061,124.748578725223,0.158848388969004,773.564471216173,0.159343577532065,2099.82562428607,1894.37804853144,374.253774077337,755.953119490157,0.158716009383363,428.875688819271,488.93242413367,0.158831647208337,0.158712449928624,0.158605253122812,1336.79447606241,816.84680008192,674.278717333469,94.864045361396,293.565542192082,979.246914942358,1375.52886806843,230.996948148921,0.158802421828706,0.158763417767374,39.3857939989963,212.78809258104,3626.06999273065,2896.70767877834,0.158827941172042,1157.3379761378,0.15870654311717,1997.34153827051,711.974689082422,0.158815644123938,21.2413653134259,645.321395768225,85.8117920296876,1938.73322483428,65.3235527070981,194.824360813336,1548.6291571991,319.087937199882,1054.06097650989,1076.85978948113,3328.95310566961,590.153171064122,421.658880554527,1868.11918503889,0.158861880093353,2480.42192025024,1118.97132681639,0.1587126922012,0.158953374572324,1426.27683777817,1990.58590962059,610.281548531099,167.221788139,9.98540765272328,1062.38362843747,66.2598994152798,3252.83933097445,278.449580845233,92.2310969368709,548.446060080601,227.42338595592,0.158820345884383,62.9578860234301,113.872781282422,295.051697934658,3375.47422324094,77.2694444393818,1767.46974258265,0.158846927493603,0.158841537878128,2164.87265939833,2199.72228177865,0.158908194063158,621.37021525255,1640.67625543526,3627.06559599387,0.15873717770354,75.3399393582137,59.530144269513,50.4771119337169,0.158811343591545,0.158700258711107,1807.10274120432,0.158642566305231,0.158729264046551,0.158685889738778,87.7221800728402,57.217718905882,0.158772033406957,591.502202958781,0.158936928079292,0.158749569535819
"Signature12",485.425997019316,605.867201614001,90.2623489703426,297.137741588674,451.873051106599,102.044544344488,340.846113161303,493.879399922989,514.725310411718,0.158938047702951,251.259624517704,265.343266178505,403.00546365589,172.221123077709,165.453787530891,141.236278298213,429.764517793912,0.158927831384984,371.949917880348,448.110789328236,363.86618033835,448.828473083205,17.9842498102877,395.044308930074,355.182058294552,374.369482656722,517.482317020208,183.285761197129,648.713338395415,486.450983015532,460.502661927556,242.571686616234,257.875422360588,691.884655314177,36.2212830995529,515.284491643643,168.858128018242,438.358509501883,341.721802245468,37.501410393741,324.061271574381,479.495510852629,691.739766962542,427.704096339185,0.158877657672568,24.4309694480255,212.819830865585,128.283363971674,467.139126937756,40.7641864736307,341.095223986902,572.567904315962,376.672754457051,224.475844298206,268.739837226005,360.116429230091,353.509972744786,20.2091228865301,801.419152075674,442.829797037949,551.857669304904,187.399309512206,207.418063736442,724.114793148401,502.896972891423,349.973036617889,39.0190124230961,0.158900474840048,325.367231327283,493.545557762397,413.661036269997,0.15882762307983,0.158924708829253,0.158909642131918,22.6336580133299,0.158918751585109,0.158882493085475,0.158891287415987,442.692118940053,0.15872052973318,39.5326757939244,0.158922131584721,78.993016594158,700.833762837957,290.88543066555,562.803379302948,216.771735709671,163.508652537416,300.939198879436,0.158910463342429,0.15884164724059,72.3669983900562,151.561918384435,0.158884570683359,531.914111931726,403.542618619894,0.158885896819825,0.158898402440105,94.9604731469931,407.879666184406,63.0964937674699,402.392511686337,0.158887600750846,0.158860733440803,394.740740155325,95.5177972246467,0.158813908912636,261.55301081011,0.158915498784442,0.158919670657733,46.6523281716951,115.292083808446,0.158867665977158,6.4627121106194,0.158901613077105,241.041587385389,0.158858809322799,366.743940773383,369.761126041347,206.489195953806,0.158893974233562,37.006034972837,105.872343724303,0.158879094506557,225.471165416068,346.296305450163,542.312831021348,0.158837652608068,172.666488367968,274.239355655266,370.173766343892,206.659638119406,30.9918781429221,190.941351381679,63.7103294864767,316.509781502487,0.158824137674147,0.158896073484902,0.158917716044816,472.165641404287,628.104993990417,513.882678142786,317.335595355683,452.992741460599,165.160561237463,0.158895007482971,232.03704948353,249.929517809748,219.309579221062,259.91635777089,34.6355257496196,309.047897643735,80.5486904343865,141.555650745417,440.522620037103,445.37747118877,107.896959132813,181.123980452465,42.7222055928769,0.158778681409269,39.0237716558431,172.441659490086,0.158918557021373,62.2262813711843,72.8306676329003,0.15891732424562,461.932935210416,0.158908536306954,29.0083220311208,517.221950847942,422.309849932931,0.158890733084101,95.3452829915041,0.158828725530937,350.909736606501,306.70123034705,0.158904050645694,756.008935669339,83.6203823260951,34.8366463600244,0.158915775132576,23.9010270904361,297.672276593386,791.01892337046,108.035308422016,285.81632392683,460.104889623147,0.158944978034243,103.464906533469,107.853248917027,347.92429246195,518.457564562677,0.158973237256949,164.721271364564,159.261738541723,613.825373920755,0.15895995511762,0.158940680858538,567.56266500275,243.777156863127,239.754423829974,441.480905499921,627.061434387058,339.662266551191,422.741439423447,360.9679626615,329.841589114777,193.724761652608,144.800872279589,265.856994432483,684.769111841236,0.158936772836153,49.7205583527729,171.79488957137
"Signature13",0.158740040416962,56.4921699465744,295.91085070981,273.18360118417,110.824190981145,199.663081537231,96.2381039840918,72.5843304725463,234.655915471023,0.158943842093194,37.4100275929308,500.490806628387,0.158801861814781,12.6967174605008,1392.60863195074,0.158721017778762,195.179491602393,543.297052752644,43.2224446040162,215.575894070887,0.158536648350179,0.158692943419675,242.460829565992,70.488546205567,446.26669948837,198.113934386836,182.557800022735,0.158887379631653,0.1587866885686,312.934603399389,71.172438879953,306.913193052296,114.831485386603,88.1688981243952,0.158903870692219,167.214942996662,175.938940787015,221.70074686526,111.100551884717,221.006344687558,0.158920100698984,109.575336914329,0.158884542788754,102.12182463079,0.15889060762453,0.158904221830449,201.896001619894,309.185912792329,0.158699250678264,0.15895824307682,70.6418569800352,156.639598870679,235.028978251492,141.201934936527,93.1153513602381,219.627954266457,486.562608453017,0.158935645008687,951.319963919545,64.5478751607935,367.66371562166,540.855852951682,162.398964202625,192.139465250809,108.512507622434,216.916823140608,42.574988490947,433.745922760804,462.341721843957,219.947223770604,154.494168496419,0.158812389991699,75.636154949441,0.158904674109135,0.158853089285752,0.158921663506552,22.3996244740491,0.158871749490923,128.753984506219,320.853699339284,642.262578646801,0.158921026207599,0.158983078421876,658.551233235273,156.964307143441,114.365482148109,1100.30651352285,81.2724816529781,141.98652728605,0.158933260015378,956.10976090728,601.443212395434,208.708678074409,0.158926791824823,295.452599916514,153.796134145406,0.158917676450489,212.721562154015,740.144144857445,478.443360268108,0.158887189202585,1074.74472559844,261.037577051157,371.321104428548,424.151767224663,712.266946516263,708.496882760081,251.457345321632,0.158899091498136,23.3072782969184,70.8067584372933,747.781374321009,1202.36988598316,1332.6037886527,0.158923399481505,171.80109994377,0.158882755856948,202.867063620195,150.939541564931,548.57588648617,116.26161310033,26.1028589024028,321.839893178692,17.4885607462047,540.788048942851,0.159160303910855,0.158708420081075,545.914597085649,475.012671357948,772.826921868444,304.95072517646,222.421606223744,577.831951275673,0.158867688840064,528.322320082116,26.7960495790823,236.659993041224,160.646223904573,49.7567996897107,764.822643832362,897.056302850497,206.868190614112,0.158693839102059,330.229206040924,366.365006018985,31.8148127950444,573.51866981532,0.158905791584273,207.845194914941,79.0879129922231,0.158978915941456,625.725027833091,615.707430738109,435.436216593596,973.794884833532,83.8185343071804,0.15897037671492,189.87308775358,444.562319576786,393.911287547216,110.820263976119,112.153860606012,73.5471800427012,1910.35266571477,213.03048894162,0.158908719426413,193.227742680604,0.158914628958664,133.753874730842,85.0652719136852,598.192892760157,0.158897702144661,0.158907466870493,527.57557932939,358.376814653956,768.295396613224,0.158902154186417,153.726263754378,19.7923467045646,762.372088403775,0.158922344489771,219.590469961754,85.364821098596,41.4114208696703,219.944865665423,375.010622465018,25.9309773129314,0.158924375115248,219.080996765926,0.158913506984393,396.484350199013,430.67251190547,0.158922485636272,217.762419409356,692.019331730445,587.715591086306,115.93500560312,12.7617635770786,40.7428958534758,219.999422346935,193.396996294939,0.158730248954588,248.909963622311,108.176682784955,32.4905713360611,38.4367179750358,213.016181672444,54.788411602977,438.457328038651,399.391431808733,529.864940285373,298.179916699879,20.4136161702783,250.100740084893
"Signature14",96.6269007789908,11.0044922683012,2003.24135723836,0.158642885802066,70.4213269646254,0.158852637490347,0.15865726773149,167.411929071756,85.5094348380947,0.159001417218674,0.158754108421434,0.158817530825905,229.208648579605,1057.40472794752,49.310201842396,390.324794225812,0.158726562560979,210.355704136929,0.158560723324477,0.158661392547714,49.79202633447,0.158684001518966,0.15864942903311,200.45221307618,133.771678519656,0.158659450032478,0.15879108944145,703.009667956081,0.158759761975094,0.158671460861092,0.158768045214068,0.158602121210348,787.064988916913,290.972906469085,1059.50020667907,150.306588609441,0.158948083521887,70.7650361222973,108.704487123616,196.642245305719,1421.96599713528,186.989945041934,831.76085389802,0.158682604615469,618.889137863556,1132.76607965581,115.112548913743,242.758137312127,126.008072319023,0.158935466353758,488.735963194333,0.158764182571387,23.480535679811,0.158580444173651,0.158623930479733,0.158678479821187,477.578040686207,1243.50680431729,0.158887887040077,617.373280547924,0.158814228144801,383.289094000058,0.158720037226224,354.070357707824,185.575427296542,303.807859335204,1729.64168231398,1437.44880070453,379.847212078083,0.158811119790871,41.8291151545606,0.158751303991964,2514.87389014576,433.817801577338,363.00221850231,2135.4498103512,891.322607018373,289.427465907848,156.749714704071,0.158725854885828,0.158875121128518,1692.60915909381,1284.54439021686,351.706670999495,290.307162568709,0.158922021577986,328.980509632485,165.804046881462,72.2820709464733,1375.14201918704,0.158882861192354,0.158830125160914,646.205501411245,0.158921789645689,37.4608157988745,350.849858524947,1011.49255286063,1156.89829597531,96.7631921700234,210.035082926468,427.539137399642,0.159098787760505,1321.22321878341,1478.62018420531,0.158730556708856,961.894846432019,156.522905454408,128.342182641947,985.53835184766,1034.34876648796,1186.37952502029,341.535158476277,84.1321928767161,0.158883448864962,3393.82129419157,1363.89957148468,338.48743277702,152.780640194575,0.158696783118994,125.693126669142,530.354201514354,835.334686040045,1618.98084835994,1844.1620011168,66.6044673816126,1885.66478408721,0.158729507875403,0.158829960163,306.691634732101,0.158862157155791,26.0721466185936,0.15859819951207,1524.67946663083,399.452101001275,1197.57687674324,85.5288157400394,0.158839527339826,1063.42867644106,655.174730418649,0.158862620649354,0.15880562080556,68.7047865737706,85.5249212905834,93.3962636247768,3064.20218979776,432.001977536744,56.0509210117172,1106.62318010838,45.6815523270806,1863.18358816925,1375.61589482383,0.158837561870615,103.354296425832,98.6437786698487,120.782184714471,721.056134478676,0.158916485159535,0.158941247219522,1025.72264275473,0.158786401173236,653.468131503785,131.877874780142,2162.31104490342,96.2267188343869,127.594791518893,880.928888233724,0.158858821514187,1536.76595382161,2652.07846921897,0.158716513682884,0.158804238157898,492.448562293064,714.808662432801,0.158858099458362,274.021954420871,0.15891218096103,411.192295882672,52.7249621321691,943.246392525189,98.8400733698086,2442.39823961928,53.4417233515726,38.8798829481099,0.158865083535401,39.3018884506819,0.158801317600211,34.3599926420443,1274.59076175395,0.158778765764508,1371.81617558173,311.463471510682,0.158886337284922,754.955925232222,1078.72371306581,0.158894746741621,495.245050660286,1256.81103608835,3226.67174435638,143.706671056561,271.300980055252,255.671837705392,213.462801844464,120.62745080588,0.158767622094983,2041.99285365664,121.074549363493,0.158715865070244,0.158699816883436,42.844447834911,0.158839724758707,0.158798771882679,0.158932956434093,0.158942358856278,0.158710027065601
"Signature15",193.196717412809,448.657688597649,49.0762658614984,349.464670629699,484.650812916173,317.958918502568,269.607239349411,358.965446952051,489.826408973506,0.158920647828894,167.423828949088,370.622193611307,49.2686497238532,162.940776939486,1233.77785357182,198.23754248073,328.850791447324,0.158905146923594,259.895405982781,491.637787117069,212.279845930825,468.453904370708,627.70486734578,291.328332301235,509.504076074717,388.360893097631,364.061192841585,0.158892734061363,728.121790600218,505.732657920634,353.722181992313,358.336715373128,352.180746060552,421.174142995932,163.445092882557,218.006652897647,73.6700399334155,543.514809511442,479.715824334826,76.059671330451,0.158914861979539,590.599257971584,163.352479992277,362.854341199992,0.158874117978864,140.905693052943,113.271340848137,186.310536822832,167.102640507468,73.852617820291,321.308900814095,587.891146193736,406.676100656854,205.892707869387,212.853610018176,401.680481632682,429.352514329045,15.0106375695928,713.889072191829,349.621537804524,659.247652165329,280.179804476413,244.241495655285,261.30399402399,167.284867620336,193.568033800731,45.8207695963323,592.560155077834,537.917011609535,783.215312359141,172.582493465068,0.158836579428922,38.6705883007365,408.958532650005,90.4780997639191,49.5913651900576,130.562931099164,87.7401143735755,455.490171665451,446.058618946842,779.020730177496,0.158911672613278,158.981934690193,243.82047505984,61.1851246437236,188.331080674089,1288.98939176074,138.294736211852,184.034428117821,0.158916419457045,527.374627551306,852.472912025213,150.585598525001,0.158947550599311,756.902294844846,330.21938221126,0.158896200064087,51.8723071011846,1731.51693412897,602.473199156938,134.988459334239,1879.20107018789,483.087091914056,0.158895213496605,509.004403803577,631.546118752609,332.731793992014,466.879589893383,139.489245078347,47.743964142311,104.847492014062,677.544460777079,893.15544820433,827.856332074531,0.158880934938186,28.7172733683289,68.1542072847016,360.104710246552,414.056199844726,699.162406359327,81.8213664891059,0.158965563381913,264.447247827656,0.158886004040089,330.383832687817,165.642023341463,470.969909717865,539.417091304644,491.70036314699,1027.45443475399,142.690410208369,235.352362079461,37.0088637488095,521.808259456997,111.964569860803,236.933591423779,121.846599182051,144.142986930694,90.958446564999,1014.01208257511,1234.32242682268,674.356225663839,482.192266533976,1033.54588643439,0.158939843535087,93.6221747627913,932.062714521284,88.0199017339661,405.641313358794,329.508506270308,0.158921394013968,802.945888974689,893.205841760322,604.578814744144,599.727399373308,52.0558300104709,361.423462359071,511.870144041262,133.795816468432,435.398751229102,53.6844522071569,190.031348275705,0.158907242034981,1167.10674121808,240.561334922057,0.158937034667324,1142.94446320658,0.158920369703904,235.085154414941,445.974821694339,502.975688453647,0.158938242702001,205.467113682116,287.74217308541,529.188922630315,639.86837009022,360.637465238281,538.219887809394,20.3986475907608,517.312590239785,0.158897941634734,24.2991229517152,441.344704373369,588.388135966043,223.647585112157,412.207097267573,390.305936674101,0.158938647798465,444.676674083817,26.411815494117,255.653284580175,414.954875025933,434.635986749806,56.2736208665438,499.497970060515,808.410343637779,0.158894941590453,0.158919760606207,423.742219814234,155.750142488146,256.271010547857,362.870850068557,610.40281530118,472.403003184064,173.075861738727,242.297815404474,186.056806376471,149.271804674676,486.011738001643,567.089743493992,610.799100785861,70.7055192348247,20.8362531377907,371.871974148497
"Signature16",37.4264787154927,0.158772292183166,0.159173301285475,0.158664765482841,0.158773933530671,0.158843643493526,0.158644495876032,0.158691354497074,18.4214312470131,344.576923682407,0.15874845095174,0.158793798842831,0.158798618460099,375.179953699861,0.158895853626513,0.158688428399685,0.158742901279079,870.916633221745,0.158548301682777,0.15869784207703,0.158567305070254,0.158666431756545,0.158610910585834,0.158664592949492,0.158838945731453,0.158648544672363,0.158797635141353,0.158889875193493,0.15874681322444,0.158693287909556,0.158760765184621,0.158579783745772,0.158886430500175,0.158816733541425,523.611904744974,0.158691464803587,0.158945898139794,75.4249082876086,0.158728530947063,166.657743433144,631.108471513755,0.15882085483911,453.74798511988,0.158668393831011,2260.30198193134,854.791438254446,0.15891904991155,40.1689954546015,0.158685085444497,142.927702567805,138.112138188075,0.158755551695814,0.158725240659433,0.158573677387239,0.158611719213024,0.158653332704977,550.225412602861,578.162500553924,346.771913493542,202.40040950016,0.158816942877806,95.9498165689276,56.0757762987583,0.158786541330073,161.248685598879,0.158782688634359,396.65423640236,311.535471107498,0.158857610901908,0.15880840481414,0.158786667259042,0.158819240350913,248.94801664585,0.158884281797294,570.307537369796,1738.01623858939,167.517949938856,136.703365120962,52.0200234529243,0.158725606204345,276.423910819245,588.0802920878,677.373980740399,355.657982846743,0.158824035811424,0.158893405466729,548.578101286577,46.1695769567255,0.158735338167143,214.484964139816,0.158875265339072,0.15882949174116,576.551464669402,416.571858419403,0.158901536679842,88.8014155147178,0.15895792198555,80.4213492589053,0.158941299809905,0.158822254294518,0.15889118379575,0.158900408700758,0.158881354674773,491.102381670885,0.158673969649008,0.158879173230875,71.5493269984349,0.158766195603335,0.158980407507248,209.822363864629,248.060458397383,230.74771375778,0.158824477827218,0.158902610063714,1827.22813714803,1041.60389525998,301.442639235588,0.15872066910651,0.158699749822992,0.158831114163427,33.7381852223651,122.562513785156,262.550713304786,173.920262557703,356.273306021312,0.158878186208661,87.5977700517269,220.466065198558,0.158850452933744,135.199339263134,0.158737446098437,0.158541929236913,1539.17657278417,0.158870326836081,0.158920029751776,31.6421065818343,213.519710303452,0.158899722519365,618.925076923198,0.158861711253541,0.158809856413493,0.158789411872149,0.158708581058468,55.2747536826849,1238.0505432669,498.451623939886,0.158870032747107,935.94807716742,0.158670697316227,876.569493601616,0.158872778750941,0.158838271842895,0.158838334255955,0.158835216751958,757.239843179962,0.158916288693743,0.158894111449438,0.158937381975603,542.914529428515,0.158839568485651,144.37016792368,0.158884027781905,830.830177894141,1190.46514400359,121.028444698696,427.160288879741,0.158866416139094,188.672415163226,0.158948649078792,0.158718904803541,0.158835840695391,0.158918745126664,102.248902746469,0.15884532613438,0.158815538716633,0.158884645014816,446.588772299338,90.6419984200341,169.081170168968,131.777007090375,1196.02418631376,54.668993549918,0.158889247829259,0.158970068891546,0.158729951040703,0.158774881147109,0.158812751244419,198.107677604081,111.624389739607,678.994268624562,0.158837478958671,57.377406250325,8.61596690091814,159.564427671191,0.158892284868072,586.783233370638,124.718112969601,3180.59780922587,0.158749241894741,72.0804183426048,0.158738199099501,0.158740676217908,165.951794331125,0.158776034200633,906.490576993414,0.158625600029731,0.158669156992426,0.158683543828605,0.158783899587774,74.632580043194,0.158843005878022,136.971271942672,4.40822414455152,0.158729633461703
"Signature17",0.15871874825678,0.158787518176597,784.773711948054,0.158527642428443,36.587440742733,0.158872610787171,0.158619964645758,0.158697133118599,114.322937019532,134.821257245906,0.158724883956395,0.158837564538817,28.3542798375079,0.158884213444231,0.158989605079154,0.158723273522775,0.158753379503469,0.158945569532596,0.158558997087859,0.158629599561157,0.158518676188278,0.15869574638876,0.158610707568565,0.158704957942544,0.15878583504655,0.158617094736626,0.158790819574462,727.371256883523,0.158716110221844,0.158718419941798,0.158774764785933,0.158544301727912,638.67455760558,0.158811712196422,418.392969059264,0.158671158650656,64.0408358041583,0.158774909831251,0.158711108349258,0.15877158656479,277.359676058195,0.158791048011134,0.158892488446305,155.626226416966,29.175974027362,470.881973992661,0.158925163742903,0.158828036665234,0.158722358399046,0.15895801633468,0.158776033579733,0.158773384392357,0.158746900089932,0.158501453907145,0.158642863842087,0.158658776578859,0.158898579289146,195.911692687433,0.158846147344368,0.158851671083845,0.158801990737598,197.646023533614,0.158748349726814,0.158762622683533,39.8798410726302,0.158735016326509,234.545658410613,0.158891672326215,0.158848841421794,161.434147909136,0.158775545661497,0.158810212845772,54.5116874022344,715.720560124917,398.149476014483,126.388690456872,236.93114810536,662.248754348414,0.158812919890194,0.158730966455183,83.0002798692989,630.736598496764,477.060682603262,0.158891425022273,286.499149642426,0.158906310395521,160.060359126779,116.858776318443,179.185037817192,546.326989697384,0.158832240721181,0.158798287236265,78.8076549388646,309.527374062575,683.415843254132,307.649858199045,1172.48660777673,658.17287455824,430.91661441887,0.158826677903864,742.069238745186,0.158910521877557,0.158912762526286,598.938608104296,0.158676775780954,515.665193189949,42.3657257379434,0.158807828806243,1002.36821573419,299.904542075593,924.003779733074,629.254016501043,0.158850411038619,0.158880987391496,89.1537476052411,659.457286766674,678.090768775224,0.15873317586593,0.15872223839165,386.95063514735,279.846340768641,0.158956751856223,1087.08719150089,45.5469529314386,524.343149270842,597.745722996549,0.15875640437617,0.158865471809016,127.793109435279,0.158849773373249,0.158751047053691,0.158591284096651,0.158882385183126,616.495969539896,982.347975166623,63.1460914539297,225.798392200493,79.7879804788163,62.7065718482551,291.858197309336,45.5161400115409,38.0043884481039,0.158709144867159,270.263070511193,554.615036175943,964.135934475821,0.158834263709739,402.858343783417,95.5694184625483,299.729527154817,1087.48806273221,196.677085697937,135.397099758393,299.941623062996,142.382515633094,791.404854352356,1553.49828970028,347.46191657704,248.276694429741,0.158795306254885,841.707125235234,254.290295518386,736.859925434416,67.4711766449099,163.799022454701,508.498722411236,137.818771249123,944.792620260843,285.404397637647,0.158711273896175,237.371340285948,1274.00630088971,685.872673077666,0.158820296005417,0.158860254565437,135.962784782755,614.247935124993,418.952129268754,2215.33440692562,71.0519990513008,33.7408750110205,374.695038424186,686.577422931166,0.158873596334506,112.121057984817,0.158783410332847,260.94637995226,2235.90120673968,122.229800206525,386.378770378445,87.2723358970715,0.158871802797824,1173.76433088358,1019.0739653279,0.158907594473019,510.134941030417,343.935982661869,283.791225279909,0.158700181906143,0.158694577423672,0.158692109190555,0.158722334760823,0.158791635570123,0.158705379031608,95.3605274821509,0.158629112890583,0.158656644888971,127.803868896113,222.753143728003,0.158855070428644,0.15882513746382,221.632831734568,19.8547177135453,0.158646866000808
"Signature18",38.0269759687182,34.6521988183668,1099.07862808545,0.158643348859549,0.15879553994373,139.244201403316,0.158676755282291,0.158714673086539,43.7370036299538,0.158972970706163,0.158749088742402,0.158809785638201,109.81780545001,389.332207875,0.158885878385353,0.158720797016279,65.9525200936379,0.158909291106573,0.158551235817939,0.158690502487874,19.4492322329471,11.7140049102169,0.158664431395056,0.158685761588996,0.15879532857886,0.15862035477245,0.15879387199304,245.400633592565,0.158766841489582,0.158713198595853,0.15877312681242,0.15855816895064,116.498011967152,26.848494709829,166.239400281699,0.158703481963812,17.4189882910958,0.158756285145844,0.158704934101442,59.4760313532525,620.639399957964,0.158803007012949,136.490458601059,30.5993100326933,0.158924459332479,449.282489951536,0.15889900483935,48.3371856469022,0.158717548423856,0.158948179848225,0.158796661429203,104.180064956546,0.15868908271044,0.158563758479374,0.158697092976392,0.158652351100925,0.158858465984164,473.204026274945,0.158932938009014,96.5828155446401,0.158822487609221,39.7140724504727,0.158738283567561,0.158821910780329,0.158763123684816,0.158764083977457,850.869539066805,230.541208405532,0.158856727587078,0.158801922014825,74.9315956372246,0.15878220411922,620.91609475028,311.613663667439,200.32586227876,958.666521416478,639.851155090643,121.944183009869,0.158844301185469,0.158697156133384,0.158850190477671,429.874994811797,797.142340824026,259.646673617517,432.289585850116,0.158895619860737,323.572092366462,269.419678043428,0.158731538086488,986.48748084682,0.158867905887132,0.158817030459221,238.453314036162,140.164880818105,0.158898523270004,0.15894789725089,960.222735951907,509.708627242586,55.2356354076161,0.158815797157802,459.339212514224,0.158907336301352,226.179030518811,548.147513261396,0.158726469188158,394.422950693152,0.158849691541875,69.210350467013,770.333064749487,819.159183978991,745.379488684786,147.692096083737,0.158845234353438,0.158869754783918,1665.6462884444,530.691681111933,217.783420067874,0.158720042704419,0.158719099315147,159.569119142866,491.645510630946,16.1157190077045,836.518131594626,652.473636346396,0.158890800480138,927.079807502572,0.158714581169555,0.158845607257358,0.158829967213443,151.170431265449,43.5857087444596,29.4349570874006,169.416385454074,157.160301630051,570.671556677946,0.158867767776095,255.761599483041,781.299510553063,0.15892290230994,0.158862653238867,0.158863511270454,76.6396833430329,0.158788750248853,195.783587503777,1600.46903782303,396.597486560349,0.158860753632356,174.948061918668,0.158716203274209,1196.74843678892,976.622299868114,0.158829225232445,0.158849540438412,0.158853457211812,0.158928508138358,447.195965236128,334.054250905641,74.5095976788626,337.73528105459,0.158787395783927,583.586905937055,145.192332753735,1032.88499610293,0.158927224280308,0.158911052367628,723.46364315262,78.7965492476908,671.226582141374,1867.82581376414,0.158704112560138,0.158848356007526,621.989644052019,514.341167516204,0.158804764551748,18.7063081904475,0.158936878301569,43.650811785403,0.158931927768061,979.346605394142,0.158827593035512,341.493824614448,45.1218665497163,201.871245118484,0.158869297109146,70.0408558077136,0.158776917067593,0.158830051856659,825.978284189344,0.158817348314367,829.755176633667,72.5291891126176,64.8151654123656,693.739616639343,658.789648001992,0.158878627205006,0.158925160629447,696.642079274349,466.537015101559,0.158730009594852,0.158767934875953,23.0046873542716,70.8852472257296,152.953823486707,0.158761399831503,771.628065544046,0.158622113781577,0.158678550654325,0.158705765891735,0.158806198762984,0.158884610627574,0.158797642026554,240.499345566801,0.158963723614805,0.158689413681286
"Signature19",0.158765327373159,40.6572611945224,0.158892395937584,0.158467678336756,0.158799588335981,373.110832619828,0.158528012738482,0.158595688556656,0.158786188982653,2799.44121277945,0.158765512701154,0.158756872605992,0.158796072871438,0.158857539890106,291.71407317671,0.158618316364843,233.756790398621,601.344831759445,0.158518516788348,0.158552700349736,0.158596137253037,0.15848000050341,0.158607428310368,0.158463673295984,0.15883670049331,0.158588812179989,0.158863960698424,259.081632417366,0.158511847586323,0.158752846433391,0.15877626631433,0.158414177031049,0.158858016186348,0.158773250357743,0.158908764258725,0.158678155436758,2424.64520218474,0.15878338063044,0.158662746421847,0.158663546284407,0.158906528481335,0.158797722788443,251.810359737759,0.158777082447804,1927.92277065487,303.684106165459,144.888177665432,320.506201209863,0.158643891066382,989.12362080934,78.4844645923597,0.158811253364786,0.158650302365567,0.158343190152749,0.158705610783818,0.158633103450397,0.158928061468462,245.349708199599,0.158769759766864,0.158833794418682,179.573759003776,914.077826305671,176.234609756546,0.158632619652993,0.158753852996193,0.158605114958984,437.717329930185,0.158891954846971,42.8388966472478,117.216403222225,0.158763573409128,8105.0656667866,0.158882988745138,504.059318303331,207.5458102103,75.0210304249692,211.220868970536,945.164637175935,0.158806690308293,92.667496022967,452.258419154287,392.94841686345,0.158879946092106,0.158898773208542,295.679500033169,914.654966859654,1529.33159459489,0.158787136622164,217.505425115098,589.741385641126,0.158798652815248,0.15883034347872,0.15886088682687,2798.83573563929,65.1506402181667,170.070303301075,42.3291352559706,61.9860264764001,0.158879180219713,0.158942932207056,633.562353958407,0.158897415897073,0.158721469730525,630.598067841745,0.158550017752459,0.158841713237224,0.158810773272867,0.158632743630026,364.326456709067,801.784990737157,285.532259949736,410.291398641393,0.158707098664626,960.695257687191,0.158908916180351,199.281937259427,1567.54107767736,0.158590325583769,0.158674078970241,6.96409289355413,351.263367771379,0.15895206193829,588.65726329606,0.158814832980406,275.459550833866,0.158827370981496,0.158758364416951,127.734429262732,66.4703531050258,0.158855833562217,0.15871585879122,0.158548253493316,0.158879184785435,144.787299231469,342.10849848271,388.217695151403,30.9450067643864,0.158862417315934,84.8353467958815,0.158920833163646,39.276524890474,0.158855658758616,0.158594045970044,680.988841594239,0.158938675722648,1909.55164721621,0.158785602491239,0.158995218205163,0.15859461550777,0.158923641033888,0.158846076371023,0.158848243017093,98.7092390426596,330.546844754861,274.518575431219,227.580026004981,998.201381011234,3216.55980005371,0.158876355769839,64.2579430529803,352.906389666586,54.303138918133,0.158931023177666,996.300596488599,75.1574412753912,2954.94606525144,0.158870016733251,368.630183509926,0.158871796014397,0.158670704594681,24.2771278524423,917.485502465926,136.061250766498,0.158820833883528,0.158818448818441,1101.24292862199,326.010570919506,1173.31423507202,550.625083454323,0.158831837447323,2214.43198853791,5854.46248731893,466.313496258137,68.5969857565385,108.613995222466,0.158663797782147,0.158791906071156,969.269731456837,193.78500267263,156.72194327631,0.15878920209117,0.158874961012118,876.642153773659,376.709808613078,1248.89924387079,921.44676840309,56.0464618478138,1299.81590547088,0.15870389362503,0.158638889032407,0.158652957407794,0.158703511285599,29.1212281031759,0.158664724074789,276.182830080723,0.158704087865854,0.158696366910633,0.158735776143855,0.158666648404798,562.56226717119,0.15878112929173,4615.68774402302,6190.88613695872,0.158732135925677
"Signature20",0.158823265408434,0.158762080158883,0.158849756271704,0.158508131194692,127.488972911425,947.294245156928,0.15851693590769,0.158665524038591,0.158820510597945,32959.7432277018,755.836843737936,74.8077528118535,872.53871114035,0.158871754387772,0.158897120273928,0.15869097452037,322.876484264346,3590.35730902131,0.158640006182554,0.158586506748652,0.15854816521755,0.158537056332237,0.158584890370228,0.158630552353856,0.158834448288805,0.158668839641305,0.15885434303928,0.158887062934782,0.158525484274345,0.158794869353976,258.148253204322,0.158503156577349,0.158907754953005,0.158844828960608,0.158901651168752,0.158706231290472,7127.7630369223,0.158762562492524,103.907563552744,0.158726264121696,0.158912189565971,0.158807913904324,1347.47980442285,0.158827341964741,8760.24344130179,147.129004785473,4327.02759268957,256.009585315173,0.158683611877694,16009.8702928793,163.387022186573,0.158830763373801,0.158670243899367,0.158390717189055,0.158706421356654,0.158635893355122,0.158876689648996,1236.23471811017,0.158815103669738,0.158818728684608,216.911041549268,492.871656175508,97.4710778010988,0.158670201580741,0.158708443846727,0.158660766081861,54.3598445939742,0.158889093237318,307.3432302995,0.158800566368743,129.031643482177,38577.8784642136,0.158882601390047,127.584016336672,0.158880194331872,0.15892384131694,286.291071532341,1161.97426441593,0.158787372385321,0.158733792638643,72.6924424504704,519.195412671016,0.158880553668951,96.3131438214938,192.933897157707,2809.20578280877,54.7581581514502,0.158798009867201,337.046326546294,742.343036689344,0.158696738609532,0.158842219945537,228.204836268229,4076.91741201361,0.158888211366986,26.5734127011597,0.158947091187612,101.221441357926,0.158891489598137,0.15888190386949,482.150975196846,0.158814320391074,0.158602053028378,224.038938078568,0.158523870757264,0.158795647084921,0.158746230593865,0.158656928026075,0.158903470484972,964.250678735629,140.247262517785,43.1489619018051,0.158654143663631,8207.38175668781,0.158896158139089,46.052346217624,597.334769358508,0.158641562252285,0.158704377675415,0.158839627503562,470.072478724769,776.631707393771,252.539962812926,0.158769911775262,0.158894172835335,0.15877889101228,0.158745238762353,296.712079792125,0.15888041992309,83.3807265611868,0.158730943520158,0.158541536622276,0.158874934707811,0.158850192795366,133.128697526535,1374.48264357984,0.158812195316112,0.158913584004815,0.158917151400152,41.3704076492757,15.1575073967206,0.158884292016522,0.158587491289043,1047.00070833563,0.158945529031519,625.987199161758,0.158779547429635,638.750982035784,0.158489811579616,0.158920413671026,0.158835829066009,0.158837287635056,39.6727496083191,60.3280561254918,756.34016881416,0.158927376783398,986.407757070796,8036.86507843049,0.158901341412977,0.158831351936496,154.128120627515,99.8133225782266,0.158865613022792,2161.13411321665,0.158860366056943,4118.25390999811,300.745401128969,0.158894245300235,0.158925189471141,0.158713943205034,22.8064372883529,931.618951394691,167.085011368201,0.15883795961625,0.158822867319492,3128.96120221075,0.158947259247635,3027.75553410737,565.504192907818,0.158819928358067,9059.37076184711,20947.0014623283,28.6551201079677,307.756672747395,0.158798412859075,0.15866859502194,0.158729787060779,135.024207120517,0.1588013810134,122.760022771635,0.158806909285339,324.883860914503,102.649345644125,194.934784980876,3433.77426219019,2388.63168460978,0.158877846809168,4010.22178780889,0.158683536109837,0.158690142070564,0.158660355760538,0.158705867477814,0.158825613155457,0.15868860542389,0.158923253389871,0.158746920460785,0.158707029971216,201.662035203146,0.158658248277047,1688.24018669863,0.158831052122213,9242.53598493717,21236.7852206536,0.158728913561945
