"","Signature1","Signature2","Signature3","Signature4","Signature5","Signature6","Signature7"
"C>A_ACA",0.00374863215478162,0.041768625337619,0.0269561344349933,0.0310428748627546,0.029935913619324,0.0551079294776314,0.00831487834542624
"C>A_ACC",0.00989364503230294,0.0177953483748004,0.0220513747767427,0.00187209546002871,0.0200028846019425,0.0283267063973623,0.00554592441602012
"C>A_ACG",0.00344115471582466,0.00567115721242692,0.0160701850157063,0.00547216051958265,0.00635883049862049,0.00684649515364391,0.00252106961784131
"C>A_ACT",0.00595863309683544,0.0296423556855787,0.0207478565654485,0.0120356739052658,0.0101595173927522,0.0365844126761751,0.00507002162136442
"C>A_CCA",0.019732129516116,0.0371553579285837,0.0116065455396447,0.00732425187961847,0.0678922608442627,0.0769709966152078,0.00690030436144333
"C>A_CCC",0.0118801898329621,0.00887371185092159,0.0398847990410843,0.0184911443982993,0.0791358573214319,0.033152244060805,0.00501977575333558
"C>A_CCG",0.00341179776283347,0.0101656631160909,0.0131448684032101,0.00432843523165521,0.00555709264013373,0.0102023868468776,0.00264435809997642
"C>A_CCT",0.00866351941977723,0.0331231925327994,0.0796577148491724,0.0207723503623592,0.0200771400017375,0.0120496652099945,0.00935438548785009
"C>A_GCA",0.0113860349655765,0.0265745958306757,0.0391434204242552,0.0261888648117178,0.0242631017086225,0.0188361494170121,0.00588373970015452
"C>A_GCC",0.00966142228552799,0.0140531252493637,0.0246430495101945,0.00208428403295732,0.0176351666490366,0.0268773196331753,0.00511206825439515
"C>A_GCG",0.00393806374086693,0.00912320700016696,0.012233650172759,0.0053957506298507,0.010684405576094,0.00394034984941931,0.000291584975511798
"C>A_GCT",0.0125028427923624,0.00832050529096051,0.0379179205667545,0.00171631232215718,0.0123014006326444,0.0154341095763339,0.00710027693120686
"C>A_TCA",0.0174439119819451,0.0545865264906046,0.053521719836619,0.00831340328964789,0.0442230311564304,0.0144698171877535,0.0207189950648119
"C>A_TCC",0.00401362740961184,0.0340835885844901,0.010537555102528,0.0146599918068339,0.0409459588270763,0.0458820187556552,0.0130527337927845
"C>A_TCG",0.00299686594208208,0.0029494088731813,0.007722550601844,0.00445017719329939,0.00664586871946452,0.0053932579919733,0.00347070582913834
"C>A_TCT",0.0225438759759356,0.048402852883358,0.0441098477177465,0.035474092529948,0.0610839482017168,0.014626549154981,0.00667166659833401
"C>G_ACA",0.00600077726133932,0.00220553679778124,0.0175192300614343,0.0141256000461685,0.0143236031241885,0.0112320737681561,0.00668381503415068
"C>G_ACC",0.00351778050259339,0.00453592314048152,0.00503611552927406,0.00430649856511102,0.000749751025631467,0.00770579285260679,0.00395824597592348
"C>G_ACG",0.00147117849261052,0.0018063710653359,0.00211692828156255,0.00429468727655393,0.00219972104645449,0.00244786549231784,0.00119598934480069
"C>G_ACT",0.0052107010950001,0.00280213260318626,0.015015597033341,0.0170778949883346,0.0107821007331549,0.00230407981063867,0.00565349545078666
"C>G_CCA",0.00311366374420613,0.00587663609251509,0.000443908664181513,0.00482537913231758,0.0123889520601383,0.0162771198853414,0.00546488300818406
"C>G_CCC",0.0052558736772451,0.001457574837964,0.0107730547416929,0.00903131521496318,0.00990271124032435,0.00469114875538129,0.00390166795753492
"C>G_CCG",0.00149198545663429,0.00224778141876567,0.00208388988914454,0.00312155463872916,0.00335376945424496,0.00405312756801869,0.00152524254618727
"C>G_CCT",0.00462443043146341,0.00627812403891037,0.00205214427903467,0.00937220987883488,0.0111151103793536,0.0124826641633968,0.00597820366524483
"C>G_GCA",0.00208731505571291,0.000156722832282349,0.0108818283130372,0.00693549727390818,0.00649564790331395,0.00724390992632771,0.00366141204933664
"C>G_GCC",0.000436966308675907,0.00245480278046407,0.00583112233204165,0.00555151643882225,0.00649276805146969,0.00743937901752546,0.00275415450835289
"C>G_GCG",0.000698592171213675,0.00262966752126737,0.00168601935249491,0.00141834419817389,0.00016475042883881,0.00399332448440456,0.00119151297785825
"C>G_GCT",0.00210024756353996,0.00103018586893738,0.00697025184239548,0.00714200652827509,0.00750145587167513,0.00470548481704137,0.00386016675254478
"C>G_TCA",0.016152791741735,0.0371907104836687,0.002739542634276,0.0015390001320663,0.0460765154758479,0.00081223815416337,0.12196103041461
"C>G_TCC",0.0137922219537287,0.0134675914377096,0.00426497239280258,0.0125335146882587,0.0323184141193388,0.00331205119211276,0.0208689929477615
"C>G_TCG",0.00170472687628522,0.00309058196027131,0.00154546489298566,0.00172120975883008,0.00310784294544605,0.00154195172281615,0.00553660905848273
"C>G_TCT",0.0213205791017519,0.0584899139037136,0.00332956024744331,0.00631448811370948,0.0410315541841414,0.00158924338639628,0.141378619368937
"C>T_ACA",0.0185340425398056,0.0122443793852736,0.0262403768343874,0.023096134453379,0.00681849403119906,0.0101578585309831,0.0107194945185205
"C>T_ACC",0.00581424301746105,0.00473229459657841,0.00902567708101761,0.0120174069971603,0.00379141490209753,0.0065906055636,0.00542857169479189
"C>T_ACG",0.0366775512306255,0.00473421513859365,0.000578428504914695,0.00145256068552614,0.00157267290021121,0.00911142042796913,0.00779431674957902
"C>T_ACT",0.00794073616617559,0.00929851537426462,0.00788339317567426,0.0312355130456758,0.0137934583607574,0.000526309846578849,0.00414318453729897
"C>T_CCA",0.00357861048165979,0.00988691731051313,0.0259885607468118,0.0127531465909546,0.00796539449675104,0.0210860221901295,0.0145630335502753
"C>T_CCC",0.00681971797316148,0.0117183056898982,0.00424010780965249,0.0130087300987579,0.00895647672366553,0.0207696691296398,0.00753816466607748
"C>T_CCG",0.0302564276837086,0.00430181530278318,0.0011304053563806,0.00422017538392065,0.00350116977540961,0.00770907020483349,0.00624032689276532
"C>T_CCT",0.0193793362463761,0.0173543520443536,0.0187727970273333,0.010531920021406,0.0152391723266099,0.0215077763427392,0.00892020904405734
"C>T_GCA",0.0122503329914645,0.0113610663734409,0.00764449647634011,0.0216294921515454,0.00342444234908319,0.0102873582261815,0.00724167346972773
"C>T_GCC",0.0144358815389012,0.00192765142724695,0.0106538459251406,0.0188201834042659,0.00877795096190253,0.0028498644161383,0.00551881301817071
"C>T_GCG",0.0313981890511699,0.00192822793988828,0.00376963268196328,0.00773547012132425,0.00382377698129503,0.00340869167172817,0.005681962484785
"C>T_GCT",0.013698676295395,0.0102682376656028,0.00371067331039472,0.0149902539752658,0.0068515519938501,0.00853488065385919,0.00389614995944619
"C>T_TCA",0.0309982574057577,0.057066826435342,0.00457496116733098,0.00388923294505309,0.0472111750183911,0.00475523686100986,0.146108931071101
"C>T_TCC",0.0224627781226178,0.0226606393906405,0.021333667511932,0.0179614789445696,0.00788343509644411,0.000316737087897808,0.0345664603362255
"C>T_TCG",0.0155176783491254,0.00348591523248908,0.000888057480327875,0.0021811359488908,0.00681789647340252,0.00321541034981976,0.0194459870804634
"C>T_TCT",0.0154487513983029,0.0372330858561159,0.00152196172380773,0.0087971324826022,0.0227547199401557,0.0188782476048122,0.0775338395107616
"T>A_ATA",0.0110999194733506,0.0120590929465288,0.000688738604630031,0.0198262101120991,0.00969930982900105,0.014476247897431,0.00319582265168662
"T>A_ATC",0.00330074387352807,0.00614560999378847,0.00199031831669587,0.00955422804366826,0.00160910631469904,0.00240266911288226,0.00206786109199591
"T>A_ATG",0.00683731987423962,0.0164174614147307,0.0016573035928059,0.0143796964825446,0.0091751998334682,0.00958776575488059,0.00177867532179419
"T>A_ATT",0.00998826742329867,0.0108779847629124,0.00754341239006319,0.0186449834079475,0.00358638758126478,0.00290394045810522,0.00372962824377741
"T>A_CTA",0.000676620482104844,0.00925240425016444,0.0144407513256775,0.0151205151168574,0.00578171250659615,0.0114343558074297,0.00564074428789944
"T>A_CTC",0.00449802520101176,0.000453003441300523,0.00570437597682704,0.00724028118645339,0.0102529360186317,0.0116400210510462,0.00521224988093466
"T>A_CTG",0.00909295656354987,0.0159604263985626,0.0108781062797627,0.00227003383981231,0.0070210644688335,0.0333265082186382,0.00877703448768362
"T>A_CTT",0.0111958944138263,0.00505048983255821,0.0144050064456195,0.00314622685726606,0.00986350761539488,0.0145860008025922,0.00761696069890178
"T>A_GTA",0.00832328540638468,0.0121570432732059,0.0175019808845049,0.00855672952679367,0.00177577021459649,0.000305416488101163,0.00245309910894565
"T>A_GTC",0.00271948922925014,0.00119428031489418,0.000499607672603139,0.00314351575512406,0.00350909381562035,0.00547579325288659,0.00216603919083373
"T>A_GTG",0.00711885363497259,0.00779768592395783,0.0129163215352953,0.00840104603105478,0.00636136099237508,0.00853522893098646,0.00423042483252836
"T>A_GTT",0.00636235432492399,0.000936438476580494,0.0015863648578138,0.00968597557734214,0.00715758006716082,0.00842921857018224,0.00382481268946184
"T>A_TTA",0.0129762712348731,0.0114328022127027,0.0240735937256915,0.00660009310022058,0.00500444549760952,0.00648423948385122,0.00614335327458451
"T>A_TTC",0.00149817536994422,0.00217316531443213,0.00224263429266384,0.00456392815662253,0.00445914242845301,0.0084037527811471,0.00328058712521512
"T>A_TTG",0.00440434254285953,0.00773687250002123,0.016009657696928,0.00862894095128285,0.00514770241963,0.00258859644824114,0.00306225011101328
"T>A_TTT",0.00987547098084147,0.0047158760740945,0.00662268766143015,0.0257241155307932,0.0103000096576314,0.0067895933104208,0.00587234384266152
"T>C_ATA",0.014550706453529,0.0243426893133957,0.00438117040365951,0.0249397862835186,0.00282338300174012,0.0518784318581221,0.0137958160284795
"T>C_ATC",0.00598546995383894,0.00126787375881186,0.00269054429494907,0.00795483488688144,0.00135048684523956,0.00530226617811363,0.0036863578818559
"T>C_ATG",0.0337561385870372,0.0124565233629886,0.0167248577790397,0.0270679204726839,0.00229869667915008,0.0126845617403572,0.0081230349244268
"T>C_ATT",0.0145499351632915,0.00679649948382313,0.00368515545834142,0.0425586197503873,0.00225515446221684,0.0118630403558157,0.00904682811667189
"T>C_CTA",0.0159089305630489,0.00615586120600677,0.00793268559059412,0.0107284124963354,0.0040532020234245,0.0182225401696634,0.00663656006959368
"T>C_CTC",0.0125928396312397,0.00173212850232789,0.00252375623716554,0.00744177541283884,0.00541289427205365,0.00511871797446222,0.0027621778249781
"T>C_CTG",0.02174954250935,0.0100197371010833,0.0105398001223927,0.00277435358995707,0.000588520899440907,0.011974004653317,0.00463198361723394
"T>C_CTT",0.00892937910529582,0.00504529151258645,0.0137023238351636,0.0202165407296857,0.00425181924428544,0.00240923908590919,0.00579425916610011
"T>C_GTA",0.00803585701835104,0.00278375347354179,0.00530257529481732,0.0242833496268513,0.00471959089487494,0.0156850593434097,0.00674131361872116
"T>C_GTC",0.00421180230285578,0.000629747763488373,0.00243655948361811,0.00745546729922531,0.00114507330111232,0.0027887955639497,0.00297924003696666
"T>C_GTG",0.0477087530151442,0.00293814036603492,0.00790651810435983,0.00518131057171194,0.00561357119485449,0.00518573179500628,0.00315168481129175
"T>C_GTT",0.0112204564297312,0.00485906568562272,0.0100985997719975,0.0220657187165032,0.00131395336373567,0.000928274349398284,0.00493477990323264
"T>C_TTA",0.0251945707133382,0.0102803447323082,0.00951479338581457,0.00352407427913905,0.000525375475170447,0.0199803359269882,0.00649726268679392
"T>C_TTC",0.00684493791443358,0.0019748723608071,0.00341845390512665,0.00960294165537801,0.00167149195351307,0.00360155459505766,0.00327262849552212
"T>C_TTG",0.0648124272228919,0.00118351543879321,0.0106417948340264,0.00116579556041167,0.00418999229941786,0.00218538868434614,0.00242511382866564
"T>C_TTT",0.0117316304725249,0.00751691858068716,0.00798634262200605,0.0212315464540163,0.00344825106441317,0.00593767179511892,0.00432666245874064
"T>G_ATA",0.00286195523660352,0.0021222825829328,0.00163279488373498,0.00838000468657831,0.000593562917280777,0.00293111911670613,0.00166884827201768
"T>G_ATC",0.00163428984067949,0.000793595086138829,0.000747019648515279,0.00264179702818719,0.000283964163794217,0.000470539137852571,0.000754922666520189
"T>G_ATG",0.00313996398995594,0.0021291703725355,0.00352357831533117,0.00544721795640328,0.000924932336294558,0.00156775936043324,0.00204475784830843
"T>G_ATT",0.00328906160994222,0.00169041790736662,0.00162932883836402,0.00365391478293613,0.000408892466032466,0.00267817603558758,0.00254946971286517
"T>G_CTA",0.00395090573062306,0.00133988138399388,0.00240872813960368,0.0011556469294817,0.00037976328228622,0.00312611390061197,0.00168262720653238
"T>G_CTC",0.00416988765017408,0.00143349003241607,0.00167678144493973,0.000809758412919873,0.000835542727025294,0.0016011719310593,0.00151793335648133
"T>G_CTG",0.00442301865124735,0.00288177685841289,0.00816630171125361,0.00652022761517409,0.0026307993084388,0.000428972940113749,0.00289394012870922
"T>G_CTT",0.00552139416985387,0.0025629469704309,0.00224279681713299,0.00991445642318982,0.00354696107105319,0.000644892592145554,0.0022193638719317
"T>G_GTA",0.00182796766193793,0.000382508405165821,6.10188929788248e-05,0.00299571950476833,0.00178974499066224,0.00169336435827995,0.00096704408266922
"T>G_GTC",0.00154930557530235,0.00043255538618416,0.000346225443665573,0.000298179167186685,0.000514982725072374,0.0012591181888126,0.000649370393661547
"T>G_GTG",0.0049453615503402,0.00235362852003127,0.00201817865929607,0.00498510805222385,0.00216877861235942,0.00240953607389141,0.00220680354725431
"T>G_GTT",0.00227537575602649,0.00145063432309499,0.00168293282778566,0.00478302472255634,0.000418669177784479,0.000771080242630717,0.00179604620103171
"T>G_TTA",0.00444426028042073,0.000290597897071574,0.00425539835265436,0.0113909663073863,0.00188819819219948,0.00157740133027344,0.00270447350426277
"T>G_TTC",0.0034518163580214,0.00081116450631216,0.000431895794343826,0.0033440330444257,0.00053894146376767,0.00209073567216433,0.00163555325921219
"T>G_TTG",0.0044288325099153,0.0032576057410996,0.00934505750861797,0.00354889015116181,0.00153246032534106,0.00084628683205754,0.00352867201140472
"T>G_TTT",0.00492784779330699,0.00351222006616955,0.00138930448044565,0.0131995403946849,0.00108777123891901,0.00655174774095701,0.00473493513360651
