"","Signature1","Signature2","Signature3","Signature4","Signature5","Signature6","Signature7","Signature8"
"C>A_ACA",0.00292960605641641,0.0270259104521737,0.00678939878498804,0.0387324220799745,0.0197707669972329,0.0226386345034724,0.0106625367396124,0.0303556246824575
"C>A_ACC",0.0124755903628701,0.0213598067265741,0.00231621663785793,0.00422096872392806,0.0373673726676601,0.0226094157225944,0.00751587900721741,0.0155526380581899
"C>A_ACG",0.00151770809513459,0.00233490191843961,0.000970789328245804,0.00435333631700407,0.00175689598267618,0.0022783050661171,0.0015166406487737,0.00492450210127296
"C>A_ACT",0.00984468088803025,0.0305353695414946,0.00376849136628199,0.0391787776199964,0.0104818262769096,0.0262371096213055,0.00655961702393381,0.00225711841687508
"C>A_CCA",0.0196312076289228,0.0180319998573915,0.00139672116784968,0.00453501642716776,0.0339300713747679,0.0170596651861159,0.00801098866562705,0.0130740690457379
"C>A_CCC",0.012903715858095,0.00576219471647175,0.0027895404214662,0.02458991756857,0.0250832785950338,0.0131127864723258,0.00618977862542166,0.00996133095478684
"C>A_CCG",0.0024717049474502,0.00426664531698153,0.00259381443370945,0.00393621500356961,0.00124448813314486,0.00373348334789542,0.00101691409016937,0.000638821618690852
"C>A_CCT",0.0141407781463242,0.0274156005465294,0.00997410802893924,0.0384019915952955,0.00890087007815012,0.00693372740426687,0.00763135896941789,0.00557083772550039
"C>A_GCA",0.00445274348602507,0.0179490227019585,0.0014064803508744,0.0111890147933719,0.0176735254690329,0.00689689235546499,0.0059956895100145,0.0161918880349467
"C>A_GCC",0.00752616414405692,0.0139707918156874,0.00218823654505317,0.00367373315044936,0.0233697939562152,0.010762913770424,0.00526027438589214,0.00534389166290321
"C>A_GCG",0.00189146372407616,0.00352546802655301,0.000801438344232191,0.00101373528398196,0.00204014998483261,0.00193553224405343,0.000336636015622428,0.00351165806327792
"C>A_GCT",0.00750243864950617,0.0115863798431979,0.0033085555894102,0.00298104141213032,0.0210908446916903,0.00946526185890374,0.00411799534148773,0.0112721735577983
"C>A_TCA",0.00605579297377995,0.0313142467116113,0.005447193696559,0.0022641260030364,0.0207110282538987,0.00385206210848912,0.015852889256638,0.0289892333289625
"C>A_TCC",0.00255487536575491,0.0199217552089198,0.0028418607645319,0.0169810447737752,0.0168327435210609,0.0150679435293022,0.0106524617518487,0.0199511974814161
"C>A_TCG",0.0014610513593563,0.00252379628838371,0.00093805326003949,0.00187354951553078,0.00121714075696404,0.00428954103510586,0.00254783747226729,0.0019270797818746
"C>A_TCT",0.0171760743214036,0.0496734881112766,0.00679165970492707,0.0167715930549618,0.0181746891046549,0.0193171040222064,0.00446372088550028,0.0151393663251007
"C>G_ACA",0.0044329340494918,0.00187128534037766,0.00365469587200518,0.0240989904672477,0.0166515051781064,0.0101286043499283,0.0130975784470738,0.0123869632605636
"C>G_ACC",0.00273907402885158,0.00593331538329256,0.00181238501233172,0.0181442183653671,0.00432409391015045,0.00851298553522144,0.00793925293649283,0.00170999692623592
"C>G_ACG",0.0122708659858648,0.00166312480738073,0.00151964989443094,0.00291688421876288,0.00225576477018804,0.000888072832715555,0.00257314513825716,0.00577680398115259
"C>G_ACT",0.00243793211259481,0.00249138818897217,0.00509550790621163,0.023948613743338,0.0158294391355455,0.00220432870255237,0.0133075207911865,0.0188194991603245
"C>G_CCA",0.00419723551693784,0.00448524535277376,0.000589128102612795,0.00738072422374809,0.015559364320575,0.0113027447246009,0.00999083476041157,0.00180105681023201
"C>G_CCC",0.0039759766864804,0.00121622158677332,0.000882184953427011,0.0157932602401575,0.00925500126045858,0.00393632438105899,0.00732460585653565,0.00669769231745266
"C>G_CCG",0.00322544290465555,0.00227411140318948,0.00139115856995309,0.00348365337999639,0.00203830551248423,0.00324151438280717,0.00229372964373126,0.00437605870711948
"C>G_CCT",0.00434836830600437,0.00539975444313403,0.00114551625216231,0.0126644110022765,0.0203956109485755,0.00793559197662302,0.012875288954164,0.0118948799781338
"C>G_GCA",0.00279985913083225,0.000106108423021949,0.00137209287647274,0.0149708635151001,0.00534431770269634,0.00670046475824084,0.0069514787506059,0.00111005558861836
"C>G_GCC",8.41986259840845e-05,0.00205400139658515,0.00199344382078896,0.00531929981057485,0.0125936034708251,0.0047863515347499,0.00706930733646234,0.00228967891356165
"C>G_GCG",0.00175161685411304,0.00141553743678678,0.00123071107936903,0.00454623495259412,0.00019114502348701,0.00109934918191817,0.00123917205944789,0.00154328424474018
"C>G_GCT",0.00197391762952417,0.0013740599046398,0.00128484213100009,0.0119200414145219,0.0168352586216176,0.00532252984550274,0.011440467511163,0.0045566523058836
"C>G_TCA",0.0140096789756677,0.0260672198454514,0.00866440430880484,0.00304790673400122,0.0130336004691154,0.00175242427509955,0.104291682403337,0.00191105423432898
"C>G_TCC",0.00568680709254325,0.0110720663667125,0.0037682917361571,0.013381962702571,0.0149196773024301,0.00334485350363333,0.0251085721663346,0.0107337359118509
"C>G_TCG",0.00416586213313937,0.00218439326214093,0.00107208211440914,0.0022236741425105,0.00103464491671457,0.0019863929623498,0.00580117869907178,0.00231930407276019
"C>G_TCT",0.0252800361432199,0.0456781641315757,0.0123894668471213,0.0152386999954684,0.0213786398762162,0.00260821362376883,0.122844364678803,0.0185635628330436
"C>T_ACA",0.0330034306476563,0.0172588483761196,0.00453974637332735,0.026145421638269,0.0134978282735574,0.0147780527760779,0.0139517747919643,0.0343537287558061
"C>T_ACC",0.00411974605613176,0.00869687792335111,0.00471561841392122,0.0160988728111441,0.00806764062229573,0.021015602369601,0.00671327919461075,0.00833544756074818
"C>T_ACG",0.0290690569178277,0.0222134597568703,0.00733163511346291,0.00285013650645173,0.0078972327470215,0.0958662635705047,0.0204009191015346,0.0449612510428534
"C>T_ACT",0.00964727597558214,0.0136102695809986,0.00332666998901322,0.0258568648359535,0.0188466973125077,0.00069118446700505,0.00974553703632492,0.038912064387078
"C>T_CCA",0.000891627943688425,0.0115430858160954,0.00535448198764651,0.00745512576667406,0.0165533874285817,0.0324302380898708,0.0132620059269256,0.0123568899529809
"C>T_CCC",0.003585136852145,0.0140731636056266,0.00663717853472667,0.00479328983960637,0.0200770945935704,0.0310052364722795,0.0100700484380091,0.00352290451849589
"C>T_CCG",0.035382937716269,0.013947299105776,0.00367537399864329,0.00745997938697078,0.00414072450020292,0.0733251762048089,0.0134997718338737,0.0119672023391734
"C>T_CCT",0.0189092388717183,0.0198398486860845,0.00462115959411881,0.00577868629980114,0.0334578174917315,0.0186064615493462,0.0130612780352062,0.0244384141596019
"C>T_GCA",0.00834747295984899,0.0170918119983079,0.00427367493407774,0.0161497562425784,0.0134698480099118,0.0164605347793635,0.0100829284149665,0.0142664495939356
"C>T_GCC",0.03171433110815,0.00289964444410813,0.00680796951265662,0.00673416596524109,0.0138543165087929,0.0037375844171962,0.00988323090808738,0.0266043500100078
"C>T_GCG",0.01584748404388,0.00825547424126187,0.032222848063359,0.00507951467701501,0.00597556205366321,0.034502139243851,0.0121333083341612,0.0605088380390856
"C>T_GCT",0.0189711390395552,0.0151008396115314,0.00693227837384762,0.0086687938510892,0.0159011708055516,0.0116466433631487,0.00589853012796368,0.0217401075390679
"C>T_TCA",0.0144695373404271,0.0518465258987128,0.0121378476025358,0.0038792176405776,0.010868962418532,0.0167041155306382,0.0671321331305916,0.0196822882409373
"C>T_TCC",0.0115083296457866,0.0246761783909566,0.00508264642696941,0.0163505919213523,0.00749251742686453,0.000991166033705941,0.0254421073808724,0.0404457988025588
"C>T_TCG",0.00826370908948588,0.00528157902730748,0.00497738060682928,0.00288623299642828,0.00538197971005389,0.0307526507783763,0.0170949699660104,0.0331807154738522
"C>T_TCT",0.0164208977867935,0.0358376286849269,0.00930749351156723,0.00850225112810023,0.0126160485026628,0.0363193538619788,0.044355492584911,0.0107857517928702
"T>A_ATA",0.0263695492073105,0.00937199178853708,0.00912781294280185,0.0075610319372878,0.00676154621979935,0.00514935588665246,0.00220303836391702,0.0105948765933571
"T>A_ATC",0.00913972754215403,0.00908136704146414,0.00384076020359697,0.0144448498288541,0.00349331365118532,0.00284237448031179,0.00344151291739137,0.00773944900077742
"T>A_ATG",0.0105965720859149,0.0166827697756803,0.00291162337711044,0.0144827158608907,0.00933120446259838,0.0106779266919117,0.00311790468911399,0.00173363078047015
"T>A_ATT",0.019280189817978,0.0195601331477991,0.0327919619140328,0.0157722672594847,0.00557442807765744,0.00528747157861706,0.00254872971356769,0.0152559835470928
"T>A_CTA",0.000135582531053291,0.0067612320692648,0.00354645631261868,0.0160579902710927,0.00939674132331971,0.0033213835731365,0.00505145897037467,0.00473660099869271
"T>A_CTC",0.00526548503943627,0.000555534168157758,0.00316352218004503,0.0191407968798915,0.0168805422940593,0.00861420468327094,0.00558445856433813,0.0038037013023629
"T>A_CTG",0.00860376638794157,0.0126654313577515,0.00213431334818603,0.0115031016275151,0.0183546585974745,0.0119834529516154,0.00636211595674167,0.000369840445895916
"T>A_CTT",0.00821601199399397,0.0092406093450796,0.00216129233229493,0.00286469934010347,0.0338296740144955,0.0172160798878607,0.00808277030376791,0.00391524242844182
"T>A_GTA",0.00535540666801402,0.00889106777916063,0.00474940319506252,0.0123867361557696,0.00287791299831473,0.000266173164294164,0.000773295373996214,0.004209028757854
"T>A_GTC",0.00652171173982976,0.0014666406588529,0.00134499148091255,0.00585385191425232,0.00854391217456394,0.00388389610970671,0.00240281278482469,0.00238274985975371
"T>A_GTG",0.00612618169794439,0.00622023851859697,0.00483566749532982,0.011538459474421,0.00784202796666846,0.00529440013857933,0.00303406312821039,0.000551836742863904
"T>A_GTT",0.0152369667607531,0.00126963630556416,0.000901423108480516,0.0242584044655973,0.00734996041345514,0.00759239486488881,0.00451188194291155,0.00477076928436969
"T>A_TTA",0.00522191156866151,0.0104418238394682,0.0165367988725164,0.00164221387356286,0.0137302099528178,0.00351251309481513,0.00516004067788536,0.0182307095137761
"T>A_TTC",0.000450954174717672,0.00246651878701735,0.00294726944580097,0.00273355263284218,0.0170849666509704,0.0054449345763307,0.00317623938583001,0.00929722876872045
"T>A_TTG",0.00222564228645561,0.00561561310360028,0.00360290934454272,0.00592423856600696,0.00822433834040263,0.0013528204695036,0.00319319385909207,0.00608116944888719
"T>A_TTT",0.030694502977887,0.0101187159990845,0.00791010946222019,0.0258958071711818,0.0151856738444014,0.0182434807049485,0.00990498333199444,0.00425094877040094
"T>C_ATA",0.012047520372615,0.0236644083327129,0.0621656914566546,0.00846016787735584,0.00791736609767657,0.0187235895012332,0.0129674096821499,0.0279523113814929
"T>C_ATC",0.0144926716385637,0.0032651489582915,0.0217040640985603,0.0106691981019294,0.00555040239987464,0.00795937449301643,0.00646258531658924,0.00607356692405601
"T>C_ATG",0.0256660340266729,0.0137701925303562,0.0452198394092698,0.0162427939148402,0.00211046772327149,0.0196822440134342,0.00764315538839854,0.00106668596483632
"T>C_ATT",0.0403127441630364,0.00719706297259307,0.0111740098972621,0.0415030566163783,0.00223617962370779,0.00932826385273013,0.0211620393684728,0.0368431024945708
"T>C_CTA",0.0177623493011907,0.0057638488041169,0.0310727834007669,0.00352094365581699,0.00650997429704056,0.0071231204753817,0.00543909263958458,0.00215682712999955
"T>C_CTC",0.00707204018607971,0.00399127673129752,0.0273658936383699,0.0169732027926682,0.0116382339116662,0.00826395252139654,0.00453567880393466,0.00574921501156961
"T>C_CTG",0.0239310348560514,0.00992212528961243,0.0431299061552631,0.00128434291657034,0.00241312482438838,0.00195186320101455,0.00455207847553761,0.00482680355806485
"T>C_CTT",0.00630340952788804,0.00881787727965925,0.0392177750224752,0.00831227112832796,0.0100403067037593,0.00282091352444796,0.00704262598790358,0.0139318679351315
"T>C_GTA",0.00500533259293685,0.00340742714922525,0.0469971947496252,0.00701082441161682,0.00401817974395432,0.0126927211371989,0.00498342226736687,0.00407600797153679
"T>C_GTC",0.0037771062403286,0.00183670478543274,0.0207767175146166,0.00746568437328469,0.00462280212124616,0.00517747352651371,0.00498647748353223,0.00455915485949724
"T>C_GTG",0.0141757168994274,0.00308693819045505,0.0388139376294885,0.00537886881579587,0.00304790727238778,0.00461926267529908,0.00243260113547637,0.00277892195446368
"T>C_GTT",0.019380438546731,0.00881354592414522,0.024514803914213,0.0126437502216517,0.00388850378505344,0.00175175075168669,0.00941939723740905,0.0163284537904154
"T>C_TTA",0.0389122778044758,0.0104645018626417,0.0333280110081729,0.00137012848829751,0.00521201401630957,0.0050701208493618,0.00957536945772822,0.0077657000955892
"T>C_TTC",0.0189603024167829,0.00595451036457143,0.0329581052828618,0.00697334425830169,0.00826491329268253,0.00838581899985597,0.00571486424519642,0.00128984658008367
"T>C_TTG",0.0169823398373716,0.00198769017242001,0.0233962478640201,0.00138084401549762,0.00437077574015104,0.00445742457047483,0.00428857222800389,0.00096090256375206
"T>C_TTT",0.00813046086902288,0.0155739369341141,0.0533065034641744,0.00676959460806122,0.0103822096696999,0.020526743405003,0.00228467963857204,0.00343958774278467
"T>G_ATA",0.00364363948049025,0.00324439923332989,0.00669944943831471,0.00672852415684433,0.00241203490811866,0.00219006974996738,0.0048206537243804,0.00546627273740557
"T>G_ATC",0.00434497059915815,0.00215263489152733,0.00453824219527941,0.00277554566725935,0.00116219553971144,0.00136418011944549,0.00124726558670683,0.000833578171483536
"T>G_ATG",0.00531299122539935,0.00540289237267246,0.00361090837210228,0.0128575613129462,0.0051357291036923,0.00232404800792587,0.00458238547434806,0.00629041593138046
"T>G_ATT",0.00135583043542731,0.00501215380618716,0.0123609576911998,0.00235258568019294,0.00522988520040886,0.0064012046708343,0.00348161158208206,0.00595577523131271
"T>G_CTA",0.00320284833963242,0.00269396286499982,0.00326718526404136,0.00151875349601983,0.00384360864468524,0.0035529037254201,0.0032856435615198,0.00131777473910543
"T>G_CTC",0.00314696487800041,0.00337910312234142,0.011721100634538,0.000932536028288154,0.00591617703442554,0.0030837680530919,0.00204730706475482,0.00151892543066708
"T>G_CTG",0.010987338063066,0.00447361979818241,0.0109514378726905,0.0125348452333587,0.00607852238747603,0.000727872539090552,0.00560361311539203,0.00163304499705409
"T>G_CTT",0.0197246384969856,0.00431779819063356,0.0121173796244367,0.00481463158015958,0.00468881057641649,0.000572952730433992,0.00645697831893627,0.00731926397275556
"T>G_GTA",0.00726018221019034,0.000447948086837397,0.000579875692434968,0.00206832208497596,0.00418662308868284,0.000903564275486704,0.00217799209566828,0.00285717015067277
"T>G_GTC",0.00248691066987626,0.0011120006039207,0.00242586239014638,0.000328554243174308,0.00395619191438441,0.00145109024602399,0.00125880271185642,0.00139370873834073
"T>G_GTG",0.00432213174498995,0.00419910206426268,0.00375628946293863,0.0130106138294589,0.0065923175806147,0.00339249756960799,0.00700539163325746,0.00280840521934204
"T>G_GTT",0.00757236467873416,0.0040223010855307,0.0145709464791607,0.00809543919590835,0.00169237189392065,0.001807098328901,0.00375934931830049,0.00197821355449279
"T>G_TTA",0.00581978306561631,0.000858832909618449,0.00176632941044518,0.0081500710806902,0.00560256939276607,0.00708221401135044,0.00828636412945685,0.00133854822444333
"T>G_TTC",0.00513988882319962,0.00185896146440748,0.0029159821100723,0.0029948032116963,0.0056832113587205,0.00323977597772941,0.00337485655903597,0.00346416997338513
"T>G_TTG",0.0018494726833632,0.00510694400403343,0.00744921526941174,0.00237618546074378,0.0133107914068964,0.00109763042356513,0.0050046187373177,0.0088118089688227
"T>G_TTT",0.00341134866859942,0.00913491533029701,0.0194889156325123,0.0119764705449018,0.00844020109540879,0.0108181008900691,0.0103619033386408,0.0120762894629286
