"","Signature1","Signature2","Signature3","Signature4","Signature5","Signature6","Signature7","Signature8","Signature9","Signature10","Signature11","Signature12","Signature13","Signature14","Signature15","Signature16"
"C>A_ACA",0.00241607796998353,0.0101608144317296,0.00265858549070607,0.00794475913370635,0.00246752854628745,0.0044260477447912,0.00558314031504434,0.0382558381554256,0.0122795290135174,0.00037516274117292,0.0190127926307436,0.0182292118122241,0.00152165068498591,0.00224913001412925,0.00104330103797771,0.0020640988775123
"C>A_ACC",0.00328518734447578,0.00541064254709343,0.0020803586943636,0.000651809907066964,0.000905372157391742,0.00156417950505389,0.00110799476624452,0.0123026600952745,0.00493950924684855,5.16394864941833e-05,0.00601489616331267,0.0289901636828123,0.000822649367039736,0.00223942666390527,0.00068258471446535,0.00236328584905372
"C>A_ACG",0.000570693328186399,0.000879260062551808,0.000524194256925319,0.000545700013491733,0.00014060473785733,0.000201707157178239,0.000317007908157499,0.00221028767473552,0.00173832044046949,9.56825656561198e-06,0.00172734802598495,0.00225140715856464,9.62451848234754e-05,0.000251348953234351,0.000117345874322455,0.0005986449587709
"C>A_ACT",0.0049505531631267,0.00468365033840877,0.00158585735452606,0.00319089392227095,0.00115208282600777,0.0020096566432812,0.00107535581048228,0.0031707804806685,0.00922243439209222,0.000106509331512414,0.0156535166442294,0.0175576282019481,0.000656859347727887,0.0033784041141344,0.0010730857968747,0.00392435537893156
"C>A_CCA",0.0243210652078593,0.186915832962111,0.00221443652145859,0.00567971685840354,0.00237212003569289,0.00708689015020193,0.0036794279616809,0.0114068694770934,0.0140094183033083,0.000950538255930555,0.108873362382909,0.0109096502500614,0.00522607805283383,0.00564460575475327,0.00085519651948098,0.00300609260171886
"C>A_CCC",0.00761431706758971,0.022970042392067,0.00130079234292247,0.00352510933722523,0.00253003968848625,0.00274295016832002,0.000754751007776964,0.00937254299743298,0.0108935813466645,0.000628556697066612,0.0251303819233904,0.00586573614389466,0.000728753274828071,0.01411101485913,0.00032545878978558,0.00174309643344005
"C>A_CCG",0.00309103842923236,0.0218854143805017,0.000748099923110141,0.000881505678195978,0.00053822684899197,0.00143382317914402,0.000311364141343166,0.000438502566794311,0.000767931618664814,0.000232162610755536,0.0147042406288258,0.00121130108579161,0.000263778352311778,0.00325563606454098,3.12133142609257e-05,0.000389396179237336
"C>A_CCT",0.0190206698048465,0.0768513529507053,0.000840816827247374,0.00398083324177562,0.0100877069400633,0.00109145004620168,0.00362724229356922,0.00207225060866363,0.00484091131981531,0.000486180210727926,0.0514628576990324,0.013815297628107,0.000275084858741588,0.0354057098245047,0.00208513211796447,0.000815200698420039
"C>A_GCA",0.00200435424199567,0.00703668242726219,0.0014593303930395,0.00344703242985661,0.00092114498989971,0.00167362390073732,0.00263509464257584,0.0135601853677846,0.00610525191103201,7.30541752549321e-05,0.0301449597983014,0.0133090123772052,0.000815061863145136,0.00158828227589127,0.000456351121537945,0.000166167314038378
"C>A_GCC",0.00219146734889868,0.0024240332799558,0.00109764579350653,0.00123978786107783,0.000240504349277777,0.00143488498104779,0.000644407540348254,0.0109891244009623,0.0032630914796016,0.000196814511380435,0.00914557052018186,0.0123829839812576,0.000190391216954132,0.00213756682325354,1.45145827403062e-05,0.000504220225326778
"C>A_GCG",0.000154693872572668,0.000508363501508678,0.000244710815173419,0.000389696059792735,4.91184393039146e-05,0.000206154782661651,4.8602730177871e-05,0.00079629929580569,0.00164625950039666,1.04228277617372e-05,0.00149851615736267,0.00274561498646408,9.38537636393553e-05,0.000501972508787108,2.98439467503349e-05,0.000331772583360506
"C>A_GCT",0.00236229792403872,0.00333889969756735,0.000924722597046201,0.000280319249334124,0.00035614295768223,0.00138886476765904,0.000408478245280887,0.00702538337306933,0.00153070051449759,0.000154099716535281,0.0191401292857286,0.0169809694286256,0.000327585728060273,0.00465492420220012,8.95168254437984e-05,0.00104631152917878
"C>A_TCA",0.00447748257180132,0.00992551581511356,0.00618859372616092,0.00131845488805185,0.00414100483635663,0.0056291090753676,0.00956877424316866,0.0213490125932599,0.00608154215382683,0.00127957749766826,0.0314703990301078,0.0261716257742169,0.000940582004548264,0.00553655450254387,0.000293620230223458,0.00788616871453335
"C>A_TCC",0.00196360155955608,0.00761590352519052,0.002280086392653,0.00426487153476172,0.00593081466001312,0.00457314814970199,0.00258584666072016,0.0229477557851029,0.00210089126582981,0.00169260908591363,0.0223314711826646,0.0171266300101568,0.000893164844366928,0.00464989814484993,0.00162637941228206,0.00800082817928122
"C>A_TCG",0.000629295755259922,0.00140697250274449,0.000599816511163723,0.00042405572548617,0.000392416271889348,0.000638921911874745,0.00020997506751572,0.00080154187849314,0.000565361066327546,7.71502395734549e-05,0.00349960208126715,0.00316823176594202,0.000197531464436202,0.000684766023534807,5.51342175353402e-05,0.000195421947156695
"C>A_TCT",0.0119857886523301,0.0121555148096656,0.00274520025620829,0.00866862631414401,0.00954075253206457,0.00237701073181947,0.000395284095298721,0.00724192686040289,0.032931417978681,0.000917137328836125,0.0699119985370976,0.00578486869827081,0.000435852426780418,0.0147652718266819,0.00197003784130015,0.00400945495796451
"C>G_ACA",0.00492396325970207,0.00150277487079754,0.00299018528247649,0.00506137644915638,0.00093775907595347,0.00187485610245089,0.00118706932948115,0.0369325636523084,0.0217625552728626,3.446193565603e-05,0.0124028392551759,0.00539759572523222,0.000252595286167135,0.00408529700405463,0.000311699375057115,0.000566391928454026
"C>G_ACC",0.00123459165940362,0.00113790952232811,0.00172755567101622,0.00174047371297041,0.000295583923211955,0.00182810506131792,0.00119711961300375,0.00492723667945633,0.0149666492126351,0.000226559698999667,0.00925200868972387,0.0112751943437869,0.000105325376006614,0.00132141088981434,2.5844479991073e-05,0.00241029541596572
"C>G_ACG",0.000829724165346205,0.000635097982335756,0.000540758573104887,0.000784803843843683,0.00013492495866556,0.00072659453680324,0.000918367251352935,0.00271511762902585,0.00139726676788153,3.16761278431258e-05,0.00130520273628569,0.00381975838973147,0.000291853686849917,0.000521897654036792,0.000194348279105743,0.00201131205197124
"C>G_ACT",0.00525328145100809,0.00275765367921597,0.00213633639450288,0.00634521608793764,0.00183085850991656,0.00170617573501458,0.0038679683697873,0.0187683041746516,0.0297195837476821,0.000361725862468237,0.0081680713115746,0.00494641344911558,0.000705986016273444,0.00313255033595184,0.000311130373132404,0.00242943110456478
"C>G_CCA",0.00167520831098565,0.00233308885094644,0.00035318982081424,0.00247518839309247,0.00065689532020604,0.00214377126176314,0.00117889095885195,0.00385514743054317,0.0150184054916236,0.000118366651516771,0.00398789862218166,0.00718820848469577,0.000567928061862233,0.000464975533502663,0.000232658200442036,0.00302484280698165
"C>G_CCC",0.00253386290734652,0.000767747772915504,0.00132190216557812,0.00239470573612169,0.0016959563771629,0.00195206211732948,0.00265650102487253,0.00728788658931179,0.0043985279608649,0.000122755099203998,0.00372348958795833,0.0114238845676582,6.21949309348788e-05,0.00067775879363052,0.000320188325979709,0.000127965319815819
"C>G_CCG",0.000841039069331282,0.000328706624375531,0.00135272292913536,0.00138427111327301,0.000759884287174099,0.0012747874142496,0.000565785949939259,0.00195940637578229,0.00153307871115411,8.99831904826795e-05,0.00219251914598764,0.000988078831134007,0.00136466397385958,0.000705336755084679,8.50844400054546e-05,0.000586928529123185
"C>G_CCT",0.00297855053491331,0.00266246555029152,0.000184938195549689,0.0019229188367385,0.00304415257161173,0.00368414798524853,0.00573698982159275,0.00826820018157634,0.016541510582494,0.000480384707697672,0.00673734198954742,0.00778761192855802,1.41285980385544e-05,0.00057829164813825,0.000346917330021068,0.0013461242301737
"C>G_GCA",0.00140481769653715,0.000248123555601228,0.000953312167809005,0.00218586563067144,0.000198849208954669,0.000861091704573251,0.000464717215807705,0.00380837159988197,0.00888182799107071,5.59145851345197e-05,0.00425612418147576,0.00894465962579393,0.000149120930895638,0.00122089391286439,3.87096031946516e-05,0.00066715034797751
"C>G_GCC",0.00270812699818904,0.000585078111631536,0.000768346872055973,0.00361162809978623,0.000675638389968026,0.00163650358435783,0.00289833975744907,0.00676915294863299,0.0167401505854709,0.000140675303938956,0.00509023621877543,0.0011524795333907,0.000113396804646359,0.00189336226646192,0.000148351225717661,0.00053570751209889
"C>G_GCG",0.000104522516037387,0.000276828138025334,0.000298206543004501,0.000843851483401428,6.16261612631831e-05,0.000636478524511439,0.000557763667535936,0.00141845858833351,0.0013211059024326,4.21754680311169e-05,0.0010221464953384,0.00126029077247364,0.000355623821810107,0.000170827180778552,7.42446694987867e-05,0.00119869540473328
"C>G_GCT",0.00219108661926051,0.000412212432990336,0.00121819746318085,0.00194326412165107,0.00107194402031127,0.000958146530056613,0.00335027595983379,0.00452982600521615,0.012404459324197,0.000114274308351612,0.00558473386696066,0.00685358036210558,0.000198687468220599,0.00110656069014822,0.000376166878090415,0.00134509554518544
"C>G_TCA",0.00280921448659342,0.0037163913279096,0.00111063573416406,0.00318378711324225,0.000930945878704148,0.00188959664074252,0.0059664349766269,0.00169742079201395,0.0562864062352977,0.000166371390668922,0.017922715077744,0.00865962105655867,0.00150928899481646,0.00129048437490305,0.00018930053118928,0.00402917775385607
"C>G_TCC",0.00413167871356994,0.00231526178273065,0.00175209350147117,0.00491091622828347,0.00272472996909448,0.00451612546716609,0.00100661070039905,0.0102198806893452,0.0252547427111921,0.00048254606499423,0.00792703536258517,0.0135176801088127,0.000278891514233138,0.00083319648156003,0.000466981351785989,0.00217436149427675
"C>G_TCG",0.000765582671494394,0.00018847183067001,0.000542788062405728,0.00124488855556005,0.000153599546739434,0.000654790512656514,0.000446068045858494,0.00166515180492934,0.00313154287832534,4.70615838735007e-05,0.00195288245762653,0.000195278577922689,0.000300833239196861,0.000360459210805933,0.000176387976495684,0.00113014224787571
"C>G_TCT",0.00384985682345895,0.00572463438305937,0.00089205105071559,0.00662411383842238,0.00501067112647125,0.0053085748050266,0.0235615694085819,0.00793027088258645,0.0772928109667854,0.00153791621053115,0.0261113761265853,0.0242973427012484,0.00143547707680242,0.00154117299358231,0.000325007796874663,0.00844202505180139
"C>T_ACA",0.00650400210061897,0.0048841283450102,0.00485581409631197,0.00292794414468829,0.00100904264987679,0.00296016082942478,0.00446778401590076,0.0161449442184257,0.0152440283334174,0.000287591791036154,0.0209912971515666,0.0172647685324987,0.00070673303123941,0.0557301647199546,0.00111750007298478,0.00899256252837054
"C>T_ACC",0.0067194904496372,0.0107240568730836,0.0230117980724748,0.0144409983332003,0.0111938043233848,0.0345637945619261,0.0234552362685313,0.00380746014435371,0.0125088688423087,0.0142492228834146,0.0116039070789485,0.00418912868108361,0.0311504195533033,0.0111480759782142,0.0193689067755711,0.0183490810310707
"C>T_ACG",0.00526411929368258,0.00566046771692928,0.000836031559022465,0.00888633142457139,0.000191413167039084,0.00507014752831144,0.00119950774477092,0.00753770032648517,0.023927352455621,0.000371502901051901,0.0178598076309215,0.0275918634370006,0.00106157264476711,0.0791733254808578,0.000385296748973068,0.00450553573167821
"C>T_ACT",0.00709290175635777,0.0120054882099815,0.00204400702398684,0.00912551140442874,0.00978145596878974,0.000412695527409514,0.00726417769237568,0.0172047807788447,0.0071698269413373,0.0052230105413024,0.00610490860024278,0.0247887186929413,0.00740634555923675,0.0228751625528849,0.0137540339836934,0.0195291356238749
"C>T_CCA",0.00310918561811223,0.0247482568749528,0.0510931051188424,0.0125520399302202,0.0509100225330274,0.0442377980918344,0.0427035910622037,0.00931358250568563,0.0247072051747313,0.0244977197736801,0.0136495311002183,0.0148175166219524,0.0404078055168518,0.00575154279738233,0.102424220404241,0.00622856440953982
"C>T_CCC",0.0050533644000374,0.0552234608265401,0.0315911463684414,0.029205000124804,0.110953514779464,0.163993572670181,0.0582339807594294,0.00934414679109925,0.00670886955403542,0.0369719549403652,0.01681245524644,0.00806245971336945,0.228607672669231,0.00930879405839726,0.0821067922543037,0.0222062325279908
"C>T_CCG",0.00687691848598825,0.00598193651559591,0.00323886832756373,0.0103742056993898,0.0116287219283097,0.0339463384405638,0.00668645756989694,0.00310193922820581,0.00139862171760551,0.00798985473512351,0.0171051274366402,0.0196267249518872,0.0117812043009222,0.0559732609533832,0.00516179358706035,0.00622706515584864
"C>T_CCT",0.0105951334588985,0.0414764316467348,0.0199193690185788,0.0080602985034189,0.0766597313579903,0.124639484360199,0.039435360399578,0.0332273314100652,0.0219399244325994,0.0578794754976176,0.0127578085368811,0.00115424683424948,0.0372660940051006,0.0218783269273841,0.0725024099126049,0.00435845014779592
"C>T_GCA",0.00523041424261052,0.00314370256401652,0.00321842339105293,0.00476211173264425,0.000624042426284593,0.00276936573193174,0.00167895575177947,0.0237524022231074,0.00725796262841357,0.000155856919487908,0.0158109428873606,0.00500749937165263,0.00143704956492656,0.0537930790744615,0.000454469511896942,0.00408913039167485
"C>T_GCC",0.00582841897900989,0.00313546983791008,0.00651713133570391,0.015410135030735,0.00575446991214467,0.00626191013133196,0.0276765726907347,0.0195101008349311,0.00314884214163521,0.0099698706118872,0.0193278923076156,0.00586145429971659,0.00213792315676704,0.0384398191402704,0.0173171256122208,0.0101389247732637
"C>T_GCG",0.00598853191212649,0.00411652202820222,0.00193395768723902,0.0129136433344899,0.000274625915380723,0.00333165978394263,0.00106633842058928,0.00512535153381791,0.00520392378344741,0.000284806620293005,0.0069615193131167,0.0387836551369145,0.0010962638461582,0.0772496435660554,0.000160876015098435,0.00236468175261115
"C>T_GCT",0.00706752833784091,0.0142805111817538,0.00371272292132649,0.00850059685325339,0.0113117652095801,0.0296227402218939,0.0111392289864139,0.0177275730938699,0.0132137771778131,0.0230947415832564,0.0104766241452986,0.00501275628342947,0.0180466577994313,0.0323491757309783,0.00158793337937123,0.0174279972820158
"C>T_TCA",0.0131661512257044,0.0614065375009654,0.127467810008548,0.0243386556461543,0.0605831346543982,0.0565410426052623,0.0135845486655539,0.0508590946099809,0.0251580608497784,0.236448413811206,0.0178101615708209,0.0238063667873407,0.12410775690993,0.0510592590399046,0.139331757268818,0.0749897180474439
"C>T_TCC",0.011386687349009,0.0922541331280649,0.430394474489874,0.0648157179452847,0.0310667129919843,0.00253361640580983,0.0683792583000494,0.0434442003195845,0.0320602799238466,0.303461576213038,0.00585817765195162,0.00164421572310073,0.220230709915189,0.0216381827360282,0.322036368255909,0.250252821475969
"C>T_TCG",0.00420616858464417,0.0211531840968401,0.0310457322655841,0.0266217995597728,0.0525377744194224,0.105840387771361,0.0209574841619042,0.0266500605710674,0.000272822428808827,0.076101864768097,0.0104593188305326,0.00712194746218993,0.124903382551964,0.0427121354223284,0.0338818653734502,0.0418571992726462
"C>T_TCT",0.00567908953380697,0.0722007508472356,0.0114546829838737,0.025291772299609,0.0899494392742622,0.19102470976029,0.071067050238253,0.0167771998424454,0.0386586929337274,0.131378206791629,0.00926356665187546,0.0333229849956618,0.0288690509190392,0.00398422256628688,0.102630560477754,0.0294659706275393
"T>A_ATA",0.00488053200445732,0.00887472784348085,0.000526589937330082,0.0120592303762748,0.006604288926981,0.00593539753492724,0.00173397120653052,0.0329063707048775,0.0099675698549929,0.00386354095002923,0.00676639760385845,0.00448843126384312,0.00506235167785816,0.00498115996890054,0.00247226527500912,0.0157990671034622
"T>A_ATC",0.0030917688644243,0.00242478651477448,0.00096992127759508,0.00772321559146472,0.00133788553763368,0.000809204344850883,0.00254503709710768,0.0170789007660577,0.00479139025936406,0.00067161809465415,0.00817290307538273,0.00374068057520204,0.000248656547819395,0.00480417871581718,0.00125031947023104,0.00557995288391958
"T>A_ATG",0.00171063384936746,0.00469330230309594,0.000350135300730604,0.0104662146239502,0.000836662995757278,0.00286538352571744,0.00328040027039963,0.00137955180274925,0.0078292535976856,0.000908214577479692,0.00577771950103125,0.0106645279055421,0.0019402565281587,0.00199895473797261,0.00125042024057179,0.0105429255273445
"T>A_ATT",0.0066121338688003,0.00916155827906411,0.0164749693639951,0.0151226162191855,0.021398815205929,0.00519190958859606,0.00529431272873329,0.0220707197687946,0.0119854856124339,0.00623510452387985,0.00768906468512313,0.00519334013032711,0.00725643892914647,0.0197994268954309,0.00921195139225285,0.0255543245779043
"T>A_CTA",0.000431879560653008,0.0029939010099043,0.00212465957536909,0.0033843785227403,0.00213752222482987,0.00152434161154259,0.00376933026068382,0.00964192442280096,0.00463921074408611,0.000136686069692452,0.00253120459566969,0.00765786750746661,0.000160730699622452,0.00112365811483758,0.000983690669712008,0.0016663908655011
"T>A_CTC",0.00875909207642644,0.000263703905135888,0.00105843057107874,0.00108697512498305,0.00647178927562453,0.00309611519848225,0.0038145158319054,0.00588251442214613,0.00471086764552398,0.000886878075347774,0.00662996546405569,0.00849358368140379,0.00146051171920906,0.00171484857880578,0.000229526274980882,0.000988369398920071
"T>A_CTG",0.00393308855184335,0.00275280769402847,0.00105345861047156,0.00319848523391141,0.000659863777011132,0.00268715837444566,0.00244714131623863,0.00138798430828261,0.008890890209806,0.000316321560162571,0.00479442315081721,0.00878141873451648,0.000701262907968511,0.00137890387751178,0.000460807263524599,0.00397960117975785
"T>A_CTT",0.0249481193099212,0.00136853676315986,0.00256928665244074,0.00100438807183243,0.0179951922990737,0.00163222512585162,0.00620892741578449,0.00654163836592659,0.011924695450933,0.00141470576299321,0.0116737428356932,0.00577674675630564,4.05537790471504e-05,0.00128694611894625,0.00134867209525236,0.000460638009137439
"T>A_GTA",0.00172530588523053,0.00258722627052601,0.00145953708489279,0.00312317017979249,0.000532398714591746,0.000185374976563011,0.000942205549820359,0.0041475275335301,0.00432836580834337,0.000694223371360641,0.0025135817112768,0.00450744446349207,0.000600474767673978,0.00173395695587103,0.000590904958974822,0.00207073094068712
"T>A_GTC",0.00236241909196422,0.00146957227074642,0.000521777180609863,0.00222724546513352,0.00136411540101028,0.000899243754122548,0.000522844201616613,0.00709518655891897,0.00516797332939176,0.000231345563417368,0.0034717630880821,0.000263553748451357,0.00119733246196624,0.00220575946301743,0.000153542517324289,0.000484595515828406
"T>A_GTG",0.00310879211975892,0.00186611857601598,0.00216830346481901,0.0077957488672213,0.000195140276688258,0.001889816694597,0.00229149882329143,0.0022850704132557,0.00853351826104469,0.00045892630871725,0.00364585252253644,0.000476040059563458,8.86783385222759e-05,0.00291043787946706,0.000230375060963769,0.00344068570508945
"T>A_GTT",0.00526429358848778,0.000517684077909908,0.00106913723355319,0.00493724284869164,0.00700489362683564,0.00116582417325083,0.000307215183178087,0.00670054390766438,0.00410823956354864,0.00117940443812557,0.00391487907847029,0.00828405443287857,0.000129183651246096,0.0017741223837299,0.000947430474848973,0.00234404430617244
"T>A_TTA",0.00365170112520321,0.00506040108633252,0.00651344453206596,0.00205419009013795,0.01021985464006,0.00256654220971095,0.010396967741586,0.0177334803036558,0.00575477811674883,0.00146879496575231,0.00942463825502908,0.0240873884353888,0.00126453126577538,0.0132506078440249,0.00199598908635227,0.0100868390933304
"T>A_TTC",0.00202745114606369,0.00132067844098425,0.000734116780851056,0.000294844857279724,0.0134508017132538,0.00116989098793884,0.00174794727172933,0.00432503772412975,0.00265273093862991,0.000477325471573486,0.00613464619891,0.00762824178628987,0.000371065108845802,0.0019444440078353,0.00218940637191832,0.00112696108477492
"T>A_TTG",0.00103621208008193,0.00193322772239962,0.0018840096634496,0.00299632453689679,0.00529882906956476,0.000753804431231196,0.00462887151270256,0.00479416584460184,0.00246652298106462,0.00040611671212004,0.00163581225442132,0.00724065165442866,0.00046700906677367,0.00182195133021419,0.000828482927517038,0.00213477881144409
"T>A_TTT",0.00879269700622221,0.00322212184646354,0.00578569600784852,0.00592363960577591,0.120505806048377,0.00244077451382512,0.0124302913920712,0.000776803165631764,0.0075454203275823,0.0110315955095313,0.00769846916192884,0.0149713503387072,0.00341520059264891,0.0037712031372915,0.0036678608486227,0.00744192062624673
"T>C_ATA",0.00676620579451604,0.00656048521463376,0.00154572804490163,0.0197614019516351,0.000558677199472765,0.006663816284547,0.0110404904521211,0.0310944157027192,0.0246873229014664,0.00104931764805445,0.0155488575875477,0.0120318766400989,0.00464915510634081,0.0199016172510386,0.000996416141366006,0.0201889429087355
"T>C_ATC",0.00487685791111557,0.00246236637080584,0.00215359090241875,0.00882727923101899,0.000313497266266729,0.00274091026556695,0.00177969919499939,0.00771059774147462,0.00910936828120823,0.00040749738471976,0.00258301493124391,0.0113713791009647,0.000210218713021429,0.0062468958913469,0.000222527331762903,0.00492624612317779
"T>C_ATG",0.00561071349483654,0.00449556864436157,0.00545970453606684,0.013648870104112,0.000769970800842062,0.00419361545359966,0.00541578140584036,0.000421964125348296,0.0100263426531666,0.00046037291209925,0.00446049501549862,0.015125587579329,0.000154562892215249,0.0165732326359495,0.00092231117207556,0.00432127066779692
"T>C_ATT",0.0105945041129028,0.00638141977253746,0.00163735719067997,0.032923719401114,0.000802104168143975,0.00508882535721168,0.0144355349908973,0.0276682793055307,0.0268848693528055,0.00165670755780218,0.0167162587933785,0.00775444427017731,0.0064602055289048,0.00611257358901841,0.00201485853502203,0.043152158066261
"T>C_CTA",0.00564212277352107,0.00282324319736591,0.00364485381940498,0.00430301645771445,0.00351985822018507,0.0036342960932221,0.00271399899194908,0.005687492042545,0.00716771342341211,0.000884908593850752,0.00558686161649886,0.0120441112214662,0.00159374160030779,0.0135373062244989,0.00114159087483481,0.00910071373442189
"T>C_CTC",0.0266291633043775,0.0011650525071752,0.00233727977966782,0.0067714245201821,0.00232658382951788,0.00255549680421761,0.000422701774374972,0.0100143118715097,0.00142086868371813,9.6518077556995e-05,0.00744542375189848,0.0206986789659424,0.000745513730527096,0.0072366370931409,0.00101677360912215,0.00357991297516682
"T>C_CTG",0.0148264634057206,0.00258833594779077,0.00157449237530723,0.00104560566276079,0.00097044626220742,0.00103792678214505,0.00430234141509075,0.0185790114903213,0.00313374479035537,0.000497429356109822,0.00376128905470919,0.00575442223029687,0.00127759579007729,0.0188011225001541,0.000495531126252822,0.00749566745212667
"T>C_CTT",0.0598913138026888,0.0068552900994358,0.01623636424523,0.00856265812813236,0.0250583755562075,0.00090199984347048,0.0114705546540499,0.0157584391171948,0.00750472010438297,0.000705765645673441,0.00845728053892175,0.00793582689413666,0.00708002118326432,0.0137468161500372,0.00837563668672515,0.0021130140239925
"T>C_GTA",0.00712001870530496,0.00262829400264909,0.00331686067336718,0.0179934227283945,0.000474830886562336,0.00279869866084053,0.00195423381055908,0.0095144849145204,0.019563333776055,0.000217405485914787,0.00643318894754304,0.00739863014130168,0.000728772939047726,0.0199159552649164,0.000297157351415564,0.000351915236048748
"T>C_GTC",0.00853669925638438,0.00183905297253583,0.00211956029106599,0.0113571611097261,0.000176972563703617,0.0015604370722329,0.00170780644307678,0.00891907881689565,0.00724524564249337,7.58902757269295e-05,0.00201991808495245,0.0155748550514735,0.000102470874212592,0.00772621044491102,0.000219697186806259,0.00109856827522506
"T>C_GTG",0.00559763966365496,0.00245914205816791,0.00332094480996064,0.0109349558428555,0.000393319977132099,0.00234179682060683,0.000843810774659735,0.00432627389290998,0.0110342700160207,0.000191854720626854,0.00542016068064195,0.00676687621123823,0.00127814547203227,0.0125837052948907,0.000217719472710872,0.00102216130378705
"T>C_GTT",0.00557195276159598,0.0109543584432533,0.0529651423732851,0.0836028705302222,0.00951037683627765,0.00107952503870543,0.0117919063370094,0.0137322969750228,0.00479263186787524,0.00221930947504079,0.00362794702822545,0.0312401707823149,0.0194844594177605,0.00120065149533418,0.00725596110991223,0.113459655487072
"T>C_TTA",0.00607534682728144,0.0100903613259407,0.0144939092661754,0.00216533663608785,0.0104315547530331,0.00553875058287708,0.00820481720674254,0.0290890833716412,0.0114387632684109,0.00323918092724661,0.00276368450266094,0.0148175045285595,0.0115381401334779,0.0151595511777602,0.00504392715146553,0.0466336912027476
"T>C_TTC",0.0104627751152548,0.00297126592891978,0.00567933074849698,0.0105689343090632,0.0100999823833569,0.00304248989676451,0.00258862722923128,0.00237804892624314,0.00456048910613497,0.000882458551154934,0.00570258334677475,0.0323466176919208,0.00198183088897618,0.0111313220250148,0.00202281409716556,0.00385831814138079
"T>C_TTG",0.00411918899325993,0.00499285853010139,0.00872645684269318,0.00339126301849558,0.00858385377383229,0.00271648506626284,0.00335824920769303,0.000600388948543213,0.0042931538181764,0.000947131329786911,0.00521393713044419,0.00971534925714851,0.00610182388448999,0.0138679950404386,0.00118135004235652,0.000901052139426042
"T>C_TTT",0.0115712124389855,0.00745355998825908,0.00700567488926354,0.011794743166656,0.0421028991671391,0.00400306399933266,0.00170252567677031,0.00278220025313078,0.00936267029313305,0.0036658747756961,0.0049921338231008,0.0312846116187805,0.000648133625108448,0.0155633143114575,0.0033101932410092,0.00528769757951844
"T>G_ATA",0.00177839293750292,0.00235266605730582,0.00138397565555847,0.0098710954911654,0.00279792774259205,0.00143988050155068,0.00491433115353382,0.00995714579949854,0.00527931951092063,0.00103807871778731,0.00392650828636786,0.00901743301772988,0.000713914356512814,0.00116643628498611,0.000727796791585382,0.00712979633554571
"T>G_ATC",0.00496079715227551,0.000704251999476627,0.00112688989935311,0.00729942197461715,0.00152780221878217,0.00191349420754226,0.00552637963540003,0.00165527837560702,0.00182469948744514,0.000606842408004796,0.00247076096258095,0.00240669220539976,0.000431473087083967,0.000623299198386227,0.000271930929906762,0.00225244588629417
"T>G_ATG",0.00205421273096568,0.00488382536572016,0.00276038777927433,0.0775308282323579,0.000458990733341503,0.00346687315463545,0.0210608447674422,0.00957715945920432,0.00694616473577749,0.000355935364026179,0.00267266055773474,0.00496384321958641,0.00180559751514113,0.00142946067424327,0.000891135695184938,0.00447404667162293
"T>G_ATT",0.0410826148757328,0.00250338838979728,0.00328243589421185,0.00261353743610247,0.00308478604515536,0.00304780666688623,0.0162790311644378,0.006423715589448,0.00160377468711659,0.000903078878048881,0.00179868014267504,0.00838691498179927,0.000572588440377612,0.00407252199732519,0.000193200110959461,0.00749956160413854
"T>G_CTA",0.00284814984904592,0.000780405112100104,0.000814378233795905,0.00179034309051228,0.00103414713423121,0.00142211067290591,0.00262172079321235,0.00159839048259864,0.00441588207664064,0.000205688392864799,0.00147893061653297,0.00597080226788107,0.000335308811868563,0.00060839939360579,0.000224045713410387,0.00179074441532105
"T>G_CTC",0.0195226577077731,0.000926816635088735,0.000397793812440609,0.000636834989133974,0.0038588640454187,0.00146794743047506,0.00649859192228834,0.00142164260000489,0.002785441896907,0.000240386367421193,0.000832860227914483,0.00421583428363996,0.000252170718353182,0.00160006755599843,0.000518130814445077,0.000254253509469634
"T>G_CTG",0.0041063896507338,0.00450450872447428,0.00153851888511281,0.0232973424308085,0.00141236176650838,0.001403554658174,0.0495268651720752,0.00205729803908559,0.00152450349908785,0.00065462750412223,0.000429908349133867,0.0132400884523428,8.5173218091821e-05,0.00222932005909977,0.000273019274309459,0.00343823012075087
"T>G_CTT",0.25358504216708,0.00366401809296036,0.000412711107145642,0.00539419984759378,0.0094640075112398,0.000202178942098508,0.0402292847097939,0.00598781107736623,0.00503281108309388,0.000501694050977793,0.00465049828468206,0.000968343263036445,0.00040483309931858,0.00380051963612887,0.00110474114798749,0.00234753497950393
"T>G_GTA",0.00189808403754428,0.000772106986656715,3.63179683183112e-05,0.00797609064152776,0.000700583892529901,0.000801724108594835,0.000780275615935651,0.00455541637641241,0.00398431321207364,0.000183766557565962,0.0019558940110159,0.00049833051754077,0.000211809080011538,0.000708680585975803,0.00027628394495003,0.00130594838496102
"T>G_GTC",0.00555795256558756,0.000314969053901638,0.000238991417886254,0.00175367535850158,0.000840063630310271,0.0010211133178575,0.000781796588942967,0.00212691489737708,0.0019049794119178,0.000144184703778205,0.000449300670286515,0.00236290118919979,0.000411508925572213,0.000740405283671351,0.000268858108733298,0.000974723828118992
"T>G_GTG",0.000702986998793781,0.00614576096122702,0.00320388901526392,0.129809095792298,0.000235628251196558,0.00635275415060293,0.0335290570534589,0.00243319366142866,0.00651370204917195,0.000605603931990029,0.00048159800357684,0.00559124809547178,0.00160079511945907,0.00125558342663088,0.000856170414604052,0.0015615770772841
"T>G_GTT",0.0620129036904239,0.00277128056198987,0.00386693529176974,0.00802641282913606,0.00631575634612274,0.00191322626700832,0.0311918957260838,0.00213062532216322,0.00275074084655122,0.00160874468942975,0.00274306120655002,0.00301415351382154,0.0027845652491783,0.00436539389472862,0.00120127923069532,0.00204850303079873
"T>G_TTA",0.00273717991786569,0.000504154215940622,0.0021895503118108,0.00814855017843697,0.00829049680815378,0.00207345960462434,0.0166469917533876,0.00053520939981918,0.0133789872109537,0.000871950356594968,0.00620089390534808,0.00423169642257643,0.000619457495842393,0.00164128361612453,0.00066307571591812,0.0044152681453653
"T>G_TTC",0.00689626815960562,0.00148170929501585,0.000333820907935581,0.00178906549848298,0.0084507756502681,0.00411829832561489,0.0150246025652107,0.00555392914762382,0.000903954134758796,0.00101777572733407,0.00311151302012894,0.00303146924852618,0.000248580321136656,0.00107115603057828,0.000221604157122755,0.00035277511697525
"T>G_TTG",0.00143951797339065,0.00334745791723186,0.00204864681323822,0.00557707011909749,0.00413318475898944,0.00130794723618209,0.035533507883981,0.0087497299333333,0.00558049912388041,0.000771302236771622,0.00501887599628124,0.00679078334370675,0.000234471628893739,0.00186041566870526,0.00052505583665068,0.0032138528795568
"T>G_TTT",0.0735467532423519,0.00495529078933598,0.000912489990178523,0.00611865971132435,0.0289081884340382,0.0054568343880053,0.0862515139180521,0.0119915262639243,0.00990197114103856,0.00305221389635496,0.00835824778576598,0.00892888335003184,0.000440962951219784,0.00299843126806693,0.000643915241995198,0.00569469311577827
