"","Signature1","Signature2","Signature3"
"C>A_ACA",0.00585046223629347,0.0249281144436696,0.000990349656750848
"C>A_ACC",0.00323961827833777,0.0143842100938643,0.00150402210022315
"C>A_ACG",0.000531110721769078,0.00211835479002687,0.000102262000493334
"C>A_ACT",0.00357679348443628,0.0153174288514184,0.0029586022734272
"C>A_CCA",0.00394225841431596,0.0175678454617111,0.00682504598471187
"C>A_CCC",0.00180066724005176,0.0100224401523625,0.0129687444926434
"C>A_CCG",0.000541252245430507,0.00192492270766712,0.00262158595557197
"C>A_CCT",0.00245056662836429,0.0146533598727554,0.0453140748151184
"C>A_GCA",0.00563633776259854,0.0261198247333794,0.00228064810189496
"C>A_GCC",0.00210252972909999,0.0089678432418106,0.00544109917929567
"C>A_GCG",0.000426470470539369,0.00207181861010947,0.00107656888461518
"C>A_GCT",0.00379145487783651,0.0160120518431594,0.0148946582750941
"C>A_TCA",0.00614019535867304,0.0264322569934547,0.00126281488400516
"C>A_TCC",0.00361918288770339,0.017065219986731,0.002517187314143
"C>A_TCG",0.00068150107628682,0.00285097333569103,0.000342692638441098
"C>A_TCT",0.00988188145330936,0.0407674637662097,0.0100930291072109
"C>G_ACA",0.00202365946811095,0.00834699444158078,0.00116383292471031
"C>G_ACC",0.0012652679913034,0.00472947851413258,0.000750932734806035
"C>G_ACG",0.000395650838517335,0.00134670933797871,1.12636247624058e-05
"C>G_ACT",0.00278561228515108,0.00913618164102035,0.0011622734262535
"C>G_CCA",0.00116061971861899,0.00498509111425521,2.84843634080629e-05
"C>G_CCC",0.000986232406009671,0.00416334658509278,7.63447040924532e-05
"C>G_CCG",0.000392094519605853,0.0009552882622139,6.31777446679949e-05
"C>G_CCT",0.00188905310737499,0.0068879551346419,0.000122533555314707
"C>G_GCA",0.000800971903032912,0.00365070602936424,0.000511179477190138
"C>G_GCC",0.000877593967988749,0.00381030965957711,0.00196470822636166
"C>G_GCG",0.000169395321876262,0.000683419906052469,0.000158264231709385
"C>G_GCT",0.00119357653380185,0.00524714021346141,0.000578701741479204
"C>G_TCA",0.00435743276995143,0.0138887075474642,2.84831688100017e-05
"C>G_TCC",0.00210313451800558,0.00866436379384678,0.000180815871581636
"C>G_TCG",0.000277370376950015,0.00128094079490505,1.83507685508982e-05
"C>G_TCT",0.00747444235734756,0.0243720809064549,0.000565802111831322
"C>T_ACA",0.00485554150940584,0.0184785319846861,0.0286339880010617
"C>T_ACC",0.00286008950220812,0.0100430495226403,0.0132126489066344
"C>T_ACG",0.0094075970651594,0.0470548730870652,0.044572561752333
"C>T_ACT",0.00427963990633764,0.0157286664767307,0.00990338336392771
"C>T_CCA",0.00556088213119954,0.0165724922750626,0.00714960681511053
"C>T_CCC",0.00367669989554237,0.0124986770057114,0.0130555041773012
"C>T_CCG",0.00655574830709462,0.0314188429067676,0.0354282105181421
"C>T_CCT",0.00525495105218991,0.0172109965611187,0.0102129697117879
"C>T_GCA",0.00254386880375068,0.0110889221092497,0.0348715819518136
"C>T_GCC",0.00148692998403759,0.00809364605847968,0.0550218760116472
"C>T_GCG",0.00672256486458426,0.0331433106855438,0.0751600622750677
"C>T_GCT",0.00256746480780204,0.0107884333645144,0.034166958804962
"C>T_TCA",0.0133459890236765,0.0310207989607733,0.00698261454216609
"C>T_TCC",0.007740058685548,0.0210642336994796,0.0105547923811286
"C>T_TCG",0.00556137565618552,0.0231227990002454,0.0190704281413335
"C>T_TCT",0.0118148477159585,0.0282641213786458,0.00947675989691346
"T>A_ATA",0.00227742254197916,0.00850737525542031,0.00988192362514335
"T>A_ATC",0.0018346985369295,0.00487943203862369,0.0171451816981788
"T>A_ATG",0.00191655014439184,0.00723817252774365,0.00166296841436161
"T>A_ATT",0.0074010648410809,0.0152642368924062,0.0193156138402808
"T>A_CTA",0.00210904558707696,0.00556276070526948,0.00117999050276983
"T>A_CTC",0.0104552172866584,0.00621514279303049,0.00437336250440473
"T>A_CTG",0.00477492381322995,0.00726237187239837,0.00105876366577819
"T>A_CTT",0.0304119729782236,0.0123785577396604,0.000366367815716264
"T>A_GTA",0.00101238414744645,0.00355261236083216,0.00314274002158654
"T>A_GTC",0.00250676932485219,0.00228484733971569,0.0108307459100532
"T>A_GTG",0.00169347790399885,0.00382683793575058,0.00299807705396399
"T>A_GTT",0.00679950035653886,0.00647358199470619,0.00372705989710835
"T>A_TTA",0.00532330158976141,0.0147099245340542,0.00774184446714008
"T>A_TTC",0.00367968307404377,0.00476451819797991,0.00365736711240009
"T>A_TTG",0.00205440031762444,0.00471881470241528,0.000845573845883158
"T>A_TTT",0.0142178253090488,0.0137389027489339,0.00349952861323882
"T>C_ATA",0.00600483638855218,0.0182434389178229,0.0272241233374317
"T>C_ATC",0.00425937096459902,0.00614126400620984,0.0110359063405175
"T>C_ATG",0.00326526816625502,0.00884858963600471,0.0218591032991192
"T>C_ATT",0.00715202117917548,0.0163065366355558,0.0127700046323451
"T>C_CTA",0.00872505693350828,0.00617781158450398,0.0190735864465536
"T>C_CTC",0.0311721547531542,0.00692080494538968,0.00979539015106782
"T>C_CTG",0.02048005004172,0.00449487906985352,0.0234882223472367
"T>C_CTT",0.095475305106373,0.010212759495102,0.0130769576181575
"T>C_GTA",0.00226576967563726,0.00540359364477748,0.0443813925299516
"T>C_GTC",0.00723550997263248,0.00425555122038165,0.0198436829295275
"T>C_GTG",0.00488180076210769,0.00337149690703906,0.0295458135638202
"T>C_GTT",0.0095436592064952,0.00778062673620898,0.029485941735218
"T>C_TTA",0.00972988077966166,0.0108998620091109,0.0284416501223706
"T>C_TTC",0.0103710565649562,0.00670842725091493,0.0206976685594869
"T>C_TTG",0.0059343911363062,0.00399118042854097,0.0157240548657654
"T>C_TTT",0.0167064815050549,0.0101909631736845,0.0253967954279899
"T>G_ATA",0.00365896283233455,0.00565079330232847,0.000673064024408458
"T>G_ATC",0.00436598664870192,0.00148423315024705,0.00125474844371167
"T>G_ATG",0.0026659564674643,0.00399207390572837,0.000794261948114894
"T>G_ATT",0.047769151672827,0.00378721563590476,0.00130151635147203
"T>G_CTA",0.00306975494829378,0.00315255769983756,0.00075417704354408
"T>G_CTC",0.0143140683493774,0.00219004668554454,0.00362134547147523
"T>G_CTG",0.00797601313342928,0.00418429336901164,0.00429462327562988
"T>G_CTT",0.220935950511594,0.00776693502465466,0.0010992253257288
"T>G_GTA",0.00109587840614326,0.0022541250833495,0.000710745516138314
"T>G_GTC",0.00383468910605381,0.00115409223754034,0.00184239236214615
"T>G_GTG",0.00277755124071346,0.00381358511038596,0.00208172017032313
"T>G_GTT",0.0560742486894077,0.00331591105982741,0.00767873769003291
"T>G_TTA",0.0061757477441455,0.00739580320718874,0.000435763766367577
"T>G_TTC",0.00755089509488457,0.00271488343902719,0.000903712065067376
"T>G_TTG",0.00489868704364095,0.00580711099162798,0.00154154079591762
"T>G_TTT",0.0945669673625428,0.0110652269549827,0.00169254126485543
