"","Signature1"
"C>A_ACA",0.0173296504989199
"C>A_ACC",0.0125206869705377
"C>A_ACG",0.00292988604977699
"C>A_ACT",0.0117706361420146
"C>A_CCA",0.0179935824296455
"C>A_CCC",0.0138040429000999
"C>A_CCG",0.00291276761443501
"C>A_CCT",0.0136615648459458
"C>A_GCA",0.013291543282015
"C>A_GCC",0.011261560210998
"C>A_GCG",0.00355431389894425
"C>A_GCT",0.0101699307572662
"C>A_TCA",0.0140953196614576
"C>A_TCC",0.0147990190342855
"C>A_TCG",0.00344923304199877
"C>A_TCT",0.0180665333002568
"C>G_ACA",0.00587425692860022
"C>G_ACC",0.00319693364111214
"C>G_ACG",0.000746100421225832
"C>G_ACT",0.00653845221986964
"C>G_CCA",0.00438468969330289
"C>G_CCC",0.00467069924378608
"C>G_CCG",0.00204315109906164
"C>G_CCT",0.00636279073720639
"C>G_GCA",0.003188506103713
"C>G_GCC",0.0033373048109165
"C>G_GCG",0.000657347917991178
"C>G_GCT",0.00339656093325417
"C>G_TCA",0.0038548082793322
"C>G_TCC",0.0051987371339507
"C>G_TCG",0.000508549210787681
"C>G_TCT",0.00956420150670326
"C>T_ACA",0.0152346173736033
"C>T_ACC",0.00870327588927275
"C>T_ACG",0.0121040505903679
"C>T_ACT",0.0116718759381185
"C>T_CCA",0.0184526198573547
"C>T_CCC",0.0127118867252806
"C>T_CCG",0.00832719703283629
"C>T_CCT",0.0220527584900482
"C>T_GCA",0.01331524573095
"C>T_GCC",0.0123110519777342
"C>T_GCG",0.00848653016178872
"C>T_GCT",0.0141182320287615
"C>T_TCA",0.0140942662192827
"C>T_TCC",0.0127692993238123
"C>T_TCG",0.00583870325519761
"C>T_TCT",0.014440058613191
"T>A_ATA",0.00860846609353246
"T>A_ATC",0.00765773453069242
"T>A_ATG",0.00907040048722262
"T>A_ATT",0.00995660871685054
"T>A_CTA",0.00693823352524116
"T>A_CTC",0.0116616048769133
"T>A_CTG",0.0147131634970318
"T>A_CTT",0.0113126521564803
"T>A_GTA",0.00497830435885454
"T>A_GTC",0.0046709626043298
"T>A_GTG",0.00622083940413969
"T>A_GTT",0.00569411831669369
"T>A_TTA",0.00890105965760873
"T>A_TTC",0.0094514831939898
"T>A_TTG",0.00719342989210876
"T>A_TTT",0.0108351794907105
"T>C_ATA",0.0441057803397816
"T>C_ATC",0.0160020499980122
"T>C_ATG",0.0289791407899633
"T>C_ATT",0.031216651969434
"T>C_CTA",0.0149530849523634
"T>C_CTC",0.0185524335034257
"T>C_CTG",0.0195031650662658
"T>C_CTT",0.0209785108322021
"T>C_GTA",0.0222410612788102
"T>C_GTC",0.0122857693655368
"T>C_GTG",0.0176283013555017
"T>C_GTT",0.0181020869736594
"T>C_TTA",0.0227396027880778
"T>C_TTC",0.0170441676695241
"T>C_TTG",0.0151329602037262
"T>C_TTT",0.0181479117082672
"T>G_ATA",0.00393934701386729
"T>G_ATC",0.00256644849943925
"T>G_ATG",0.00475945174702073
"T>G_ATT",0.00521058835841824
"T>G_CTA",0.00143663176686756
"T>G_CTC",0.00535016944659143
"T>G_CTG",0.00599961654741237
"T>G_CTT",0.0116284214484042
"T>G_GTA",0.000684210693450926
"T>G_GTC",0.00173212229692477
"T>G_GTG",0.00273815957394666
"T>G_GTT",0.00417847838756777
"T>G_TTA",0.00480395967890992
"T>G_TTC",0.00459827509426225
"T>G_TTG",0.00422298631945696
"T>G_TTT",0.0109091838034966
