"","Signature1","Signature2","Signature3","Signature4"
"C>A_ACA",0.0361172505798594,0.0043586943163745,0.0155388043409334,0.00947678799131977
"C>A_ACC",0.0269529816634659,0.00382402418139919,0.00977539859429936,0.00939107920234947
"C>A_ACG",0.0075854703025134,0.000429282221162562,0.001901722240736,0.00167649336232105
"C>A_ACT",0.0254779064144111,0.00540126262069385,0.00924912374956111,0.00696540935663892
"C>A_CCA",0.0328135840772177,0.00713434671020663,0.0163748679698833,0.0135312356759205
"C>A_CCC",0.0265957744350915,0.0110048015398217,0.010775358538549,0.0100465492486725
"C>A_CCG",0.00501538771553567,0.0025221107272989,0.00212157302078158,0.0021079446702065
"C>A_CCT",0.0254573594769052,0.023087284525739,0.00782750588439002,0.00993080452942235
"C>A_GCA",0.0332297454876991,0.00263621140525262,0.00963014091797877,0.00843195587264644
"C>A_GCC",0.0261094167756161,0.00315919990673388,0.00817353642055139,0.00873954988460347
"C>A_GCG",0.00889526123661663,3.11307828816269e-09,0.00239816556845071,0.00231276332413368
"C>A_GCT",0.0247059508989862,0.0096266097264507,0.00546132285912942,0.00649637809985408
"C>A_TCA",0.0303829060429119,0.00376637351750868,0.0114978261787634,0.00994151558885127
"C>A_TCC",0.0295795156658849,0.00403291254845498,0.013308974010107,0.0082762779471202
"C>A_TCG",0.00638744479691664,0.000833285388124212,0.00312139928787656,0.00153074979098536
"C>A_TCT",0.0389431423120439,0.00944954707541982,0.0138000209754681,0.0113505858439193
"C>G_ACA",0.013151837707608,0.00258848923365246,0.00435238462630748,0.00301572099913148
"C>G_ACC",0.00783626664824739,0.0016061986830412,0.00212473164876196,0.00143104045976969
"C>G_ACG",0.00236935322536379,0.000480078897639097,8.45044487353162e-22,1.52763695805001e-05
"C>G_ACT",0.0117738383376212,0.00392814389340379,0.00585837382690371,0.00286141897105952
"C>G_CCA",0.0102765282408574,0.000230065188492625,0.00331862338682312,0.00256628894796488
"C>G_CCC",0.00984554705960385,0.000984998181473177,0.00409035841236697,0.00228673702131776
"C>G_CCG",0.0042162397495532,1.62875329833964e-21,0.00176174283376598,0.00059283773144672
"C>G_CCT",0.0114235017194967,0.000220550575325171,0.00622863388477627,0.00392405459396314
"C>G_GCA",0.0069875907674506,0.00151193830425483,0.0024139121182368,0.00112182938563039
"C>G_GCC",0.00756735491145447,0.00140634898744828,0.00222706784487029,0.00125676096294539
"C>G_GCG",0.00215057989332978,2.85536831010166e-11,8.45044487353162e-22,0.000171472585690373
"C>G_GCT",0.00786915115959373,0.000312537388242427,0.00245256381093117,0.00165429367220731
"C>G_TCA",0.00498149211914224,0.000441092286618969,0.0043260855331936,0.00220620162514124
"C>G_TCC",0.00975794407027648,0.000765568235511953,0.00524073370410323,0.00156776152195007
"C>G_TCG",0.00156748250151578,9.5480118146852e-05,8.45044487353162e-22,8.978527743206e-05
"C>G_TCT",0.00953386771694704,0.00384657845827591,0.0118368754744232,0.00443429763106396
"C>T_ACA",0.0196875111537949,0.0269535359434182,0.0122986204311416,0.00797628829988536
"C>T_ACC",0.0110172201498278,0.0212727442687422,0.00577755749771203,0.00356445844081814
"C>T_ACG",0.0128771951511652,0.0556001499299047,0.00278852692214778,0.00469916500065501
"C>T_ACT",0.0169800162948764,0.0195578473199404,0.0091591729649155,0.00556145956528508
"C>T_CCA",0.0173490965448245,0.0271923135941921,0.0186827152054454,0.0102783722261468
"C>T_CCC",0.0128301110438007,0.0420158983228694,0.00625129564475704,0.00897903621451797
"C>T_CCG",0.00786638041184746,0.041712041384518,0.00138952401609716,0.0043630649800927
"C>T_CCT",0.0171977639693323,0.0514298135472769,0.0194389278264091,0.0110199544398907
"C>T_GCA",0.0111589708133881,0.0378403332518091,0.00986342798838373,0.00500901861259459
"C>T_GCC",0.00924864518254625,0.0500886822503508,0.0057602389823485,0.00562317561748023
"C>T_GCG",0.00762755557431029,0.0479653026344582,1.03057422154092e-18,0.00376668067201731
"C>T_GCT",0.0107388522341225,0.0501975838825382,0.00839591291749138,0.0061962834180804
"C>T_TCA",0.0108167316909301,0.019209343725889,0.015354827855297,0.00702043002398769
"C>T_TCC",0.0148390167238368,0.0269024548392017,0.0102174823838306,0.00456071241449588
"C>T_TCG",0.00568055370187542,0.0214271857394946,0.00254929936687533,0.00228962377736073
"C>T_TCT",0.0128617615977296,0.0167400197278961,0.0162729561497646,0.00624048657627042
"T>A_ATA",0.00605727830956687,0.00395833871399466,0.00580170899880893,0.0324424453465366
"T>A_ATC",0.00700200117732718,0.00673978488237827,0.00731024945904417,0.010643522550189
"T>A_ATG",0.00731028029027512,0.00334512225159433,0.00429320117022782,0.0434518105719258
"T>A_ATT",0.0144218687437513,0.00532582132757254,0.00871198977730258,0.0140154649956683
"T>A_CTA",0.00141726104920454,0.00360971321751172,0.00044355430434932,0.0524223134995098
"T>A_CTC",0.00643320424708513,0.00480531580317282,0.0102048693533026,0.0364384076229671
"T>A_CTG",0.000297692516877292,0.00477498579913295,1.37716799536901e-07,0.126423240203302
"T>A_CTT",0.011706368983319,0.00316856867332194,0.00698212672961247,0.0418607143482925
"T>A_GTA",0.00285961383386614,0.00297243143471668,0.00012862739899792,0.0335032750486428
"T>A_GTC",0.00478802690574307,0.0027409191205363,0.00413921604931562,0.00780689672574735
"T>A_GTG",0.0053812553933761,0.00285353831956626,0.00192017356437627,0.0316340863400528
"T>A_GTT",0.0084642157328034,0.00455849087253663,0.00364557241530887,0.0112382971040117
"T>A_TTA",0.00768931576138093,0.00462092067172089,0.00638334727019136,0.0297677773725662
"T>A_TTC",0.00495467442380383,0.00540823673737026,0.0100771214005887,0.0191127734751295
"T>A_TTG",0.00330856994606664,0.00333074280201719,0.00228000695995108,0.0418505451043416
"T>A_TTT",0.0132297694535054,0.00593139030233947,0.00891963334031978,0.0220313064586161
"T>C_ATA",0.0166800406965076,0.0156173991320602,0.0663340850965613,0.0267587296988395
"T>C_ATC",0.00450962722178706,0.0104583559746598,0.0239475728448783,0.00685777655969744
"T>C_ATG",0.0106996401727618,0.0198405384974339,0.0415621572604246,0.0134705331718569
"T>C_ATT",0.020741197635515,0.0116413852700882,0.0439556844023806,0.0142127684875541
"T>C_CTA",0.00453759679577397,0.0114754756460217,0.0211061883506204,0.00796240377952863
"T>C_CTC",0.00545147900722882,0.00992591113431703,0.027993217099079,0.00730131909405779
"T>C_CTG",0.00605690669663733,0.015177219554992,0.0279090047752342,0.0090402733474099
"T>C_CTT",0.00986662126162041,0.00892748869030926,0.0307513966581811,0.00968433824250927
"T>C_GTA",0.000813844781560468,0.0266175620259602,0.032252056358879,0.0091606312691323
"T>C_GTC",0.00264813644010363,0.0145028671615182,0.0170055523240362,0.00426083819566935
"T>C_GTG",0.00171972285514425,0.0196323168462395,0.0253384126824064,0.00728118253956103
"T>C_GTT",0.00384576441776556,0.0221718751328005,0.025068124038546,0.00815079827087241
"T>C_TTA",0.0021308418774828,0.0133334737062897,0.0357139854978208,0.0104198139071414
"T>C_TTC",0.00556140123352495,0.0108589381018499,0.0253507948501414,0.00616831322400815
"T>C_TTG",0.00225756464095917,0.0114348069763679,0.0228810217693179,0.00590211831036296
"T>C_TTT",0.00672589062264126,0.0121425198137772,0.026076226019801,0.0081331583831912
"T>G_ATA",0.0047479600141325,0.00183147482638789,0.00398501022345602,0.00339919557945866
"T>G_ATC",0.00206749781181539,0.000469411468536319,0.00329794237476913,0.0010211587561935
"T>G_ATG",0.00674057429058293,0.00134498592428039,0.00502957885171266,0.00249739240236087
"T>G_ATT",0.00467509920765314,0.00214880651215972,0.006596373206336,0.00193131771931369
"T>G_CTA",0.0025758764456141,0.00124142872429551,0.00067096078974466,0.00160726190682689
"T>G_CTC",0.00300436090303604,0.00205905485495257,0.00740239775931831,0.00254108349893604
"T>G_CTG",0.00725199925743646,0.00294411650847891,0.00615627883523473,0.00536104276287257
"T>G_CTT",0.010244353641929,0.00415604732624199,0.0153910323071289,0.0061310884018838
"T>G_GTA",0.0016218872920687,0.000706937083329393,8.58549673953412e-07,0.000461256715180773
"T>G_GTC",0.000910849654860507,0.00056837128171204,0.00232112765347607,0.000466012061634145
"T>G_GTG",0.00656034775794669,0.00313371126842725,0.000881442807870386,0.00263919184381738
"T>G_GTT",0.00499916863829964,0.00309602151949168,0.0044360773352326,0.00176205585227
"T>G_TTA",0.0049473124835868,0.00321304642225149,0.00506033095049581,0.00438034487623504
"T>G_TTC",0.00437467965935087,0.00161361716726028,0.00579162276172888,0.00180617374463461
"T>G_TTG",0.00738170457738556,0.00180256392884416,0.00368934017414808,0.00332767823701105
"T>G_TTT",0.0139935992913904,0.00197868224288287,0.0134142956673288,0.00470980396764119
