"","Signature1","Signature2","Signature3","Signature4","Signature5","Signature6","Signature7","Signature8","Signature9","Signature10"
"C>A_ACA",0.0449866303930516,0.0389287325119011,0.0166651769761417,0.00560022306849656,0.00423016514606321,0.0144677219733675,0.0367233554506122,0.013355481977116,0.0378481682966847,0.00446321697878944
"C>A_ACC",0.0138878179215105,0.0213202172672931,0.0245622718632074,0.000862761374449929,0.00271288062802896,0.0131778738783493,0.0261554737658418,0.0121405030262879,0.0341832179582017,0.00484894178524381
"C>A_ACG",3.16288474310746e-11,0.00965339610301067,0.0036567530715541,0.000662727738213066,0.00107852754578255,0.000551808265065664,0.00525644705333413,0.00107263140937064,0.0196867048014152,1.61205985622919e-06
"C>A_ACT",0.027233996881678,0.0173939572042377,0.0135002927691508,0.00527303760513006,0.00227755594733077,0.0131488207395214,0.0234554692597238,0.0118746231709386,0.0302137133720817,1.5043851253618e-06
"C>A_CCA",0.0422264966958998,0.0612093879088418,0.019736941027111,0.00541041948926221,0.00780555085216251,0.00466312421015613,0.0523717668404887,0.012325258567331,0.042449715848511,0.00242492140704337
"C>A_CCC",0.0112488859060067,0.0378171096797601,0.0132968747087589,0.00248238771390659,0.00597151264804631,0.0105443548525603,0.030693519825986,0.00775331702081109,0.0702359802198597,8.00148314707376e-08
"C>A_CCG",0.00501660529585524,0.0144351822730784,0.00175917508902972,0.000609180540848314,0.00142689934332422,6.3502013467642e-22,0.00862850214342873,0.000325801467436267,0.00716839556210254,0.00165895981879807
"C>A_CCT",0.0199678128079475,0.046819523507196,0.0232334005381995,0.00111189895703816,0.00822866512984598,0.00630246135783998,0.0374688983816638,0.00530516596882879,0.0454933281650607,0.00518569539123484
"C>A_GCA",0.0480794048138057,0.0727920423610292,0.0060563690518198,0.00841298238720214,0.00711107125667381,0.00477275771601502,0.0619847895651028,0.0120344397842921,0.0264996856329388,0.00653785284803816
"C>A_GCC",0.0120247511735963,0.0249793115825467,0.0117452276248656,0.00334276389135527,0.00323203339333993,0.0099968416177117,0.0191586257337264,0.0067160184935385,0.0433764546297982,1.25604840108239e-07
"C>A_GCG",1.81284540070541e-09,0.0164389305172203,0.00281643606584043,0.000991764217294749,0.00141795121033444,6.3502013467642e-22,0.00880357402481739,0.00224979856436473,0.022832665030745,7.94739709013505e-22
"C>A_GCT",0.0343909055641221,0.0466996735832527,0.0119058825264196,0.00684918669216235,0.00454143290293864,0.00682715398396956,0.0396149391171862,0.00733478980105886,0.0200915314967923,1.63811789369503e-06
"C>A_TCA",0.0361607049628389,0.0499386734361377,0.0149864626928004,0.00597853397009092,0.0344858217283389,0.0103334823325278,0.0459774838018496,0.0205571766057805,0.0269723207754344,0.00830807572496231
"C>A_TCC",0.0197321847210496,0.040225519777963,0.0124616757378549,0.00182382755935384,0.0174954743498099,0.0127175531662849,0.0332510625078886,0.00896674264048647,0.0562697798186732,0.00540446460960767
"C>A_TCG",0.00584542503695483,0.0121473570692081,0.00352800833867682,0.00172445213463193,0.00258354720086339,0.00140737329870881,0.00762233212583857,0.00234674205187859,0.0091004981053819,0.000567615475877372
"C>A_TCT",0.0680506738492206,0.0657254284258081,0.00938944247045868,0.0105728164167225,0.019291064878039,0.0185932860240221,0.0634432711896175,0.0224382504508472,0.0304638151283159,0.00561117829555517
"C>G_ACA",0.0102246126734713,0.00461778213857032,0.00859111809480737,9.31073779665975e-22,0.0041054004024711,0.00654028380294135,0.00383298372370076,0.00364420844895413,0.011339459258784,0.00687543226544098
"C>G_ACC",0.0065908780767479,0.0032567365670821,0.004636118765419,8.83559208321797e-09,0.00251734680326896,0.00351331456816817,0.00216779306917482,0.00173832052421678,0.00595208296890806,0.00305765403053257
"C>G_ACG",0.00257865549640524,0.00141060246087082,0.00134308706895462,8.1450809118526e-19,0.000380912919205088,2.77858309426362e-05,0.000594393602758459,0.000379982331788075,0.00350799319015243,0.0021962855850262
"C>G_ACT",0.0145286306066245,0.00577681973992157,0.00964027100801009,9.31073779665975e-22,0.00495253906632373,0.00761896276476326,0.00490829426003475,0.00368864156267534,0.00526771300209828,0.00682006385673086
"C>G_CCA",0.0104405779143747,0.00304948876857933,0.00767478129801774,0.000715386767518356,0.00473763464510215,0.00337911919273766,0.00283812227708132,0.00254016657148223,0.0125127327044016,0.00132582544192835
"C>G_CCC",0.00702957302668306,0.0091640306020831,0.00761037475379261,4.46686249356542e-06,0.00213378752181318,0.00113751466287779,0.00677396122460229,0.00335160949314995,0.00883596366132966,0.00442211582007002
"C>G_CCG",0.00321017218905983,0.00417968549241151,0.00210211344375535,1.5584465929035e-12,0.00109465869090148,4.03787206748701e-16,0.00229673767947509,1.01946000266559e-11,0.00665162245863659,0.00217576178317336
"C>G_CCT",0.0135345111641161,0.00616161837236032,0.0112682307564588,6.81984142368858e-15,0.00476583393331259,0.00173192209749236,0.00481795740250919,0.00374810038298128,0.0107657122622501,0.00838593552650154
"C>G_GCA",0.00217724573414328,0.00841839767925971,0.0072138923720509,2.96672639248136e-05,0.00167107503106901,0.00228677692962387,0.00520805359646741,0.00173687029143874,0.00557672342716209,0.00467982246232836
"C>G_GCC",0.00478525350582517,0.00330994674484101,0.00213297213439733,9.31073779665975e-22,0.00166914189465446,0.004965130230406,0.00059973275226206,0.00186246016860952,0.0113253647296958,0.00153873614784054
"C>G_GCG",5.70018502220665e-22,0.00253772810529247,0.00114928662719439,0.000398377494402023,0.000750140524576781,6.3502013467642e-22,0.000893131844841754,0.000141242403999778,0.00664353777352948,1.25587777751489e-21
"C>G_GCT",0.00838213465657704,0.00281097076949898,0.0063269128276488,2.65695039348447e-08,0.00342961173698677,0.00388400111755997,0.00268650204990864,0.00128645262249759,0.0069833789833534,0.00592002151062956
"C>G_TCA",0.0430831277746054,0.00128891164049915,0.0042377891389238,0.00237621551555572,0.156592714406041,0.00778518637939151,0.0160544488171237,0.0165126886584032,0.000908789142584083,0.00489597953634691
"C>G_TCC",0.0191647100350944,0.00952288685496954,0.00442526065609614,4.72515636037018e-14,0.0377662613884451,0.00504968194396909,0.0077478682878476,0.000653632123635272,0.00919484248216491,0.00459689670704408
"C>G_TCG",0.00147390494021187,0.00401342816398446,0.00106650684448196,0.000227412614512659,0.00632189790379061,0.000515723846267343,0.00203572253746557,0.000541301945619325,0.00212078466384123,0.000159509581176496
"C>G_TCT",0.0494054667592265,0.00660912623054342,0.0147011679870255,1.61572073358603e-07,0.193466879821338,0.00611227244880778,0.019139180521792,0.0372207123207291,0.000469736462359749,0.0175207353265855
"C>T_ACA",0.0134528885794069,0.00393662570257225,0.0161414924033414,0.00465900340618947,0.00554552682597375,0.0323300100555164,0.00539444574331953,0.0116425047521342,0.0177089316071529,0.0148973540786168
"C>T_ACC",0.00763760014541737,0.00292211497028649,0.0073630771931035,0.00187174801024507,0.00265956557499807,0.0117037120154966,0.00191887862612429,0.00416421140283819,0.00937971349587851,0.0105078881300661
"C>T_ACG",0.000797310801445994,0.00710653525576445,0.00837148350210521,9.31073779665975e-22,4.24213272606707e-06,0.126908259454774,2.86358911754531e-06,0.0135062904693045,0.00282248546970356,0.0289088352752148
"C>T_ACT",0.0143855329503053,0.00494068801762114,0.0153748684656735,0.00379143720054284,0.00310857045139647,0.015059874282302,0.0127341065255968,0.00761633393239839,0.00848015182162113,0.00796309604102631
"C>T_CCA",0.00294386430893846,0.0221080000371473,0.0243868596541636,0.0121260250691142,0.00922289980008533,0.0185578031863509,0.0131451361000795,0.0171535139666401,0.0158587511848835,0.0106683958160951
"C>T_CCC",0.00436940733252139,0.0111242231711617,0.00796517145665944,0.00342616881999814,0.00544402610673094,0.0189919409081912,0.00422601075788298,0.00111985660497119,0.0146418339647489,0.00995076161904278
"C>T_CCG",0.000271990021786154,0.0104093539262653,0.00265215555932994,0.00387043139987661,0.00378200038729767,0.0763202761235465,0.00176653512537669,0.00870161475545864,0.0078869089517982,0.0166032999975134
"C>T_CCT",0.00974482948308645,0.0162158898072646,0.0228672436853624,0.00423705891967088,0.00698249443332518,0.0214285405156495,0.0150064113762225,0.0133514016376632,0.0204339383303417,0.0139196019027191
"C>T_GCA",0.00178278677668511,0.0107639688066306,0.0104658317181693,2.60859835426545e-13,0.00642225887550543,0.0243669953931687,0.00128017964205325,0.00386252657332227,0.00927252760700885,0.0195966275037827
"C>T_GCC",0.0016858841532528,0.00744258298750467,0.0048207449318793,9.31073779665975e-22,0.00577846593773931,0.023421811938566,0.00213374925096323,2.31432580324063e-05,0.0092960768734498,0.0169241421069668
"C>T_GCG",0.00273456125909847,0.00786512278385311,4.07198036416056e-06,0.00109941200553672,0.00258894814322675,0.08314019087876,0.00147293574368175,0.0067329160335043,0.000428936717163379,0.0203587879197607
"C>T_GCT",0.00404323069695042,0.008177486310676,0.0127281083346009,1.65534440379513e-09,0.00439887083257466,0.0196993265931132,0.00465900471431302,0.0038338303160193,0.00932772405646452,0.0115768054055716
"C>T_TCA",0.0138059997271414,4.61270269382808e-06,0.000541688703237373,3.46834408121844e-06,0.19022358076139,0.000606399252346359,0.0208619046666822,0.274733571043429,5.10432293546252e-05,0.0386250833848559
"C>T_TCC",0.0041235147229297,0.00933182833124098,0.0091872499237992,0.00593936869307833,0.037795504667227,0.0129988668503744,0.00930762978548837,0.0548988685734725,0.00364104773689801,0.022829009399141
"C>T_TCG",2.32896187245416e-05,0.0048745545588462,0.00270296315606796,0.0060390586742544,0.0167300573261809,0.0610448352736325,0.000304466975228714,0.0370198981099955,5.56657490099411e-05,0.0156217503477074
"C>T_TCT",0.00542147793843681,0.00240346977806109,0.0172985324542607,0.00590495667360842,0.0846129192889954,0.00506126376615475,0.0115018051257271,0.155782429991689,0.00735250090391437,0.0278961247645769
"T>A_ATA",0.0129418755672634,0.0017483348245856,0.0063557961857767,0.00100958719644464,0.00307694878363722,0.00913252912876674,0.00564861915209983,0.00352096108363833,0.00726998170875531,0.00535792842081404
"T>A_ATC",0.00812532555713837,0.00463913692559263,0.00773405635927815,0.00349393671516732,0.000800237231710454,0.00455213038928015,0.00870450356250666,0.00412004914456277,0.00438083663212472,0.00660950453496584
"T>A_ATG",0.00812251976095563,0.00763754327463142,0.0103569114266727,0.0020972844529327,0.00103560363654274,0.00785102889138053,0.0106006972364101,0.00638552503213061,0.010904697643726,0.00594671812327569
"T>A_ATT",0.0181833614908828,0.00289213771654354,0.0104860405715393,0.00354397667102648,0.00121553475675166,0.0122028543322833,0.0116868330906129,0.00797025279433078,0.00610592289446124,0.0101749342333789
"T>A_CTA",0.0104202436448977,0.00165426199261676,0.00380089568707898,0.00156137794561752,0.00105734061094672,0.00507744529437957,0.00567288885990354,0.00370112840999299,0.0104160944191004,0.00214656560885193
"T>A_CTC",0.0117156824829255,0.00448852718171731,0.0134813362675691,0.0124963207611888,2.4765825397328e-05,0.00564915038791704,0.0103589388924966,0.00470547772948686,0.0146625715425618,0.0139735171256231
"T>A_CTG",0.00206678104625222,0.0210316006428869,0.0168167806236069,0.00598209112950244,0.00305887483106004,0.00199417746188944,0.0196357900056472,0.0037622099611407,0.0363512933971622,0.0137444680647294
"T>A_CTT",0.0198399484659956,0.00639211523630029,0.0179624044316044,0.0239928081408841,0.000443901153346944,0.00626968634630069,0.0167688001520051,0.0111999279770159,0.0147019721150897,7.94739709013505e-22
"T>A_GTA",0.0023187363941205,0.00535412158431624,0.00669428333799998,0.000570983236629325,0.000429359660196418,0.00311721724026406,0.00872573923694416,0.00405451009343478,0.00660554355757952,0.00188602248935701
"T>A_GTC",0.00506308535101984,0.00401000579141014,0.00599080353947989,0.00346659503020363,0.0015798419440888,0.00260364722784429,0.00646570694675197,0.00220663864716387,0.00569148044188757,3.16802239420022e-14
"T>A_GTG",0.00506092873507693,0.00721852275597129,0.00886384150894516,0.00223437147578743,0.00180766433685554,0.00364163761220187,0.00568072213940961,0.00267389477338435,0.0150415895078875,0.00398525532661966
"T>A_GTT",0.0146202185616244,0.00815808509541837,0.0090271623689458,0.00473128447019145,0.000392590325094774,0.00305491603061228,0.0125810449774169,0.0057421359443097,0.00454540481262739,3.24513326634695e-10
"T>A_TTA",0.0128451192286523,0.00418180617591735,0.0100182661337472,0.0015724796694984,0.00165087119718933,0.00998379737900328,0.00814835648985747,0.00657830953081698,0.0057487330985454,0.0050724723661019
"T>A_TTC",0.00666358412327438,0.00461376779169404,0.0110245141399104,0.00481458991122902,9.83765762283386e-05,0.00522140525301711,0.0090327987609179,0.00428344341896659,0.0052616917198788,0.00787979521695766
"T>A_TTG",0.00610246720282772,0.00428956801157015,0.00907851522760754,0.00208732016546607,0.0016122168621529,0.00342040059059521,0.00627676244853913,0.00169193844116592,0.00914924184975349,0.00625068360662494
"T>A_TTT",0.0196875890422405,0.00170630126056789,0.0113491869145903,0.0113460128506473,2.85153207692762e-07,0.00921394934623612,0.0155539432005338,0.00813083183683144,0.00842556313798979,0.014008166124686
"T>C_ATA",0.00396248533414272,0.0192451681000633,0.062959158746258,2.17164823230534e-05,0.0048048251702162,0.0138074563631692,0.0207446492398872,0.00709514163951,3.03322881811331e-05,0.0285315801811482
"T>C_ATC",0.00692374986244846,0.00432484051724051,0.0172705936993384,0.00687346965491698,0.00192066658932241,0.00638341685520554,0.00508639264726749,0.00321277725627197,0.00136331564691964,0.0108002971068502
"T>C_ATG",0.00561264771536175,0.0107962421068796,0.0296325278440732,0.00274067484389027,0.00265364427786241,0.014717513199963,0.0102363971169318,0.00452750815341409,0.00733531450508556,0.0230058022744768
"T>C_ATT",0.0173395317645863,0.00761089004274456,0.0430893339345561,1.84622943877226e-06,0.00253940656491425,0.0144131538736573,0.0134982077528574,0.0104125146745119,0.00198831520182025,0.024065615942568
"T>C_CTA",3.5664925969557e-05,0.00613078422868956,0.0115231527041326,0.0124480136940469,0.00278821044647599,0.00549091023908663,0.00585313186026024,0.000164396634367465,0.00425979347124767,0.0202057262565953
"T>C_CTC",0.00757166783732455,0.00699363407440871,0.0183137157929839,0.0397739191152264,1.00272354916464e-09,0.0047726928435893,0.00923703324183739,0.00403404285309175,0.00139376913840863,0.0233726312513684
"T>C_CTG",0.000305921542412813,0.00752977942774912,0.0150195604527715,0.0323404497860837,0.00417211391181133,0.00666550459224893,0.00448060662025373,6.71908522858714e-05,0.013637425889729,0.0236262307921431
"T>C_CTT",0.0130435075918715,0.00435978368962653,0.0270418156717465,0.0655298980885409,0.00411179755842515,0.0115413167828379,0.00359486237085378,0.00724708963877355,0.00514251459725347,7.94739709013505e-22
"T>C_GTA",0.00106777123236969,0.00663889171259834,0.0147728481123674,0.000329107971510801,0.00306948255200033,0.0106261286401699,0.00538539172949515,2.50585166788738e-13,0.00445273733800521,0.0167098965621764
"T>C_GTC",0.0047838470707839,0.00380543676997368,0.00991349433897994,0.00739688338677169,0.00143430065833155,0.00728707136709816,0.0036461386937947,0.00251571092075806,0.000371877093886656,0.00786853636179815
"T>C_GTG",0.00320905990790302,0.0103547205349944,0.0112256330366823,0.00540055393557968,0.0034225419031813,0.00708957899900964,0.0078586863816523,2.72631208776849e-18,0.00214425089258618,0.0124922374843693
"T>C_GTT",0.0120716146614953,0.00235055866666158,0.0105954287142559,0.00508178130140653,0.00300965978812179,0.0146371169246216,0.00268778701517951,0.00350778852867591,0.00300100603760027,0.00406253596661667
"T>C_TTA",0.000752833098565387,0.00399955682973415,0.0184073747260884,0.00429071047848844,0.00215705444275452,0.0093340339850133,0.00416499050552018,0.00200891236169344,0.00145058157629362,0.0199364472038786
"T>C_TTC",0.00547367479987727,0.00506613799042467,0.0115830024324545,0.0189296067044234,5.1393716969044e-07,0.00241832372865137,0.0065502028108403,0.00228788211624242,0.000309613453206162,0.0306534784268845
"T>C_TTG",1.89648454926108e-05,0.00558382145003815,0.0128945065873458,0.00957764214358912,1.15782291828935e-13,0.00548061361566234,0.00314758579179715,0.000860803847197186,0.00247910524214739,0.0209887124011603
"T>C_TTT",0.00947730919784183,0.00490253986107472,0.0115667090290611,0.0131139737226071,0.00156081658122829,0.00956552941962904,0.00528403847941023,0.00382908066802887,0.00170391167891934,0.0233342951221911
"T>G_ATA",0.00676813548072298,1.78600894560278e-07,0.00371511668668653,0.00590776391575982,0.000820815677237831,0.00607741314512486,1.14110338861688e-08,0.00307871253946606,0.000441211323088223,0.00415942250030927
"T>G_ATC",4.19086892444097e-12,0.000299973192332944,0.00182796623966936,0.0114995815978768,5.09962438126325e-22,0.00165281345497529,0.00118987177164378,5.37504103024166e-22,1.3781939667224e-06,0.00762191237469733
"T>G_ATG",0.00828133436137427,0.00078446547228466,0.00663965740050518,0.00463604726518352,0.000192613383667253,0.0024779329025141,0.00264745659830722,0.0025797592013659,0.00269754731705861,0.0061111550954121
"T>G_ATT",3.54889067597407e-06,1.90902221127073e-16,7.85879276572141e-05,0.0523691536774387,5.03450419672177e-15,6.3502013467642e-22,0.00273555199044502,3.06112104224319e-09,4.58836789658113e-08,0.029955580923384
"T>G_CTA",0.00386092755309396,0.000153152749739156,1.10074145785562e-21,0.00574279599398241,4.93870682394297e-06,0.0024459119555338,0.000142781394979366,0.00270745331051129,0.000241345399385319,0.00385260884018634
"T>G_CTC",3.65506827306838e-08,0.00196720760936499,0.00630064573610778,0.0275422836680667,0.000303806511009214,3.98329076046558e-10,0.00299439058131826,5.37504103024166e-22,0.00105268037862062,0.0121860206144542
"T>G_CTG",0.00495055943841689,0.00748912520944086,0.00797765294920133,0.0168489122297998,0.00065028593821835,0.00231992896599767,0.00837677790122685,0.00268526971318647,0.00370425528916936,0.0147435084451672
"T>G_CTT",0.0109372576490738,0.000791473340964878,0.0185425846904483,0.219157610474236,0.00383592592232829,0.00473955124051999,5.01203775335559e-11,0.00507240423586145,2.36084323562828e-05,1.02301645656592e-07
"T>G_GTA",0.00245980054895494,3.87865437071696e-12,0.00155650729702022,0.000222896608965868,0.000523540412536497,0.0010176328382182,3.07684114898187e-05,0.000622286118726284,0.000197317190666411,0.00139438257389264
"T>G_GTC",0.000788387379295257,4.048523682336e-22,0.00464778052080515,0.00515288685344852,3.34308155565519e-05,0.000413196394075133,4.22068723695457e-22,0.000902223176403072,2.61212478156727e-22,9.83042780050873e-06
"T>G_GTG",0.010494265845265,0.00236420905487234,0.00314164009387401,0.00275946953667231,6.45112041084193e-16,0.00237943286442174,0.0025052464782113,0.00353013181512876,0.00338215033217434,0.00890815514602077
"T>G_GTT",0.00733129338384206,2.77238333512096e-05,0.0070099119756722,0.0540621994870527,0.00113320125953442,0.00186396350557856,0.00159990511919832,0.00324620747378902,0.000918494439326034,1.10416917738415e-11
"T>G_TTA",0.00839125959865494,4.048523682336e-22,0.00109124556940754,0.00979517040006602,3.51929952059102e-18,1.72179203349319e-09,4.22068723695457e-22,0.00196679548134054,2.61212478156727e-22,0.0173553829598987
"T>G_TTC",0.00178590736841066,0.00104415428143124,0.0018970066157149,0.0175747857456162,0.0002552208903968,6.3502013467642e-22,0.00335591820186886,7.56731516533529e-07,2.89124648998897e-09,0.0184657501941391
"T>G_TTG",0.00583364537686232,0.00228218909318637,0.00443222829874091,0.00788463270356059,0.000769125228157083,0.00370349055134078,0.00381153390634622,0.00107335728034471,0.00343280972869662,0.0124017128470295
"T>G_TTT",1.58958347909352e-09,0.000807864606773883,5.64068862780089e-22,0.131563716355865,1.72458987172946e-06,1.33418749475872e-15,0.00869108059191023,5.05226161786007e-05,2.09575047271796e-08,0.0697101980524552
