"","Signature1","Signature2","Signature3","Signature4","Signature5","Signature6","Signature7","Signature8","Signature9","Signature10","Signature11","Signature12","Signature13","Signature14","Signature15","Signature16","Signature17","Signature18","Signature19","Signature20"
"C>A_ACA",0.0368683671370231,0.0334937140624684,0.00315274217318307,0.0218489343817632,0.0412595167800178,0.0434513175468675,0.0160580726142638,0.0143476037544359,0.0680062828218499,0.0294551018087958,0.0285463174915604,0.0150178897114652,0.0196152824806583,0.0398646466756612,0.0436020912625722,0.00805989046059452,0.0478102762869398,0.00167569557124551,0.0011248290738469,0.026791801153071
"C>A_ACC",0.0425387541375974,0.0142507429822131,0.00243756581796974,0.0139639260922292,0.042655037625489,0.0235666270089356,0.0121093409406055,0.0127296642821263,0.00269190785217731,0.0159919711312041,0.0474952770754114,0.0321002040489201,0.0133670911922409,0.0364434023085432,0.0321894538738267,0.00525188600837294,0.0292452773231292,0.00274848211167545,0.00822162150936345,0.0247518425924691
"C>A_ACG",6.82803776849614e-05,0.0155300566111454,9.13504269542237e-22,0.00183146252032573,5.43097001272678e-06,0.0228675214624671,4.45625290819776e-05,0.00123708349459827,0.000105072059990774,0.0098718027281851,0.000647873380967994,0.0158692638608147,0.00106299573467479,0.0235711730906736,0.0141052620376764,0.000297348966952845,0.0173128091034865,0.000982458858265248,0.0011767859477151,0.0236939614474862
"C>A_ACT",0.0125067595079123,0.019504919302558,5.32765449817856e-14,0.0174017288826587,0.037817977161768,0.038750789212524,0.0261823659006789,0.00891687059536735,0.0251574299214251,0.00933006656526788,0.0179478355764426,0.0244351062521862,0.0116440147069976,0.0244363380511611,0.0237449734315182,0.00986961278621997,0.0198157721303074,2.11263962692283e-05,0.0157198303570215,0.0344015222661718
"C>A_CCA",0.0660493082147289,0.0264911966886688,0.00459616300474821,0.0177754011647604,0.0581048937398303,0.028298806246283,0.0158765186939073,0.00903391541505378,0.0672906375504033,0.0538126694864527,0.0302412084291066,0.0522655828492482,0.00653221077639771,0.0412636426017634,0.042895914328227,0.00186875159511784,0.0613088617138934,0.00345199170133799,0.0105481076929032,0.0436842909652803
"C>A_CCC",0.0343091547580998,0.0388476420085995,1.70215770700392e-17,0.0104546111010571,0.028212884057494,0.0775885312953184,0.0239059244802571,0.00776276950176067,0.0194889445887156,0.0187180419702894,0.0900896973300935,0.0172683207068978,0.00714151685966304,0.0797259953046834,0.0561511652969138,0.00412209763957676,0.055534443983267,0.00201806062456197,0.00758982385825652,0.0454653460243282
"C>A_CCG",0.0103981477214356,0.0113113257433853,0.00119354212493973,0.000911038551659193,0.00697431988739997,0.0119416378741333,2.32628809882639e-05,0.000382186342478408,0.0107691160518663,0.00679456415563876,9.6627091994736e-07,0.00226841764850451,6.7335158265918e-22,0.00529601745409727,0.00959831231195617,1.26983406594531e-09,0.0155421839732048,0.000414847785100193,0.00181066841697689,0.00558293092647569
"C>A_CCT",0.068093833029792,0.0317818611983372,0.0041657954946648,0.0144187703921227,0.00331485164842361,0.0365632842770084,0.0236096241428749,0.0147522846196156,0.0149908394179171,0.0383598982004301,0.0298445985601467,0.0587611560031344,0.00472805800009992,0.0279306291541781,0.0453539070898755,1.17076317345028e-18,0.0292021784506361,0.00275537078723206,0.00366324452950402,0.0867934328235061
"C>A_GCA",0.0611809382016449,0.0226016781308801,0.00390457479233584,0.0163966321052654,0.0501410460259668,0.0193122436590493,7.48694726469134e-05,0.00738099808532881,0.133801640716901,0.0448750197402054,0.00361627322015896,0.0364679798029552,0.00206937725471269,0.0184300923670832,0.0160637312972939,0.0109648067576982,0.0682493685557831,0.00280435218401042,0.0150488775673953,0.0537104498381026
"C>A_GCC",0.0301625699446892,0.026549161341403,2.37519732809247e-12,0.0079385692831716,0.0232037597847854,0.0384714731763965,0.0153382174425814,0.0110232019589616,4.79707101206785e-05,0.0253262193379371,0.0427080988257164,0.0453934296950222,0.00220588977483485,0.0329873798077822,0.0264954908994418,0.00504551076000197,0.033550735850933,0.00082883627466682,0.0108905573087859,0.0287418755889314
"C>A_GCG",0.00155951368232084,0.00640168763110066,9.13504269542237e-22,6.9098374017222e-08,0.00738921263041666,0.0301376389731443,0.00272045758302678,3.38604839497114e-13,0.0122266964492682,0.00243375032172982,0.0350388455054742,0.0104941266151186,6.7335158265918e-22,0.0217445250836313,0.030460542878128,0.000612271874969898,0.0142545543185498,0.00131362562855032,2.90061571699888e-15,0.0115696439564496
"C>A_GCT",0.0451774452408834,6.23038703210245e-06,0.00506760979452934,0.0151033370793139,0.0468755280770511,0.0107152126366226,0.0121104880924077,0.00466740075008501,0.0511308217655467,0.0342658394677127,0.0195496237856211,0.0270942277832518,0.00358843421091796,0.0144183569095054,0.0312052549476189,0.00218880748339108,0.0359376385444631,0.00370143580717226,0.00962655875506903,0.04004455422527
"C>A_TCA",0.0323806249841122,0.00772345507642572,0.0111104835289974,0.0511223124388487,0.0587485960821391,0.0294779696196472,0.00316401176989391,0.0309893298949126,0.0458894696944549,0.0441761344231437,0.0289895845790641,0.0192588925808363,0.00922364733750559,0.0374361714612281,0.0280598589118375,8.86764950162241e-05,0.048344027657184,0.0282312486136485,0.0227702445910434,0.0323560077955196
"C>A_TCC",0.0500521319157325,0.057980294042939,5.27103103434188e-11,0.0195174347436679,0.0176226822136201,0.0424002800321724,0.0246606298128516,2.14541438687281e-05,0.0289542983862297,0.0296758929993296,0.0384397438228476,0.0642985053671228,0.00768367691252782,0.0321156895840005,0.0466599504013023,0.00735682548586033,0.0540020284141391,0.00670203944073018,0.00969489430461498,0.0531451314775549
"C>A_TCG",0.00423756431779549,0.00658421983420397,0.00223479828890299,0.00505701305081342,0.00839242672865145,0.015175070777967,0.00282677984917852,0.00171471554274766,0.00943333589822613,0.0106975387787227,0.00817310339887747,0.00588063218205385,0.00262160300582328,0.0103644759356215,0.00847376929111046,6.68254001304162e-22,0.0152119631633084,0.00026733483460076,0.00155858162899206,0.00077191505993425
"C>A_TCT",0.0523261823207035,0.00405717841617709,0.010152415406956,0.0346900285350124,0.0850781024871104,0.0518654486124804,0.0153738063501973,0.0286669291261318,0.0812311239674419,0.0534879744780271,0.00657413696133117,0.0243093438501139,0.00660982080808589,0.0289442523733351,0.0492876338212793,0.00522316298786533,0.0615443832676035,0.0205237703515161,0.0333906771420186,0.0335392181370278
"C>G_ACA",0.0071663746885391,0.00667059592161495,0.0042891789788341,0.00336074984791063,0.000210755784726664,0.00823318532691774,0.0101311212980442,0.00612538650376815,0.00470582878221538,0.00766503796159785,0.016175329285409,0.0160414710673666,0.00310722332995702,0.00927754767868209,0.00152341650757375,1.67051586918738e-13,0.00739294074672881,0.00380968618089376,0.028130400793056,0.00274351924170968
"C>G_ACC",0.00541268130988608,0.00892302284973336,0.00170553547463584,0.00242923277103819,1.30706725023299e-15,0.00471728176832901,2.5628191518048e-05,0.00247569426685847,8.62483364950772e-05,0.00281787721636733,0.00808741363234947,0.0055725303300057,0.00280245619236207,2.9886468914999e-11,0.0116362738681958,0.00078961419923372,0.00428706182737652,0.00149510549778171,0.0181861996191912,7.49758561625485e-06
"C>G_ACG",0.00166563855532466,0.00292491181450626,0.000514389443365642,0.00156145583962382,0.00563603362064489,0.00184727848430244,0.00089198711277437,6.45841029231855e-22,0.00281433593479743,0.000874161342065254,0.00424019263795507,1.3243148147935e-05,0.000967434960880428,0.000565616638355953,0.00158424880626824,6.68254001304162e-22,0.00616025910373241,0.000194804646607137,0.003278225168031,0.000562488468374888
"C>G_ACT",0.00344474269552092,0.011657094415544,0.00276731261106732,0.00398946301297423,0.010830782484929,0.00157811684902734,0.00484501171676783,0.0093180698904529,0.00996070701082422,0.0104538676450446,0.0117630056924003,0.00539742274637187,0.00315734078305591,0.00875298155999832,0.00402233285140329,4.7767602779382e-16,0.00358523406210949,0.00170529502996171,0.0226944686122665,0.000425100545700224
"C>G_CCA",0.0122410952560881,0.0115425925319234,9.13504269542237e-22,0.00795993691379846,0.00878709834201784,0.0086291734557717,0.00316134535897586,0.00286439145491128,0.00878667492740114,0.00194219036235955,0.0100296162596143,0.00363489340643523,0.00308764194982578,0.00531183775695173,0.0132381870862024,0.00454348642306949,0.013401140733182,0.000781391057709482,0.0113260900896678,0.00410365532692868
"C>G_CCC",0.00361898213390745,0.00384898498009311,0.00069506573347134,0.00211562652676937,0.00397214443456371,0.0107158381298868,0.00803825225822821,0.00347073849624763,0.0103349644606606,0.00448780973649036,0.0106302694058757,0.0171425325710788,0.00217640744069564,0.00508354083283022,0.0129568813954359,6.68254001304162e-22,0.000213339425989998,0.00176874153619271,0.0126837421963879,0.0102451846954688
"C>G_CCG",0.00506762279063364,0.00431814367309068,0.000466043361048778,0.000988734035879209,0.000111755049825512,0.00384990829217939,0.000787319957721399,0.00516044223472994,0.00491833014820761,0.00370382077866478,0.00896964337058252,0.00218326579842389,0.000286998815003348,0.00739874406017837,0.00841940142547136,6.64006684194486e-05,0.00640454854233144,0.000228864554786152,0.00279088424683571,4.91728091124783e-08
"C>G_CCT",0.00704615795780497,0.0158346420396143,0.00326491482227372,0.0136215211949191,0.00466881388257778,0.015097609424444,0.00883386088321697,0.00715790316430419,0.0181172916829586,7.56174596054563e-12,0.00568398825810291,0.000866678725207141,0.00631038503594211,0.00562343906778594,0.0141509148350262,7.59187863392727e-22,0.00814987429524054,0.00206081302505561,0.0151189481046639,0.0033812316529638
"C>G_GCA",0.00626690606263309,0.00354026876068188,0.000799796567061706,0.00281711646209494,6.239293714402e-05,0.00598571943088981,0.00666769465856475,0.00388327235342155,0.00150587718095104,0.00603780128793116,0.00720483660065717,0.00557698365535891,0.00101539244505564,0.00761449062780348,0.00485856446730203,0.000599772242881663,0.00832198813521144,0.000276646642810614,0.0136698752530523,0.00626206644525419
"C>G_GCC",0.00177703618178943,0.00829686515180109,0.000517622221569209,0.000179285619808232,0.0028893405298041,0.00689633715707877,0.00398845077062148,0.000553223647950385,0.0102009042687657,5.80257929815634e-10,0.00276944939868958,0.0100912253041679,0.00474149683788001,0.0061967157949646,0.0140186520138513,0.00177078850096865,0.0114929637091873,0.00087923269279536,0.00825352233952549,0.00583052166452453
"C>G_GCG",7.85343365062478e-17,6.75590856901142e-11,9.13504269542237e-22,7.27497352120237e-19,0.00491543699305158,0.00602057262089425,5.66801151701725e-22,3.46017270530032e-20,1.51312530504577e-07,0.00125477314098576,0.00270161616505184,0.00960586131478378,6.7335158265918e-22,0.00499146385463651,0.00903872823173398,0.000327317678294564,0.00388416696828486,0.000789564217195378,0.00090603805683944,0.00299328236783801
"C>G_GCT",0.0105306400097829,0.0112681629349874,0.000701415087984638,0.00069667818398638,0.0141713680820843,0.000206434935984455,0.00471246830738424,0.00414562404753726,0.00321046370244387,3.56825004170536e-13,0.0151610589373022,5.05427366631323e-06,0.0017459805329226,0.0041681085114666,0.00345854771140296,0.00219285010850963,0.00614569587858981,0.00132998684543703,0.0186660740037009,0.0079679767860553
"C>G_TCA",0.00476930429301248,0.0383366690435812,0.00640150545371932,0.141632061969005,0.00152338718927499,0.00425621520779637,0.00113027199641629,0.00492280350767289,0.00140840047166043,0.0189658396104449,0.0122028596026506,0.00296303992396276,0.000779680073022039,0.00319943464025694,0.000225925136038482,2.26341716389887e-20,0.000492363298217858,0.115541291724012,0.0116258737333381,0.00920088270459757
"C>G_TCC",0.0104549649360062,0.012559789211882,0.00118639210008889,0.039982570019565,0.0257944852785361,4.54957594009601e-06,3.05483848045712e-07,0.00159648520855189,0.000412647245561249,0.0086382273978189,0.0179161254771368,0.0204107001297546,0.000652679190690877,0.00329767817784305,0.0106637405103218,0.00411477638735312,0.00547499557040311,0.0217953916660352,0.0187063949472426,0.0050859636012213
"C>G_TCG",1.16566446051885e-06,0.00225994984678899,0.000789961007808821,0.00150364221192011,0.00643117547733274,2.16571827728927e-06,0.000927485875597189,6.45841029231855e-22,7.60783740844794e-07,0.000556683282158075,0.00340779993398518,0.00181996728146034,6.7335158265918e-22,0.00628385541773253,0.00475365502616234,2.39167650891629e-18,1.38095367795005e-06,0.00462921013737398,0.00536084048899842,0.00294458474723358
"C>G_TCT",0.000223993081279245,0.0578248110769774,9.13504269542237e-22,0.157127291778259,0.00189253884722538,0.00673303554757931,0.0341096763477899,1.91585220518763e-05,0.0143991831389846,0.0619683652247599,2.7322015778454e-05,0.000931961267892309,3.69715936991493e-05,0.00603815076665069,0.00780640466128261,0.0178242201739469,0.0007065422812826,0.150430549858387,0.0314469943498953,0.0022273732744696
"C>T_ACA",0.0226609599964114,0.0210911147941268,0.00897093037441056,0.0125845584297366,0.00126583598404208,0.0109276587250543,0.0142110696579008,0.0146256551541638,0.0182361226862847,0.0222207664417089,0.01668101290442,0.0204969364948849,0.0345531978014187,0.0153438897523401,0.00760693683556256,0.0103709520437749,0.00803946559096826,0.00153584460588419,0.00083649657284939,0.00585653133350824
"C>T_ACC",0.0153808174305646,0.00988756798101656,0.00367459763344583,0.00647680542898321,0.000578028443927946,0.00503629046778996,0.00711656052861504,0.0070657658401584,0.00558284895507773,0.00276249932575802,4.00683211653071e-05,0.0128339174193982,0.0126986512640163,0.000530849005052663,0.0101419091038004,0.00372006795566122,0.00360248494284941,0.00214006464958294,0.0147712047462405,0.0111800994538145
"C>T_ACG",0.0121174908798827,0.0106117426259543,0.0125857260860222,0.0104862298168677,0.000940280901625283,0.0056005764599256,0.0126695366619852,0.00338127387783155,0.0022783130752746,0.00653270645746914,0.00611122749109286,0.00504454027951733,0.153454727051792,0.00842404918262798,0.00489668331320272,0.00780051152475118,0.000293013592169124,0.00247539509710292,0.000569991096826262,0.00590867350022562
"C>T_ACT",0.00915642146260975,0.00224590709535947,0.00679532097882355,0.0144569427306756,0.0171647728361995,0.00837033424499239,0.0131738638017957,0.026043231265706,0.00533950214873407,0.0104386421707231,0.0296204286326398,0.00280332663642295,0.0107702279114335,0.0170033917099528,0.00642003127829347,0.00218883983425199,0.00484931481722695,0.00148709095717352,0.0175318602086628,0.00389314009922343
"C>T_CCA",0.0130997728694987,0.0233509178976559,0.00736135355565287,0.000681545226656057,0.00269814077929444,0.00961091472248769,0.0103730605790147,0.0235547138573369,0.0191285473039754,0.0116336780520175,0.0178951491268907,0.0265913429449944,0.0183686962297508,0.0101230049712346,0.00965137844729844,0.0167460023131878,0.0221827422380566,0.0163784790769215,0.0146633401215098,0.0160576539672284
"C>T_CCC",0.000144313810136661,0.0158937833379578,0.00338613588792503,0.00515000977537035,0.00243512946452428,0.0206675307509355,0.0104585476928285,0.00678942975134746,0.0142705446969082,0.00939956897193643,0.00175906018366312,0.00701535992180943,0.0188779482522708,0.00684300673546398,0.028300359550079,0.00513122969029503,0.0094225555221828,0.00104730358721938,0.0148399979716725,0.0112407765426625
"C>T_CCG",0.012055949104961,0.00684499532250937,0.00865686799280877,0.0069682500987512,0.00540758628690904,0.0134108768725276,1.62057888811784e-06,0.00323192774014339,0.00932419339371426,0.00611347669427891,0.0041387835178996,0.00360073618868864,0.0836611178806937,0.0110169729519272,0.0263784352693984,0.0101434060757508,0.00558530620740469,0.00294782940574048,3.70640396159634e-05,0.000422652011605429
"C>T_CCT",0.0112255733338403,0.020683672510819,0.00983960240702156,0.014836316908416,0.00482821711406891,0.024860696695131,0.0123811946112168,0.0170571900471771,0.00280641862085058,0.0202422781211174,0.0189204739546291,0.0268821372100146,0.0182870287170577,0.0122071704601938,0.0182419768279166,0.00531807433441724,0.0133015472975778,0.00512090346496023,0.0218269141168003,0.0336761815931494
"C>T_GCA",0.00914043227299187,0.0102365287012477,0.00991917747469702,2.9942720623276e-06,0.00381381306143061,0.00952998662421429,1.84456579161207e-12,0.00734516640318614,0.00343603177726382,0.00185837078614715,0.00788182317920136,0.0118646275018583,0.0250575469545558,0.00832586666125603,0.0111707545951177,0.00276628886827919,0.00576106259465673,0.00755445801946581,0.0258065900260746,0.00679933985156246
"C>T_GCC",0.00138730853996228,0.005489189243613,0.00902692710461846,0.00712683176340928,3.71120087335075e-09,0.00929364835822276,0.00208589794166784,0.00873377892011538,0.000749227618128736,0.00322081571992637,0.00335062218981531,0.00980007421001771,0.0215223776645534,0.0126800782283885,0.0154667167238461,6.68254001304162e-22,0.00582513336895269,0.0035094462289893,0.0196467721772175,0.00681337848093519
"C>T_GCG",0.00302814235581247,7.20106362813428e-05,0.0102958191655811,0.0085325821894651,0.00614281670858278,0.00709138387973971,0.00752230670032068,0.00617451556067174,0.00950337422197676,7.05192194718699e-08,0.00163056797254031,9.2777685572057e-06,0.0860630176737491,0.00422115154973593,0.000898136891254386,0.00315996128026335,0.00268454385600487,0.00259714173349424,0.00988543868334566,0.00462332512862929
"C>T_GCT",0.00312221809657496,0.0103023708892749,0.00797089232259926,0.00503415188741361,0.000240233693723852,0.00352341558226153,0.000566620113511308,0.0128227954227531,0.00301192014708573,0.00530418256505043,0.0165829983027745,0.0220060893971935,0.0182156724721088,0.00658346791569266,0.00719189087747863,6.76511507258743e-11,0.00479525727233655,0.00594398645668782,0.0203628196270413,0.00497105599875236
"C>T_TCA",0.0107159886529586,0.0184848206578396,0.0100821368003965,0.0280777531254682,0.0264774334285912,0.000637159324215602,0.185404644973298,0.015872601753147,0.000357888042655462,0.0354333529498993,0.000986559431262593,0.00751097230532786,0.00255552785941726,0.000585916030357753,0.0129779272950721,0.0254832397737541,6.16922979215159e-06,0.265775552283782,0.0385769150930594,5.08737490175157e-06
"C>T_TCC",0.00818591422770541,0.00377957959796114,0.0140842955382758,0.00160856860018048,0.00491524976756877,0.0050594306454308,0.0389693078745591,0.0173264656178859,0.00599304461487647,0.0155125709782361,0.0112899414823856,0.00599859762656509,0.0130629186994491,0.00938295993130369,0.00730401737521843,0.0127790317628371,0.00602875346473171,0.0555644842080721,0.0240374886407509,0.00200774654666325
"C>T_TCG",0.00647529692867298,0.000413141119445247,0.00442594690889289,0.00183104102834713,3.68775277291098e-06,0.000454199153821747,0.0272524318344522,0.00209688205828755,0.00012851000718177,0.00979551696860531,5.83297825958974e-06,0.00560463319549221,0.0615383353057415,0.00426711007129627,0.000125435503587048,0.0139540566940111,0.00450199600757333,0.0255544854665738,0.0182201599659974,0.00158012723702805
"C>T_TCT",0.000228129432668748,0.0300500098165454,0.0240499771562918,6.47912007299045e-05,0.0018840475223308,1.75626256233533e-05,0.119297972193909,0.0295126452593823,0.0279252122167311,0.00568702445900754,0.000270874023738287,4.00689921805445e-05,0.00897238468971053,0.0166053207818889,8.05713810843089e-05,8.46815193803485e-10,0.0187781703726856,0.143343073236132,8.51269150101621e-06,0.0107192461158609
"T>A_ATA",5.59097316309025e-07,0.00142633118079573,0.00285626143025557,0.00647702479320421,0.0135866406074247,0.013241825235512,0.00932185023161466,0.0073586407260657,0.00739123709968838,0.00307689760005811,0.00154706126625416,0.00290915854687625,0.00691053224087929,0.00861424665091673,0.00804802036424548,0.00158331620276291,0.00493971460776589,0.00175957024170864,0.0192633397206959,0.00609846343731234
"T>A_ATC",0.00370629847982874,5.13472999207309e-06,0.00586144475824724,0.00924653486123203,0.00315307133587365,0.00996767542648025,0.0112454248447352,0.00882683486706623,0.00895951032123432,0.0043724172525854,0.0083378007829117,0.00129173800452319,0.00540460128192473,0.00608693459978339,0.0085299927921679,4.87883468861971e-07,0.00115788274248934,0.000518394431222783,0.00647346430345142,0.00474548566673535
"T>A_ATG",0.0109822662097516,0.00650988377433595,0.00574460518504681,0.00707596505745255,0.0176339529859067,0.0152142204424353,0.00490725578236906,0.0114547918847836,0.000439021626886657,0.00871424491230391,1.27475183448446e-06,0.0114104093159171,0.00454371610387393,0.0132769800795684,0.0135969214828802,5.79979834555879e-14,0.00889819444255267,0.0027070072410722,0.0121068153058724,0.00797164397127392
"T>A_ATT",0.0125210435811699,0.000462355318521441,0.0108461722367651,0.0119039250702012,0.0202923923915493,0.0137721686056608,0.0145164246583278,0.0108562345589289,0.0137015937789177,0.0125798665773995,0.00608764165225498,0.00016397889008185,0.0142433311069171,0.0108776936386104,1.1727236931451e-05,0.00248814413801911,5.07292557609529e-08,0.00197975826100556,0.00341739577778066,0.0129432836403169
"T>A_CTA",0.00255013870703275,0.00892316898266882,0.00247247558260856,0.00324053545283119,0.00871361248338058,0.00614830289942605,0.00449312899664793,0.00729335604266689,0.00348255303589291,0.00469586445780349,0.0129594003720981,0.0128191458978552,0.00347744528204153,0.0129973404238801,0.000309359820252762,0.00248649876053967,0.00708479006031813,0.00155508758189554,0.010925354003353,0.00567738079823039
"T>A_CTC",0.00366422473994481,0.0114574247068395,0.0129412636992398,0.00831704323221297,0.0155628303704087,0.0132967795753033,0.0170229783615516,0.0079173491162068,0.000285464531911201,0.00721809832218617,0.0154187448532282,0.0155582449007005,0.00626135111023881,0.0123414941283063,0.0088808935530506,0.0135094299509784,0.00501014149347994,0.000283815958640171,0.00677690019945701,0.0191589012532718
"T>A_CTG",0.0131657236443816,0.0236409474177614,0.00817364013283947,0.00878099642869158,0.000761853278527414,0.0308578321778254,0.0283145939033192,0.0129916082621844,0.0156993245846957,0.0174484084024018,0.0398269017106174,0.0448657590202239,4.93330559789469e-05,0.037640893335973,0.0246435036218973,0.00496176780745476,0.0109427668207205,2.94230082988144e-05,0.00689136284476078,0.0360023221720464
"T>A_CTT",0.0126943786726378,0.00738095556553607,0.00423340126486546,0.0168258384793272,0.031378828461738,0.0190046881304292,0.014802497374107,0.0189111387604515,0.0106028583891163,0.00945137712096567,0.0178494285531536,0.00391163723781333,0.00551804090722835,0.0242231993366017,0.0104732685618498,0.0251957545448108,0.0128252843228427,0.00125454865274662,0.00327419142502698,0.0114824471195528
"T>A_GTA",0.00435687426145705,0.00410986121895937,0.00245677577746389,0.00630201716093301,0.00843180228300298,0.0122063426150001,0.00301000596643275,0.00468217533681263,0.00338978243942658,0.000125571559559774,0.00608047910280597,0.00140264264223298,0.00368210863960238,0.00065158337036892,0.0120200626494293,0.00119863579136965,0.00496659815542547,0.00172999260950899,0.00139441825807917,0.0123088417812663
"T>A_GTC",0.00808885632897594,0.00452115617183907,0.000730877199144134,0.00351973466352263,3.84706235919052e-07,0.00562194608811308,0.00335082439505162,0.00441676708242868,0.00460950275848384,0.00608524522340558,0.00725409408593365,0.00404057623121932,0.00180002296925241,0.00648794363085615,0.00630091896184382,0.00507011834898194,0.00724563759912408,0.0002508242785198,0.00621958888992314,0.00540754622056744
"T>A_GTG",0.0142727548713742,0.0175522821621061,0.00244194425006692,0.00512816269956104,0.00636530534162671,0.0088028405609933,0.00590172621370235,0.00180872416059246,0.0025796799924569,0.00675724347011204,0.00409133510321727,0.0181919761865337,0.00331815054816007,0.000181030916823767,0.00554567551579289,0.00351575207651248,0.0118976385386149,0.000433728483452761,0.00157578889737637,0.0262214565777445
"T>A_GTT",0.013704525802182,0.00119606068151352,0.00160469517467398,0.007297043111273,0.0145899938230522,0.000588550896215416,0.00938378790503561,0.00763522636068804,0.00339537093629882,0.00856128687470506,1.05310318978532e-06,0.0124095599279557,0.00417495121205137,0.00703024121346613,0.00221425742708819,0.00344961275220556,0.00615982149645502,0.000956938911391521,0.00688229422462905,0.0139196669993158
"T>A_TTA",0.00677169958882208,5.11953199208393e-05,0.00607261133089112,0.0102830526264797,0.00517200254972637,0.00495641243365159,0.0124559973056191,0.0121674106455622,0.00821956479714099,0.0128421766783525,0.00109885225041959,0.0111247698601058,0.00651562420378014,0.00496535409087845,0.000536380129407506,0.000400409181274035,0.00332500025303287,0.00180838258782485,0.0111872998197343,0.0122426864984825
"T>A_TTC",0.00375357805242753,0.00351343520611773,0.0118953764461384,0.00359175883178334,0.00355660511037913,0.00427861010058163,0.00769901110486253,0.00674136699473739,0.00417062699473801,0.00746627144106406,0.0050992823712528,0.013002961711905,0.0059234310280001,0.0059528778926888,0.000335142382702301,0.00111019918154963,0.000139947508335581,0.00292295022957346,0.00590377257877989,0.014010259281619
"T>A_TTG",0.0105180804692299,0.0101008482916269,0.0066871972009914,0.00271210272364777,0.00454953400143062,0.0104958097667387,0.00188736469560024,0.0146900944492594,0.00703454955525661,7.76911931583732e-05,0.0211433397773761,0.00301390384191848,1.18613284750736e-15,0.00688996290513653,8.15397940717987e-06,0.00136304099992671,0.00971067975504311,0.00312979639892927,0.00306604864267803,0.0027267153948799
"T>A_TTT",0.0190307411849085,0.00251471066799024,0.0148772332639901,0.00904652457975742,0.0241094893897981,0.0104558633848301,0.00981112598169695,0.0135659119588158,0.00455567949821158,0.0107111412026565,0.0069775632718184,0.0081847616927163,0.00811434758529835,0.0125535030613785,0.00100985676196838,0.0102634942737126,0.00374799634804347,0.00291821271217007,0.0206741315876306,0.00971257119915593
"T>C_ATA",0.0123213245304414,0.0266834362416445,0.0202309500399813,0.0164756052806618,0.00679527550433053,4.51884338267734e-05,0.012876379416007,0.0606842637440324,0.00154905537133626,0.0215932649617355,0.0167838705551119,0.00478013778951027,0.0195000575265241,0.00677585109220296,0.0178966155615013,2.5084938076388e-11,0.00648036654138213,0.00237696877089423,0.0139842463180523,0.0090876306550594
"T>C_ATC",0.00320279625978622,0.00638093085190482,0.0136396974058342,0.00372474674236253,0.00360179164443622,1.30160300988099e-05,0.004247400448846,0.0146256341746755,0.00532501877283075,0.0083099474561055,0.00630426848700837,0.0100925746665349,0.00848519741670544,0.00123458587179037,0.000154898439291457,0.00707325883573449,0.00311688931471627,0.000973400908863297,0.0123942387681339,0.000846823487287461
"T>C_ATG",0.00250678757890339,0.0183908994870373,0.0130453621244756,0.00918851904468281,0.0066499531026078,0.00947713082257221,0.00634087999045632,0.0346650586678876,0.00685306347029827,0.00666884467941707,0.0141090961635989,0.0112974727206343,0.0147068373830001,0.0173895207864943,0.0171003608845415,0.00355535020650459,0.00202664724190991,0.00266006908730501,0.0182039423743773,0.00165800927886971
"T>C_ATT",0.000646302954175284,0.0158193649447709,0.0130240223678394,0.00897685766144199,0.0194805302239985,0.00169597361617689,0.0104629302131611,0.0471680748821994,0.00645290258433977,0.0243997397693277,0.016267844048653,0.00438453267055726,0.0165487714327163,0.0112321420013266,0.00188358165131762,6.21773736254361e-09,0.00434450374072215,0.00398940199850452,0.0228958077931429,0.00376796941037003
"T>C_CTA",0.0119276417690539,0.00894277532575498,0.0160964270992585,0.00373810208189363,4.02820026325936e-08,0.00166358999268328,0.0027491108337075,0.00574147256492481,0.00640253790075272,2.36112678633556e-19,0.000255246697949608,0.0180588828555768,0.00781555809846026,0.0079151024952655,8.19193897601088e-06,0.014716697366064,0.00622905107064035,0.00183341671028156,0.00479970622268603,0.00166961575963081
"T>C_CTC",0.000550906902626967,0.0119387976220464,0.0254628614658479,0.00683663665132033,0.00367522136331194,0.00670784323181895,0.00724322632488103,0.0146135589799,0.00493259846617903,0.0111974695425726,0.0131201316032974,0.00123537948871842,0.0109165573509348,0.005062753564837,0.00069488488895227,0.0367177623750685,4.79583491024922e-05,8.13200650793244e-05,0.00282111012044254,0.00386650362843539
"T>C_CTG",0.0116681160403883,0.0115083943974927,0.0285369263746793,0.000775082004481478,0.00150152435788929,0.0112965919647667,0.00211910450671185,0.0182276281958135,0.00463357075978137,0.00916907126674074,0.0120647067294892,0.00810724150803261,0.00535248965035427,0.0127806887456629,0.0198806492447795,0.0276121478408248,0.00827789646272372,0.0033824828527608,0.00742066035741563,0.0124975440145433
"T>C_CTT",0.00408550409609008,0.014891300047625,2.18581571355673e-14,0.0108000236219209,0.0063411157651003,0.0052013784148617,0.00343299563622947,0.0327604967063305,0.00389286597945459,0.00849999962685761,0.00917558470410598,0.000932517624179556,0.00897888142666792,0.0061657537134209,0.00843985986200708,0.0607127438227997,0.00560675172528538,0.00223104756531513,0.00549033692294893,0.00835016949661637
"T>C_GTA",8.92533130245208e-14,0.0104056479385564,0.00931573381112503,0.00347547114703346,0.00646330056382772,0.00388675834136954,0.0012457349182632,0.0138815231374705,0.00981742351797563,0.00664249618380775,0.00681111938633766,0.0117893185835657,0.0135288919763647,0.00407032504029258,2.91125608686283e-05,0.0017220219646882,0.00241282851847508,0.00165228842384035,0.00664940474817227,0.00531704700683601
"T>C_GTC",0.00533664869765305,0.00245812004869432,0.0104087363562637,0.00217297348193225,0.00250011553364509,0.000577194097421061,0.000987871551514777,0.00996409345640243,9.84056604627361e-06,0.00587505197881579,0.00421778204520232,7.17353031723825e-05,0.0115304887362276,0.00226841072208829,0.00338458531266071,0.00830327228456633,0.00355743442786159,0.00176638634874453,0.00497905894881026,0.000591208454025916
"T>C_GTG",0.00838567115633652,0.00258677771891478,0.0128901198467763,0.00405657166929778,0.00208385346311686,0.00259689534312152,0.000649132100064968,0.0170016580178245,2.62772230409202e-11,0.00950624512097372,0.00871402681041472,0.010983964170655,0.0057937637853392,0.00480121703743686,0.000625011000999957,0.0027403827667056,0.0054968540097718,0.00204576305904537,0.010190380521337,1.89693377307867e-07
"T>C_GTT",0.00581461912042373,7.42210202883822e-05,0.00464958893902384,0.00641025660112242,0.00620876580412848,2.05554773493038e-07,0.00525146547267449,0.0204400064927031,0.00175962767259625,0.00582341378718983,0.00597138829202621,0.00998123838254686,0.0127294678558857,0.00187137073346146,0.0003470044171976,0.00626115235240897,7.48243646326363e-06,0.00207511047112891,0.00781881528949548,0.00481242111077903
"T>C_TTA",0.00428887411805614,0.0142594640506979,0.0115286574461825,0.00231657157348007,0.00204941049822189,2.15430696846902e-06,0.000203726329184202,0.0204731762401805,0.00413471232118316,0.00435362957332493,0.00532923430989817,0.000625296441763135,0.0131010245130121,0.00187369285538963,0.00215792808063596,0.00407746903498537,0.00538164426206042,0.00205698924950132,0.00824330248698605,8.54063668604199e-05
"T>C_TTC",0.00454155298308939,0.00699520978618579,0.0243507313053705,0.00607250821393541,0.00862516140268688,0.00308652246184434,0.00257096271402673,0.0145724878995715,0.00931380807887793,3.37976882451896e-06,5.07294503126433e-06,0.00108773973225688,0.00730350955931823,0.00476710193940714,0.000314226256510925,0.0177206731096704,0.00278527863676052,0.00106007367972735,0.00964144321040358,0.000231994827802501
"T>C_TTG",0.000567403238434708,0.0102207916193819,0.0168861120322481,0.00430227749615651,0.00118851619127,0.00211509348712988,0.000197524028070086,0.0120349202892345,2.61807140769393e-07,0.0054255499661048,0.00998169517139486,0.00445079764431288,0.00713616086471773,0.00196951237363164,2.12543472017468e-08,0.0070815226585754,0.00624240541053172,0.000658748209190055,0.013193058567702,0.000879577923412351
"T>C_TTT",4.63939102388962e-05,0.00462901141554519,0.0157988529493049,0.00546731016436221,0.011871772123759,0.00475649656966079,0.00533718322659898,0.0162589529304658,0.00107507066089123,0.00324760064283593,1.93841686852012e-08,8.16480925003969e-06,0.0136552771950326,0.00679357260910841,0.00315560340250624,0.0116255130646018,0.00207554906288008,0.00278911827729024,0.0158772320400994,0.00549075536439551
"T>G_ATA",0.00410143016256222,0.00080055586684769,0.00581975970234353,0.00323892208613076,0.000369043193871587,0.00193250371704103,0.00489421683919643,0.00599137311328149,0.00325593422332441,0.000826174302180025,2.05833815559551e-19,3.96665704220049e-22,0.0033761792872736,4.41247608514637e-22,4.49161923669727e-22,0.0050191900038261,3.50622806842353e-22,0.000756902983507747,0.00363156663790058,4.50970841579256e-22
"T>G_ATC",4.91268317734978e-22,0.000502806788408878,0.0126385214173483,0.00112033480306766,0.000508940199521028,3.93813229478742e-22,5.66801151701725e-22,0.00169508157131548,0.00260179848002989,0.00147045924323825,4.81236915814104e-19,0.000163119686071091,0.00136894383465184,0.000708095050031233,0.00172559109191352,0.00901222169652807,3.50622806842353e-22,6.44732851643779e-05,3.72070307519448e-21,4.50970841579256e-22
"T>G_ATG",2.83545830834363e-06,3.36661545487781e-08,0.0131910586489758,0.00323447755392099,0.00489426214872821,0.00561339245545305,0.00195432402910719,0.013433039460868,0.00115020730354195,0.00292309482981329,0.000240652132836406,0.00220912679524814,0.00156664624983697,0.00590827405430913,0.00084577171554131,0.00191209253525243,0.00444472642221988,0.0010434810168304,0.0106305979748105,1.6393793265545e-05
"T>G_ATT",0.000738688399444834,0.000364564419586751,0.0672073737015899,0.00245752899153208,0.00237457606673119,1.70945394967274e-14,0.00109436606293762,6.45841029231855e-22,5.66572261338102e-22,4.92350972897856e-20,2.22263526966512e-06,0.00244747882062392,0.000509973564771405,0.000942838336651503,6.355194388924e-06,0.0458359130163248,0.000876677140313019,7.47105356814122e-22,0.00193181794058075,2.31294003755645e-07
"T>G_CTA",0.000985536116925751,4.76060611918833e-22,0.00882456298451937,5.72808886559679e-22,2.56624657175137e-12,7.75681787927439e-22,0.000988171845322438,1.77800723951655e-06,0.00262374332693544,0.00189345378677484,0.000585058623405817,3.96665704220049e-22,0.00285859935527813,0.00129989612953079,9.13647044325185e-18,0.00521518632376653,3.50622806842353e-22,0.000823649571516165,0.00473528618105916,0.00026413656883029
"T>G_CTC",0.00125347587377373,0.00606324803680361,0.0282702165810296,0.00232604881345492,0.00370512345783419,0.00384024939214226,1.00840893821467e-14,0.00201231905468801,0.000162126341152733,0.0022549762410702,0.00134226248812946,0.00051409134491662,0.00153754721460406,4.76392296899168e-06,0.00358547590172568,0.0241395855776525,0.000223244709487801,1.13443558474123e-07,8.23000039214079e-15,0.000280123063421813
"T>G_CTG",0.00282911425250184,0.000332007035438154,0.00896193840187066,0.0029039077906911,0.0163086089077937,0.0071687295087693,0.00496055654583465,0.0101572078927497,1.18457303041444e-07,0.000292266588970007,0.00274990026880581,1.43917750565834e-07,0.00131468328032421,0.0142843305875947,0.00644410388116002,0.0154867915804421,0.00692271499207925,0.00259791375012695,0.0170403621239845,0.0002250516877861
"T>G_CTT",4.9518627211981e-05,0.00014286807228922,0.0578116960899576,6.86848652042648e-07,1.35028506734423e-11,4.43335429431475e-07,0.000755412732216142,0.0222814670997465,3.35095092342239e-06,1.71476151298851e-09,0.00772241075870013,9.53300559871734e-10,1.7746191093658e-09,7.71556908952857e-05,0.00755975118796324,0.197560031140755,6.49594540986057e-05,0.00390611295732947,0.000891698817147447,0.00227127134958509
"T>G_GTA",0.000209493678945341,3.28244677850776e-15,0.00024563463432587,0.00010491414374071,0.000383498320125525,4.45368931847587e-22,0.00135149561582735,0.000418431078752064,0.00357962323569824,0.000839033464034765,0.000370539392642767,3.96665704220049e-22,0.000956930157690362,4.41247608514637e-22,2.37320688960746e-16,0.000639330933305622,1.56690997833331e-21,0.000284593410840206,0.00332052376690899,4.49424109868867e-07
"T>G_GTC",4.91268317734978e-22,0.00203548908826671,9.13504269542237e-22,1.29430825058958e-12,4.78696500582004e-22,3.93813229478742e-22,0.000765479006980081,0.00209645170007815,0.000487755140645415,0.000590404940567335,4.68696453482673e-22,7.39483285567264e-22,0.00101788981313269,1.26435126539666e-17,6.27195190208215e-17,0.00515414340402839,3.50622806842353e-22,3.90139260115874e-22,0.0027373821408692,4.50970841579256e-22
"T>G_GTG",0.00434376425442687,0.00035092447932299,0.00934998040975868,0.00515842233205173,0.0102013198231799,0.00224721356738367,0.00369928901912518,0.00343206236765966,0.0114569312968487,0.00266259778327465,1.07926646790828e-08,9.48018022504482e-07,0.0021496540173477,0.00125492498978695,6.02668254691991e-06,0.00287773772456398,0.00568342466481793,0.000381745422872028,0.0180513619711175,0.00217824561357251
"T>G_GTT",0.000343918054757912,1.20675421981136e-17,0.0164510903486674,0.00543689527379166,0.00130289366575483,0.001230241374871,0.000900346036702967,0.00528411582586048,0.00329549475605981,0.00180301911047657,0.00203803539928674,0.00285365050780103,0.000649220244898048,0.00167713899251685,5.79576093543133e-12,0.0552547622993976,0.00191985522366532,0.000545027565192549,3.963799811547e-06,3.66512623060753e-10
"T>G_TTA",0.000656479552525072,2.58731113215815e-14,0.0119781032188494,0.00266981468890801,5.05954987782098e-19,5.36923615109741e-22,0.00295339300713028,0.00927216999374718,2.79279708313212e-17,5.13325565200944e-22,4.68696453482673e-22,3.96665704220049e-22,0.0055425943415481,8.09827069418503e-22,9.85553338513782e-19,0.00815234246664765,3.02372616333424e-20,0.00171658513888734,0.0113377176102504,9.81861356896057e-22
"T>G_TTC",8.504319836193e-15,0.00199645056529942,0.0231857027587588,0.0011691719216643,0.00107728833429767,0.00139011068979371,2.49419934663251e-10,0.00624229112884515,0.00305014223526429,0.00316619362629344,2.32371439851998e-05,0.00025728338280839,0.00222419760736418,4.41247608514637e-22,0.000468216425850102,0.012808828372115,0.00155691321239231,0.000934826197899694,0.00472137110283364,4.37717563739087e-09
"T>G_TTG",0.00309149415396119,0.00550093698238232,0.0153666513025688,0.00282591147233884,0.00389320699228872,0.00311794640401242,0.00636991894058683,0.00629793478271913,0.00476207877777468,5.48451472615391e-11,1.12148090058129e-06,0.00496294722383383,0.0012859325458739,0.00268615378891865,0.00720539402485663,0.00642327839455276,0.00257144182811675,0.000483451090240741,0.0130299982777373,0.000132930281150522
"T>G_TTT",3.53863340936076e-07,1.08058029118737e-09,0.161696424569217,0.000499181779435779,0.00159753963870041,0.00197832907810683,0.00145895611981254,1.91872362190017e-14,0.00875196041072759,0.00758435535131028,7.39616590182019e-08,0.00286044305512508,4.43510163445311e-13,0.000492948082057434,6.02960077876887e-05,0.105251388691178,0.00495584162447912,0.00145731613920056,2.01782252909332e-11,6.83058964187006e-05
