"","Signature1","Signature2"
"C>A_ACA",0.0288876811657074,0.00834463169416722
"C>A_ACC",0.0250378455812291,0.00465565532081543
"C>A_ACG",0.00222650285020861,0.00132470936872599
"C>A_ACT",0.0237950028605125,0.00427472648744991
"C>A_CCA",0.0230558099124968,0.00934641055857908
"C>A_CCC",0.0185134041461419,0.0076436719950363
"C>A_CCG",0.00163405198041236,0.00158591239389932
"C>A_CCT",0.0191849732897597,0.00891447872166197
"C>A_GCA",0.0157481554340535,0.00721611102195537
"C>A_GCC",0.0126487387153427,0.00596365280611276
"C>A_GCG",0.000879058429994834,0.00131416203514675
"C>A_GCT",0.0161083036510231,0.00475277867177806
"C>A_TCA",0.0205172375566314,0.0119280187419105
"C>A_TCC",0.0184636444388406,0.00941312453651216
"C>A_TCG",0.0018082676350246,0.0021166177780514
"C>A_TCT",0.0266376284738672,0.0131874346943382
"C>G_ACA",0.01835529942047,0.0030395419176051
"C>G_ACC",0.00946385000296542,0.00177418016018743
"C>G_ACG",0.00375664031338758,9.5667744539443e-05
"C>G_ACT",0.0182918566292713,0.00312957577390202
"C>G_CCA",0.0136792523335582,0.00169673547574681
"C>G_CCC",0.0108491330333561,0.0019752226939583
"C>G_CCG",0.00324293350391195,0.000125191206003716
"C>G_CCT",0.0187609935718614,0.00283325885296277
"C>G_GCA",0.00916903712149878,0.00101054321481583
"C>G_GCC",0.0077749721442233,0.00161279115333913
"C>G_GCG",0.00124731030255498,3.76404622715019e-05
"C>G_GCT",0.0139007259547012,0.0014269316665612
"C>G_TCA",0.0274766297717577,0.0110077319923564
"C>G_TCC",0.0177831685533049,0.00485110645718236
"C>G_TCG",0.0022931678547611,0.000466787422904685
"C>G_TCT",0.0430139334967145,0.0147969868435353
"C>T_ACA",0.0191178853886845,0.0148828849146926
"C>T_ACC",0.00732351364523086,0.00898504087621098
"C>T_ACG",0.00622724322618809,0.0598047688932467
"C>T_ACT",0.0173246165124091,0.00906165071307884
"C>T_CCA",0.0101154211693784,0.0173765281468029
"C>T_CCC",0.00633925560238775,0.0124785668312109
"C>T_CCG",0.00378933182146112,0.0336825776510786
"C>T_CCT",0.0160221704689834,0.0171239789687205
"C>T_GCA",0.0106340696996375,0.014947585173741
"C>T_GCC",0.00441755265878006,0.0161490038614335
"C>T_GCG",0.00255048843619729,0.0382997496730603
"C>T_GCT",0.00807901846097717,0.0141189450092438
"C>T_TCA",0.0246236367115451,0.0194350468733911
"C>T_TCC",0.0124693447296451,0.0143527434229162
"C>T_TCG",0.003831584428745,0.0267221978270009
"C>T_TCT",0.0185722371181838,0.0136645867157882
"T>A_ATA",0.00986699575915276,0.00670121689642527
"T>A_ATC",0.00868228529921372,0.00545890564953742
"T>A_ATG",0.0102134899331111,0.00469273110883372
"T>A_ATT",0.0136718476855255,0.00922299551500065
"T>A_CTA",0.00953174899630221,0.00250131523889958
"T>A_CTC",0.0143039656500337,0.00573721686848879
"T>A_CTG",0.0139871062937898,0.00374255214123779
"T>A_CTT",0.0200699223874145,0.00466870549975146
"T>A_GTA",0.00581473674024589,0.00244427797700963
"T>A_GTC",0.00632987551048874,0.00241531337832678
"T>A_GTG",0.00866328232184656,0.00210067501678014
"T>A_GTT",0.0119390095585428,0.00324131603381136
"T>A_TTA",0.00953920002904039,0.00850812822748277
"T>A_TTC",0.00909847681473596,0.00615683012581588
"T>A_TTG",0.00688916741341294,0.00479770369708266
"T>A_TTT",0.0185943189622937,0.00778431868838008
"T>C_ATA",0.0102262051205622,0.0370163924299154
"T>C_ATC",0.0058772173143343,0.0170337774951838
"T>C_ATG",0.00606982175910169,0.0299290711636864
"T>C_ATT",0.016929562937773,0.0246346524073783
"T>C_CTA",0.00384878864957561,0.0166959908030086
"T>C_CTC",0.00938864774398953,0.0189348396615991
"T>C_CTG",0.00368933795343783,0.0218426075224479
"T>C_CTT",0.00816128463340345,0.0216371326281152
"T>C_GTA",0.000760565620976626,0.0287539765162594
"T>C_GTC",0.00287142563949451,0.0156174468993397
"T>C_GTG",0.00192609913980437,0.0194797125674624
"T>C_GTT",0.00352552024488684,0.0227285267358912
"T>C_TTA",0.00364870260530983,0.0232729541772189
"T>C_TTC",0.00582029517699645,0.0182154792562697
"T>C_TTG",0.00156652716697435,0.0168006623809514
"T>C_TTT",0.00676053869049032,0.0212460246168071
"T>G_ATA",0.00212123273582073,0.00641393930250334
"T>G_ATC",0.00102458747309456,0.00226696383604493
"T>G_ATG",0.00820407429551858,0.00274889111758764
"T>G_ATT",0.00499631711286616,0.00588296687650752
"T>G_CTA",0.00156396820040379,0.00341760667200656
"T>G_CTC",0.00402126239704353,0.00425637098408594
"T>G_CTG",0.00831591892151961,0.0055905347684053
"T>G_CTT",0.00556103723191405,0.0142252561185907
"T>G_GTA",0.00280648357418135,0.00107668934009075
"T>G_GTC",0.00305339311247075,0.00100727915592418
"T>G_GTG",0.0124768692411726,0.00154580456186143
"T>G_GTT",0.00544267568530078,0.00578615524815926
"T>G_TTA",0.00272170486748913,0.00927481185674943
"T>G_TTC",0.00460872781060056,0.00391569609625895
"T>G_TTG",0.00938949539120662,0.00271880556939524
"T>G_TTT",0.00978370198915708,0.0129109337558007
