"","Signature1","Signature2","Signature3","Signature4","Signature5","Signature6","Signature7","Signature8","Signature9","Signature10","Signature11","Signature12","Signature13","Signature14","Signature15","Signature16","Signature17"
"C>A_ACA",2.99162627169126e-06,7.09552871650391e-06,0.000190515354827059,0.00323601561267736,0.00055582658610428,0.0300217931355541,4.28137073745931e-07,0.000949234355529739,0.0275973104925059,0.00571015628495745,0.000466950832039384,0.000352742175690713,0.000486197597681792,3.96457000340661e-16,7.68394636198363e-18,0.00608716120894434,1.05159933133188e-12
"C>A_ACC",0.00187003405787795,0.000252840814757641,0.000678635515032606,0.0019808937923515,0.000719547422703072,0.0235235984981925,8.73847290793596e-11,0.00074302699514489,0.0188511605829463,0.00558015004101926,1.66749637365487e-08,2.48423985397992e-05,0.000236030549420154,0.000291564805921406,0.00083143539039501,0.00427222611069958,0.00139497011835065
"C>A_ACG",1.62168289302227e-18,3.52894973338039e-13,2.06735537963256e-23,2.35588804112962e-23,2.09876849552625e-23,0.00208256802380559,0.00178818837244692,0.0001449240630838,0.00329657989194455,3.79039092537725e-23,1.5474361328128e-23,2.26274915414414e-23,1.75077866147849e-23,1.43277601168905e-23,2.6816223494233e-18,1.00335668563052e-21,0.00123754029711149
"C>A_ACT",2.03955336790992e-13,0.000291512301313437,0.00244790470877907,0.00143749746581249,0.00138775184748572,0.026870586816826,6.19622242393981e-08,0.000734970244226032,0.0210738170807046,2.225091908164e-08,8.39940028660217e-08,0.000108690888516467,1.71756917345866e-08,0.000460362545373921,2.03934854871227e-06,0.00202891721140075,0.000529002394260272
"C>A_CCA",0.00280978821115528,0.000445298663201596,0.000486090880979286,0.00294783154576278,0.000763174522180236,0.027760409615769,0.000946937461209525,0.0015784131166273,0.0320713715692797,1.20514912363163e-05,4.30543025942945e-11,0.0028843781788555,0.000355965442765808,0.00121466559763736,0.00170038917368644,0.00907986095879986,4.77858576461735e-05
"C>A_CCC",7.06932398140929e-07,0.00313505795329552,0.00140531029028857,0.00061024259682391,2.57450896708856e-05,0.0150541529861346,0.000314343168708247,0.000538500735060461,0.0226811240132597,0.00117863935959025,0.000856304921620823,0.00281900917846895,2.05249729854559e-16,0.000424051955537366,4.52222541461454e-22,0.00493772169579616,0.0038615345926019
"C>A_CCG",2.51039375971242e-23,0.00134356578206024,2.06735537963256e-23,0.000397027416625827,0.000833335215523793,6.63778505897798e-23,1.86386016507121e-23,7.96274950844838e-05,0.00595693780421504,3.79039092537725e-23,1.5474361328128e-23,2.26274915414414e-23,7.52254255771031e-16,1.43277601168905e-23,0.000132449328393151,4.33831616551395e-23,2.90572904733518e-23
"C>A_CCT",4.42332622538413e-07,0.00231351376180328,0.00112783122803285,0.00145213880648618,0.00111261787620939,0.0261568225342889,0.00101123740197691,0.00239971805106719,0.0235758326332474,0.000712917708527715,0.000413997197234294,0.00170435544654868,0.000667047565365175,0.00103747426740309,0.00137987789179946,0.00899939804094699,0.00184244062341705
"C>A_GCA",1.71932665051832e-11,0.0011236815383494,0.000619409144919532,7.30083265783737e-11,0.00384445581652982,0.0161483574620731,4.09113560483014e-09,0.000400025532925854,0.0317349492261676,1.57253377100159e-13,1.5474361328128e-23,0.000550819722312017,1.75077866147849e-23,1.43277601168905e-23,2.03366139211429e-05,0.0137818523587858,2.89344880055508e-11
"C>A_GCC",2.51039375971242e-23,2.16848342452604e-23,0.000944920886236698,0.000640252062606701,0.000217366832993997,0.0103743943529006,0.000121332224231201,0.000223071811069986,0.01348191971351,0.00625980616590166,1.51801958708234e-05,0.000879750842066007,1.29201662412758e-18,4.38461419323947e-13,9.95867864436162e-18,0.00392333501095758,0.00113654884213703
"C>A_GCG",2.51039375971242e-23,0.00221363790577323,2.06735537963256e-23,1.07907380101575e-05,2.09876849552625e-23,1.54886034414055e-09,0.000738361616349393,9.9889096619763e-05,0.00376721090894012,7.87612004164355e-18,1.5474361328128e-23,3.44927457079274e-19,1.75077866147849e-23,0.000240238592955734,1.65996514452018e-23,0.000976431479615331,2.90572904733518e-23
"C>A_GCT",0.000200567151378844,2.16848342452604e-23,2.06735537963256e-23,2.68883230634176e-15,4.74611991205846e-05,0.0165846068459804,1.43895182275697e-05,2.17163940184379e-23,0.0221527095028107,2.41100347372003e-10,0.000209898803532992,0.00179439256516249,0.000376651804950346,0.000480355119361816,1.65996514452018e-23,0.00429197867926048,0.000458969373854213
"C>A_TCA",0.0102464222218292,0.00207987416245712,0.00822751872114616,7.51586485552466e-05,0.00554058987717892,0.0272605635112315,0.00246758484963279,0.00372138063887143,0.0236581664598762,0.00538127515895314,0.00436365274746545,0.000370978495972612,0.00324289030203361,0.000917941131883918,9.09770046058834e-08,0.00795482710543159,0.00518604985007541
"C>A_TCC",0.00365316278663556,0.00352879048702119,0.00394803855937141,0.000180407537703984,0.00356952532445901,0.0120659596659177,0.00416877538695986,0.00284890795018209,0.0240710209108525,4.82720931934452e-11,0.00301926486158882,0.00303751566598563,0.00271234316490716,0.00206264613776511,0.0015086381344769,0.00388477862331846,0.00429770225655718
"C>A_TCG",2.05761539543142e-12,0.000194636118618929,1.07898821690872e-08,0.000156503792222199,0.000404787472876144,0.00267108419991667,0.000481361230061414,0.00068562702393795,0.00385900036618995,1.08794821869105e-18,0.00224144729682057,0.000618692128325088,1.75077866147849e-23,0.00019498024312392,0.000432278861618791,0.00231930888515259,0.00272340220212832
"C>A_TCT",0.00549798026859784,0.00274706212690428,0.00416611868635488,3.30761745142258e-05,0.00460197356135204,0.0386946525077193,0.00330909685788746,0.00384213692085473,0.0376078319393992,0.00060699331601122,0.00438284705121367,0.00246436101475589,0.0022318069178962,0.00198813961622586,4.27056653486687e-05,0.0147509660561932,0.00325548628071726
"C>G_ACA",0.000635456769700392,0.000758532589032277,0.00013186637860866,6.49785673218647e-10,2.09876849552625e-23,3.06532075978353e-10,2.872278402585e-19,2.17163940184379e-23,0.015856592770459,0.010902902234297,0.000370525096466959,2.26274915414414e-23,3.6268285917429e-10,0.000196218359152953,0.00018007761037726,1.36580067584352e-05,0.000628672204747677
"C>G_ACC",2.51039375971242e-23,2.16848342452604e-23,2.06735537963256e-23,0.000137986770827955,2.09876849552625e-23,3.82042492864404e-23,0.000338958942454193,0.00110574773435323,0.00978137368401655,0.00360608990153631,8.2311313272693e-23,1.20263066002745e-19,4.20164173637046e-06,1.43277601168905e-23,0.00127567828588982,7.11370725571008e-18,8.92370378511513e-05
"C>G_ACG",2.51039375971242e-23,2.16848342452604e-23,8.84042804307937e-20,0.00139279435403393,2.09876849552625e-23,3.82042492864404e-23,0.000659958800244994,2.17163940184379e-23,0.00450737309957515,6.2369171247708e-21,0.000210001240588287,2.26274915414414e-23,1.75077866147849e-23,1.43277601168905e-23,1.65996514452018e-23,4.33831616551395e-23,0.00166548663959946
"C>G_ACT",1.16678392291607e-07,2.16848342452604e-23,0.000172413496448932,0.000690556991738731,2.73125945898996e-10,2.46027637242579e-09,6.4976718848209e-05,0.00035989830570501,0.016273588991398,0.00993837695979122,0.000583303181253095,7.93848425369797e-12,5.58890342162562e-05,0.00038870009295983,0.000987902569495225,4.33831616551395e-23,1.64401447767226e-05
"C>G_CCA",1.88586785511251e-15,0.000571385741657079,2.06735537963256e-23,7.7349240764625e-05,0.000317060360426771,1.91156854953978e-08,1.86386016507121e-23,0.000862153346540007,0.0123940951086421,0.00540980074258044,0.000593891884379026,2.26274915414414e-23,4.88897459611153e-20,1.62276851372895e-17,1.65996514452018e-23,0.00131086835723581,0.00107466495968177
"C>G_CCC",2.67730519504738e-05,9.68912101394379e-10,0.000663919622994607,0.000575504356220548,8.211153542328e-10,0.00076201540375041,0.000525427182986728,0.0005479768332703,0.00999168183473674,0.00394526785841748,0.00196147356786321,0.000652618999177929,5.32156506836037e-10,0.000154337011741344,0.0021198295333779,1.90900428522137e-21,2.53546907934556e-11
"C>G_CCG",6.66651968187667e-07,0.00121275495623339,0.0004713538954777,0.000251416302508478,0.00115789403374932,0.000139816119874599,0.000584127978967017,0.000370788932911876,0.0040205442575481,2.72532927253825e-17,0.00051936942763495,0.000409630391075605,0.00130496689680142,0.000830847338768344,0.000652251787401465,4.33831616551395e-23,0.00125491553132003
"C>G_CCT",1.78204229123427e-11,2.39680437206171e-11,0.00054083411010436,1.38043214961858e-11,2.90314615966752e-09,3.70081774056297e-09,0.00151654349013893,0.000757014408020827,0.0161341307007741,0.00719333506249995,3.80423130864988e-06,5.14555358737563e-09,0.000383507170546312,0.000497960458784558,0.000796231212790706,5.20254051821661e-14,0.00143868917110907
"C>G_GCA",2.51039375971242e-23,3.10694181524278e-14,2.06735537963256e-23,3.43965734960722e-23,2.09876849552625e-23,3.82042492864404e-23,1.86386016507121e-23,1.90604519772322e-21,0.00876313366060937,0.00276239872027162,1.5474361328128e-23,7.88706094031165e-23,0.00252356555248041,1.43277601168905e-23,1.65996514452018e-23,1.53808333438047e-16,0.000872735765819339
"C>G_GCC",0.00022488186417672,1.96144269617714e-07,0.000713763995285826,0.00191743542054351,1.34285955386832e-13,3.26730250486661e-07,0.000486648947692271,0.000345638946805416,0.00586987837286747,0.0072735479641337,8.01052905700411e-05,0.000830780681004052,0.000747155698876723,0.000399081734337936,0.000509892437194016,0.00118579434249286,1.97303946627376e-18
"C>G_GCG",2.51039375971242e-23,5.81815741471444e-13,3.38691632438574e-19,2.35588804112962e-23,2.09876849552625e-23,3.82042492864404e-23,1.86386016507121e-23,0.00236398065305367,0.00133165477595628,1.56871342559014e-10,1.5474361328128e-23,0.000141210896143322,0.000136795474964326,1.43277601168905e-23,1.65996514452018e-23,0.000823788616615959,2.90572904733518e-23
"C>G_GCT",7.95253426009174e-19,2.16848342452604e-23,0.00304585369534156,5.4539251947992e-18,6.32727974026519e-06,4.7306272083886e-15,1.15233019659415e-13,2.17163940184379e-23,0.0126552033065868,0.00437123952094703,2.58650078497628e-23,2.26274915414414e-23,4.3069599466234e-05,6.09310294293937e-05,0.000325773327102959,0.000252902750846073,0.000516488263678116
"C>G_TCA",0.0364040636074162,1.41726694162602e-05,0.0110417533328067,0.00186644139059233,5.3229686693781e-08,0.00538155263223436,0.00121076487145014,0.00763932069956898,0.00650132469132296,0.0127184640559435,0.00774309007311128,3.80894713687273e-08,0.00367201045939257,0.00342846143637863,0.0023632216939427,3.61898180799943e-20,0.00532978068229291
"C>G_TCC",0.00132092683526297,0.000224251846867231,0.00156814870764238,0.00557334066218265,2.15197196906711e-16,0.000251479978273057,0.00119366628528126,0.00107879208466386,0.0118666049215371,0.0102481467438242,2.7811026312993e-09,0.000268864610337533,1.09053146833934e-07,0.00153422115087252,0.000612521444610618,7.29821017925845e-15,3.85845275052785e-08
"C>G_TCG",2.27956486205305e-13,0.00184699856247157,0.00118814375872188,1.04376558044377e-07,1.13516881395059e-05,4.61263240003413e-20,0.000503077640339776,0.000855075358927474,0.00249858271280847,1.34771563181054e-15,0.00133241947254096,0.000314802991967973,0.000408090581811968,0.000613960432788299,0.00105746102423896,4.33831616551395e-23,3.47919509282576e-23
"C>G_TCT",0.0578867741586796,1.89516859908824e-06,0.0197052724904684,7.51718969727084e-06,7.540664956302e-05,0.000540140411634333,0.00595592365921199,0.0152568315751588,0.0159358387008622,0.0239850798985705,0.0177151353468175,0.00045734590714522,0.0070294109125454,0.00493930019479328,0.00233931866648587,3.64407599677753e-14,0.0142930160516283
"C>T_ACA",0.0130249018608686,2.76141146839324e-10,0.00246933127240998,2.49128182879515e-07,1.52378736858702e-16,0.00789557679217768,3.45056850307398e-09,2.59683022982954e-11,0.0196795876197115,0.0158860288895971,0.000219321810200138,6.3422531913932e-09,6.36361454148124e-09,5.92312348351049e-08,0.00215296659423656,0.00634975204077981,0.0160974516065813
"C>T_ACC",0.0162929267602808,0.0130603053945385,0.0157438566188967,0.0404428109606772,0.00745482425232115,0.0213874756215338,0.00556328675337355,0.0140009727628614,0.00538212876940825,0.00976542123455125,0.00931542375169256,0.0189286976308976,0.0159918070009632,0.0223147382653221,0.0231895484025014,0.00755843314510798,0.0585477734896583
"C>T_ACG",0.00401119505267659,0.000299609767614633,0.00237725474685112,9.97053038997385e-08,0.000276882359645303,3.01811207959559e-12,3.31920833920053e-12,9.88704153109245e-08,0.037290199485305,0.0191518932848885,0.000833357840430968,1.21881664868937e-06,9.13429356852863e-11,0.000380721300312347,6.90303986618936e-07,0.00102713431366587,0.00649393768649369
"C>T_ACT",0.00772501032493549,0.00210719308191871,0.00614763134317852,0.00990904752397561,0.000696616547752934,0.0178332900266049,6.62470006885674e-10,0.00283817054465381,0.0142502881332587,0.00710177883749852,6.15723056416871e-06,0.00507772934456867,0.00268418782768299,0.00569800577789777,0.00753082482581779,0.00604703053815433,0.03830416220143
"C>T_CCA",0.0242655645076692,0.0717847412000412,0.055729560840232,0.0760375991187014,0.0722162317691974,0.0282980310022916,0.071262044791949,0.0631287795545409,0.0060113364104833,0.01573133169547,0.0627773916469336,0.0675456351533481,0.0677815420176355,0.0698949932574111,0.0720297769293296,0.0198704640810416,0.0366162914659231
"C>T_CCC",0.0205323411440643,0.0933425810338267,0.0700694754407967,0.114720729156114,0.0886354307745004,0.0515533841519779,0.0828445735947937,0.0793486318809483,4.37375533854553e-08,0.00774179882905645,0.0730075095867854,0.0872016086616999,0.090477497263054,0.0963742858218159,0.0996668654255022,0.0140272832430121,0.0999528437039
"C>T_CCG",0.00696866396275176,0.0197787591614597,0.0149735132525468,0.01627728233641,0.0223740473814968,0.00167256754374791,0.0220632999481155,0.0165472932673124,0.025027175370633,0.011857015354515,0.0175277635091809,0.0183089252954301,0.0188030670600915,0.02008711471589,0.0191692254781044,0.00479500894965075,0.0185449566617908
"C>T_CCT",0.0312000138734802,0.0685937751977583,0.0565066339181295,0.0912486369165336,0.0699107758084256,0.0484092600880382,0.0647346238912021,0.0642327367899736,0.00359910815806625,0.0249659622229498,0.0588227963709117,0.0682064369778543,0.0687208453226919,0.0751614360863847,0.0789134043711233,0.0166614513566412,0.0594160349415883
"C>T_GCA",0.00320164082985245,3.99394588163232e-07,0.00315149536661878,1.60517164351311e-06,8.74977700466569e-17,1.63029504691565e-17,3.59155393173638e-14,0.000840983468222505,0.0185838552782052,0.00701464534559982,0.000858702234445182,0.00391572156890875,5.70163960244492e-11,0.000820613829332517,0.000664489063492974,0.000585687014822497,0.0177625735534402
"C>T_GCC",0.0151998262888682,0.0160983483016017,0.0148551046064988,0.0392389445358731,0.0115474815912764,0.0138932446928027,0.00778012342469535,0.0150729064587386,0.0114515899408279,0.0092444678346051,0.0121025960334624,0.0217853436693261,0.0175052925534673,0.0224386792247097,0.0241041613962431,0.00444791609085451,0.0526217682969081
"C>T_GCG",2.63610520958153e-07,6.57663907340424e-05,1.06482483330977e-20,9.77321435748946e-17,0.00114560317691589,1.56375905895424e-14,0.000412857842213762,2.17163940184379e-23,0.0240040912648244,0.0093510711035539,1.5474361328128e-23,4.4633419577845e-05,4.61419032123319e-07,0.00092115707690029,6.0634503302751e-07,0.000997388140983093,0.00769210922376118
"C>T_GCT",0.00876676450596846,0.0148764358968957,0.012824176536772,0.0231932627713928,0.0134918798303492,0.0119512576203453,0.0101650379357046,0.0112757047936366,0.0133821067053609,0.00652164630024875,0.0103466239603235,0.0163738727586162,0.0149729272982062,0.0170205056332086,0.0166904604581925,0.00250780434237172,0.0300945368260236
"C>T_TCA",0.350412500302188,0.127534759991472,0.19957223781303,0.0864530194151964,0.135926778662012,0.0890088668542607,0.15990845279494,0.186672244958547,0.000635125793051831,0.00227281586181237,0.197593601050795,0.105530902855754,0.151153354405248,0.137242634178407,0.118551895144018,0.0188899499479919,0.128105195882619
"C>T_TCC",0.0531398883938033,0.305058066090158,0.223688767323643,0.232376516986875,0.296108095941922,0.0873660264705738,0.299179917571523,0.247003504911851,3.02202228567339e-22,0.00408156783591068,0.254437531818346,0.238190026206187,0.268693820186296,0.266836788576399,0.275333418494529,0.0229303236417741,0.180614088276074
"C>T_TCG",0.0489039026571389,0.0973575564830975,0.078450276492584,0.0859140165358413,0.0939770374652518,0.0286499972920632,0.102466142439635,0.0890442104489142,0.00675002878143779,0.0224562188255467,0.094446392540476,0.0841412981034956,0.0949696196443452,0.093594672059507,0.0953215436276869,0.0125965355136736,0.0352687078451767
"C>T_TCT",0.206135502371158,0.0814188858159636,0.122535675922651,0.0839617475813463,0.0816577775274872,0.0662205099584321,0.0947758976948945,0.114630515518381,0.000124393283015845,0.0136766588575048,0.117265831198227,0.0746709940046009,0.0978923496539009,0.0947966590530585,0.0876139016647015,0.0221238584276984,0.108559564728858
"T>A_ATA",0.00168192252618045,0.00189269992036594,8.58368340460385e-06,0.00149733654748292,1.67968985017515e-05,0.00549048413948206,4.62315719078342e-05,0.00106822053842208,0.00753571574634062,0.0145287650817685,0.000697004653938687,0.00188932412420235,0.00110824254133907,0.0015240783988517,0.00108046590663864,0.002158285720905,2.75015695039264e-06
"T>A_ATC",0.00129841536409024,0.000308041659190774,0.000239342883908477,7.51092186323742e-10,0.000606383022878799,0.00636311501880841,0.00188655681266674,3.72567990075625e-11,0.00832421111030796,0.00739475871685261,0.000374569201619908,0.00256283012118846,0.00129188583096428,0.000466894007591411,0.0019619328211528,0.00331331867824845,1.83662682900158e-07
"T>A_ATG",0.00183829835258495,0.000449820566380873,0.00042155316567532,0.00169968085766243,0.001778445128234,0.00961224781892558,1.66618893641813e-05,0.00119170726668072,0.00734738005781822,0.00623905211289149,0.000986860457452342,0.00058064715866039,0.000776241953599539,0.000827333799391745,0.00187163462291794,0.00255301768686261,0.000916115041191522
"T>A_ATT",0.00221783114276898,0.00321447836303434,0.00232337146335655,0.00130680066226897,0.00465059504709204,0.0138295039050135,0.00441566941473172,0.00266347669731954,0.00920713605348827,0.0157079980763967,0.00243362475180222,0.00323298326108169,0.00391506083642666,0.00259588160156314,0.00378210534446646,0.00490425221954739,0.00475896839119757
"T>A_CTA",0.00136706571441344,0.00295362148088655,4.97224102840355e-05,2.35588804112962e-23,2.09876849552625e-23,0.00773341636836814,1.86386016507121e-23,0.000176890547493428,0.00634434064276661,0.00442477791253737,1.29052298420887e-17,5.77529341055092e-09,1.75077866147849e-23,1.43277601168905e-23,1.65996514452018e-23,4.33831616551395e-23,0.000953942467898316
"T>A_CTC",0.00720478162576687,0.00310419814238886,0.00248859026617445,0.00268032414308738,0.00114198557246491,0.00794604380296077,0.000625616650714772,4.12405168544219e-06,0.0108448838037218,0.0086558220207811,0.000368744215020779,0.00168255398299029,0.00143812720710545,0.000918487452631244,0.00211780434027795,0.0103494329881928,0.00166142431439588
"T>A_CTG",0.000104064745190135,0.000813092056137226,0.00148266395228579,0.00103488735792618,0.00177230403178398,0.01347326502684,0.000888897763203126,0.000996458359040728,0.0127733793992302,0.00056456638605352,0.000131160861823136,0.000298385126396123,0.000263905311771609,0.00096489335753214,0.000553894183343963,0.00546560942722605,0.0026391525800026
"T>A_CTT",0.00216689193599224,0.00327602576484924,0.00097001617734203,0.0021220800460401,0.00184925967160721,0.0146127100648853,0.000822781367600815,0.00204917473537946,0.0136568087443741,0.00927263064541666,0.00191644656787471,0.000571608051605761,0.000982311912443978,0.00186373225818156,0.00194838686856273,0.0217505956654341,4.36883927932114e-05
"T>A_GTA",2.51039375971242e-23,0.000228098913182612,0.00120972945052761,2.35588804112962e-23,2.09876849552625e-23,0.00447938056827065,1.86386016507121e-23,2.17163940184379e-23,0.00502185719755291,0.00235110666507465,5.37081849255905e-06,5.01393994712582e-08,0.000241942283751231,1.22300770512883e-20,0.00107997081145582,1.49653969096223e-05,2.90572904733518e-23
"T>A_GTC",0.000858614075218825,2.16848342452604e-23,0.00132217207361706,6.64809193893778e-23,0.000144655409235453,0.00338828239624419,3.12625223237001e-20,0.000353392794163316,0.00579921675037585,0.00375962028501587,1.5474361328128e-23,0.00117327831190155,1.75077866147849e-23,0.000378339700621504,0.000273122254538541,0.0015748192009125,0.000361568464947463
"T>A_GTG",0.00224713238238937,0.00110563763132125,0.00234844661820089,9.8391471535345e-11,0.00151330949603529,0.00419733025949094,3.10517244853949e-06,2.13232447023e-14,0.00686187769035722,0.00200076569313697,0.00033838761490366,0.00147589175296045,0.000506900216122785,0.000695494427524047,0.000532956782616915,0.00293474969097359,0.00120911647963844
"T>A_GTT",0.00185084806348148,0.000372727189088328,0.00116335319891489,0.00375300009100144,4.93057644226824e-09,0.0127663449700497,1.98562393264779e-06,0.000344826822252299,0.00716716141078056,0.00809186926627053,7.84548987767505e-10,0.000666587021843581,0.00101358452086212,0.00131132564468819,0.00133703108498208,0.00385876969317812,0.000788867318092542
"T>A_TTA",2.09430960065734e-07,0.000936113246467898,0.000452117820699579,0.0015868184483741,0.00211367632772117,0.0103612326470701,0.000626808183368841,0.000464265656603127,0.00577163298389934,0.0201414884055686,0.00129810432746678,0.00138388663428676,0.000815746895707008,0.000726147955031982,0.00115787579746139,0.0021983192480126,0.00120292802852571
"T>A_TTC",0.0017198120425191,0.00152422897686506,0.000874503099053642,0.00195662927770286,0.0015737622539146,0.00788235763634903,0.00106841057496766,0.00175770737547332,0.0066179937948208,0.00951049670600105,0.00134592516354357,0.00276206333643157,0.00121857226778873,0.00113119884049364,0.00167677164411662,0.00320661689617108,0.00071373776370393
"T>A_TTG",1.23347305151892e-06,0.00404421276216044,0.000791063867052279,2.89222715616016e-07,0.000709900467736943,0.00327524112148795,0.00158193287017499,0.000503784710865704,0.00658357516450256,0.00793715989352253,0.000400013299390778,0.00231107657271959,0.00147822710543512,0.000926667686415571,0.0014879589856857,0.00107326921493907,0.00139136452360893
"T>A_TTT",0.010404170534005,0.00276920901524118,0.00378396372970424,0.0116066162036,0.00359299732143943,0.0167965120639918,0.00117673518650219,0.00356021290960282,0.0107467058891405,0.018391554141113,0.00236911090376757,0.00544908750696396,0.00465182120133057,0.00512547551591213,0.00504704560371256,0.00775778761334945,0.000951349058336233
"T>C_ATA",0.00123819707628688,0.000700895413252533,0.000682684747412424,8.76070687935969e-08,0.00205546081634028,0.0123986989074576,0.00051603160061622,0.000877672144996443,0.011328966623251,0.0342219906432288,0.000225573843835462,0.00684630899877203,7.75778769282382e-10,0.000344915548966692,0.000460041546220195,0.00502839360366559,0.00150685593778148
"T>C_ATC",0.00082901221502429,0.00135736162457229,0.000251662792530347,0.00126215834586974,2.09876849552625e-23,0.00215802444477193,4.65085281523516e-13,2.17163940184379e-23,0.00834678758101975,0.0207240306284442,0.000342965477848436,0.00440908924996923,1.75077866147849e-23,7.83274953650106e-14,1.65996514452018e-23,0.00657325974309637,0.000543029195664954
"T>C_ATG",0.000567062841058827,0.00088053591656576,5.45470806377465e-20,0.0026307121289336,0.00010913890089137,0.0111177305659909,0.000462854084615683,0.00170254413193675,0.010255230595628,0.0273436991563632,0.000421596096179462,0.00847900750281574,1.24027946953698e-09,0.000800689980333892,5.19104577264401e-16,0.00698462303469711,3.89052752686469e-12
"T>C_ATT",0.00185985401150346,0.000977341089422093,0.00240828157088438,0.00119922659460281,0.00225044299895602,0.0100516752295717,0.000910053570534041,0.00105509068595987,0.015860413491269,0.0283348342363564,0.00112124788707624,0.00447586639945912,0.00104130421275813,0.000798497014452805,0.00128530082071755,0.00250010284911999,0.00138884907538086
"T>C_CTA",0.0016445621039785,0.000605793934300663,0.00100760092095499,0.00337428986502127,0.000506279456954326,0.00160210222071209,0.000734136631910162,0.000675003173852154,0.00560007118134747,0.0180904776989587,0.000694601279004486,0.00717797920672883,0.00144089448889819,0.00117455882802835,0.000899546721443216,0.00941409458837373,0.00157574010338202
"T>C_CTC",0.00414683461402642,0.000694386383034354,0.000519734485115423,0.00465250468253912,0.000950109914652327,0.00818172417373698,1.32162658379918e-06,0.000267251606899744,0.00978096320658834,0.0173935778573195,4.03202954046417e-05,0.00494973701536752,0.001099769479375,0.000682534416212219,0.000598679446646382,0.0326537242819436,7.9723793619286e-06
"T>C_CTG",1.48550905401781e-09,0.000149206801121602,0.00105362671449067,0.00200369106240847,0.00207487085924439,0.00825324533933285,0.0016963925853852,0.000905094883452757,0.0104461802929762,0.0122692234923628,0.000471746901468346,0.00861971783954869,0.00120706933704823,0.000837564423491216,0.000756264823675832,0.0256943491279786,0.000778583363854543
"T>C_CTT",0.00150324448818399,0.0044857736103647,0.000812659844637386,0.0036289353801648,0.00995290178091066,0.00195423912484037,0.00306017515327104,0.0028838845225723,0.0107283865895552,0.0174916221890546,0.00434200208631569,0.00923665573756589,0.00251956040365635,0.00386109989486677,0.00347737241810896,0.0664711991812746,0.000587752021871663
"T>C_GTA",0.000600178946094063,0.00090324614020947,0.000632103280000009,2.35588804112962e-23,2.09876849552625e-23,1.72823771779164e-16,6.50431618947772e-22,0.00124375893111077,0.0110346322817891,0.0263497483929262,1.5474361328128e-23,0.0122301508602977,1.75077866147849e-23,1.43277601168905e-23,8.68994680415238e-05,7.54726901679041e-16,7.19225485032647e-22
"T>C_GTC",2.09379736860502e-07,2.93158535350566e-11,0.000719595120403482,2.33284762874794e-16,0.00122977290816012,0.000588771212792114,0.0002623911183569,2.17163940184379e-23,0.00735772123261323,0.0187628633120613,1.5474361328128e-23,0.00512465403247965,0.000306374055736138,0.000302775204806401,3.60674079546194e-05,0.00780976042801912,0.000745213764595358
"T>C_GTG",0.000217444170121494,1.14763549645954e-13,2.06735537963256e-23,0.000302437740718702,2.77544663631448e-09,0.00316256744883899,0.000884379112124356,0.00128445193566998,0.00973850875868313,0.0194343144874619,7.10707797888216e-11,0.00877135566854498,1.75077866147849e-23,1.43277601168905e-23,0.000489184673785753,0.00437597989856744,0.000576936034959532
"T>C_GTT",0.00116333705501064,0.00813320397096193,0.00467591875115811,0.00542964246179275,0.0102757738778904,0.00248948889671327,0.00846956799794387,0.00564875923468221,0.00956332108892257,0.0257476214274179,0.00608855550583953,0.0153365837489573,0.00706989955338368,0.00759294293225297,0.00807294727001411,0.00652965133788831,0.00219315132825332
"T>C_TTA",0.00305234922968077,0.00177022172742611,0.00313764967043495,0.00591773485049025,0.00187030854264982,3.30826220640818e-09,0.0018794855756156,0.00179853040103248,0.00792922597376048,0.0272596462522457,0.0019442284967896,0.0111281769016886,0.00216125675422732,0.00175971693058748,0.000723274418148715,0.00354985416285364,5.82647529127264e-08
"T>C_TTC",0.00294012897815667,0.00216954578446659,0.00159805361261686,0.000958782913596907,0.00349105521249033,0.000815762150937884,0.00178156620055868,0.000861077024751908,0.010022227962506,0.0190678197979691,0.000635547917551976,0.00705063034152958,0.00300478025658375,0.00227632762451792,0.00128203706010425,0.0107561807916048,0.00236008792889909
"T>C_TTG",0.000409147388445096,0.00144751427451618,0.00136345938779238,0.00243161079102372,0.00192881593444833,0.00237181781772265,0.00217098392284914,0.00145335271735614,0.00737453695178071,0.0131549783914823,0.00180548089709927,0.00739818317810005,0.00229064284213643,0.00206806354237469,0.00158503161524243,0.00664286659481757,0.00214384323873114
"T>C_TTT",0.00262736395850728,0.00398916881463416,0.00206668953676283,0.000253133721989711,0.0037599204875964,0.00384503426375714,0.00241615449444883,0.00144498256899465,0.00611440665947358,0.0369420095461165,0.00162851313425699,0.0077178933881899,0.00262825558704575,0.00154139918880326,0.00307798119516811,0.0101838834362257,0.000901349604867846
"T>G_ATA",2.51039375971242e-23,2.16848342452604e-23,0.00011904923710037,1.24323446931815e-08,0.00150275550413172,5.31352940028456e-07,0.000318643652243368,2.17163940184379e-23,0.000735304109469405,0.0306363225261361,1.5474361328128e-23,5.72510697355968e-06,3.06547041950061e-16,1.59343408659687e-12,1.25110463015106e-16,0.00295054242786248,0.000397634246045758
"T>G_ATC",0.000140226913012987,9.26612349878028e-09,0.00105569036412664,2.35588804112962e-23,2.09876849552625e-23,0.00144317262490111,0.000333085173038141,0.000334060453457581,0.000597806317723953,0.00274370735133975,1.5474361328128e-23,1.0040423262e-06,0.000145996751674818,3.22397392510393e-05,1.65996514452018e-23,0.0133016708611327,1.10524453727127e-14
"T>G_ATG",0.000946477590524238,0.00284246430528323,0.000986829601526808,0.000754024693752493,9.94432597351109e-06,0.00318485976896961,0.000834110507512212,0.00193593811920303,0.00724154699976333,0.00521415490612582,0.000742613589076867,0.000664407094950473,0.00136040979160035,0.00150285207858652,0.000122709471749783,0.00276517900442435,0.00126334966199482
"T>G_ATT",0.00167163658744044,7.44247662283527e-20,0.0011083030948372,2.20744205391788e-21,2.09876849552625e-23,0.00202208228754866,3.52253255827e-16,2.17163940184379e-23,0.00152507379838885,0.0114817381873671,3.92201608464392e-06,0.000595557994769107,0.00174625371524339,1.43277601168905e-23,0.000486699304815222,0.0465362453532934,0.00221885322854879
"T>G_CTA",4.51078828105003e-23,2.16848342452604e-23,0.000746649284201004,2.35588804112962e-23,0.000176853564134524,0.00279268725386167,1.86386016507121e-23,2.17163940184379e-23,2.043797777564e-06,0.0149728744948688,9.81919226335245e-05,0.000448111642076885,0.000289174628615769,0.000401451660642342,1.54815780021324e-07,0.00304614631250937,0.00182990070638039
"T>G_CTC",3.0739990473334e-07,4.65821121409956e-12,0.00195330556601419,0.000940587601619925,0.00137216807301398,0.000193501199112013,0.00167734926525339,0.000766535782954546,0.00454051797405421,0.00369330885738377,0.00095372882619607,0.00127460308451209,0.0016830237968413,0.000259164246257279,0.0014775894270605,0.0179276344686386,0.00216866731991031
"T>G_CTG",0.000556066422867039,0.00071398974957048,0.000939483690999865,0.000237801242453499,0.00151469400174903,0.00268213899895877,0.00118582971260098,0.000579538647943326,0.00783049318313024,0.00944540305279072,0.000699912544380047,0.00196805004973442,0.00117265623169427,0.000745391399724521,0.00139878787587207,0.0132319253223038,0.00216206510178567
"T>G_CTT",4.1525845030624e-10,5.03194873027596e-05,2.8963876440485e-09,0.000160175242868033,0.00799609123492248,1.14882052748716e-09,1.71979114917995e-12,8.43635324919919e-14,0.00476066930981921,8.1736543823873e-05,0.00124426419272778,0.0038174158242818,6.80883924335679e-10,0.0013726958886375,6.1263082223806e-11,0.189288535627795,7.98762366630534e-06
"T>G_GTA",7.0588603785372e-16,1.57307704115543e-06,0.000647298130666223,0.000352897072471457,0.000283442221660761,3.82042492864404e-23,0.000310010032067333,2.17163940184379e-23,0.00421178776876668,2.48014142387327e-15,3.92852863276123e-08,0.0024178899933915,0.000609025665483811,0.000185645094088011,1.65996514452018e-23,4.33831616551395e-23,2.90572904733518e-23
"T>G_GTC",2.51039375971242e-23,5.83630159056908e-06,2.06735537963256e-23,2.35588804112962e-23,2.09876849552625e-23,3.82042492864404e-23,1.86386016507121e-23,2.17163940184379e-23,0.00299723656171741,0.00277602229203477,9.9597993135085e-05,2.26274915414414e-23,1.75077866147849e-23,0.00106650053835702,8.4101263217073e-22,0.00214469390511501,2.90572904733518e-23
"T>G_GTG",0.000209088117703915,0.00113359949450329,0.00191104092671817,0.00370205956311977,0.000987510686213949,0.00343733725842935,0.00187030031170297,0.00165309014597351,0.0110215527243766,0.00749037077124137,0.00122367686777417,0.000567237280624204,0.00122340875660429,0.00176250286111287,0.00202451029230392,0.00386149840983051,2.30333437298999e-07
"T>G_GTT",1.28490389976402e-08,0.000951402300779048,1.83896648115263e-05,0.00066876672225858,0.00236731080838904,0.00482895946250734,0.000542642160659086,0.000191473236694016,0.00474440013026032,0.00578381469112723,0.00168799317342833,0.00106772201461407,0.000607730222040741,0.0010385549835707,0.000493320424441057,0.0491064404503925,2.75130728730874e-10
"T>G_TTA",2.51039375971242e-23,2.16848342452604e-23,0.000389660855958066,0.000917617911692597,2.09876849552625e-23,3.82042492864404e-23,7.89467772087239e-19,3.58735369569963e-11,0.000102816967657783,0.0432546118178875,1.5474361328128e-23,2.26274915414414e-23,5.76487783648079e-23,0.000351298114565682,1.65996514452018e-23,0.00713810659544515,2.04823686433061e-12
"T>G_TTC",0.000539480517199591,0.000311855109669799,0.000760685490493465,0.000951837893742925,1.83308975841401e-08,0.00376528439925317,0.00164381537720169,0.00123330635578381,0.00319472194360524,0.00736151925924021,0.00142169518561755,0.000646650688566819,0.00164472871594864,0.000857499313565656,0.0019848929319013,0.0120325017749273,0.0014778806761014
"T>G_TTG",0.0042726489262967,0.000617784343701,0.000787115317347414,0.00130961825762229,0.00125856223129009,9.38762704978512e-05,3.303132531465e-05,1.65386470219811e-08,0.00631595973531085,0.0118289367497802,0.000295174812394773,0.000923857457064755,0.00241798223967338,0.000987664517178811,0.00187978924637692,0.00461495474234387,0.00065066661693186
"T>G_TTT",0.00334117322077081,0.00243082606346252,0.00513696183882535,0.00129133768599829,6.82012681279799e-19,0.00787281837813541,0.00328585604114923,0.000900917053626026,0.00210300835084416,0.02705760478104,0.0024577192840589,6.415479918118e-07,0.00636272807601344,4.52388329040156e-11,0.00118778070863426,0.101480396055425,0.00707459114633934
