"","Signature1","Signature2","Signature3","Signature4","Signature5","Signature6","Signature7","Signature8","Signature9","Signature10","Signature11","Signature12"
"C>A_ACA",0.0242977658032166,0.00205631251209096,0.0101709887974914,0.00124301380853332,0.00366700242430216,0.0106448823709611,0.0422826905451833,0.0117218902232515,0.00678735497723433,0.0253257128287286,0.00274227779113044,1.64550320523286e-15
"C>A_ACC",0.0204418514034682,0.000676762901616208,0.0109054901816151,5.33874565065362e-06,0.00470988568114796,0.00537924747768827,0.0198112014756496,0.00864860484339222,0.00438368974657,0.0247031908650384,0.00368047251261169,0.00174228064150256
"C>A_ACG",0.00227748173814226,0.000127790644648251,0.000528707712052949,1.34504185683979e-11,0.00126430263488615,0.000492065546319701,0.00256395352910506,0.00191492891629853,0.0016807055658918,0.00226634464720984,0.000529614076795739,0.000336640404850709
"C>A_ACT",0.0201332538350666,0.00473463768066995,0.00770097053338597,0.00133613738495281,0.00160953191225515,0.00290383461843567,0.0247835985786711,0.00597471646668694,0.0183545113963358,0.024418542083358,1.04602380599805e-05,0.00354956374534726
"C>A_CCA",0.0180072746486798,0.00278170391151463,5.27908347964552e-06,0.000762760026290473,0.0122602090266391,0.00968397061417778,0.0547065497304298,0.0097903024995763,0.0122720989450268,0.0188331264283,0.00134374541039095,0.0088818854830455
"C>A_CCC",0.0147163366417242,0.00114340242469897,0.00526037143279689,0.000424536390612182,0.0271912745726183,4.72039845210953e-06,0.0167239013879329,0.0101600339428673,0.00743849714920035,0.0183651540248936,0.00144173810409056,0.0141013892383632
"C>A_CCG",2.31659083091765e-22,0.000713591112889861,1.92769348412363e-06,2.50458475416122e-22,0.00949463851147047,3.40677485082899e-22,0.00825570796084594,4.04366516734021e-15,0.000479271442171176,0.000458715683632519,0.0028361017249837,0.00528424009737934
"C>A_CCT",0.0133451275998317,1.87317217784087e-22,3.76576682428238e-05,2.50458475416122e-22,0.0528477322212054,0.0161271568555546,0.0267348341391747,0.00362065683447322,0.0613239917510864,0.0127139706615364,1.09508252565946e-07,0.0401740420520111
"C>A_GCA",0.0124036492774524,0.00758381793087052,0.00464394268563491,0.00490738893913667,0.00503724565685621,0.00618761511591473,0.0787338928255081,0.00625516750581981,0.0076366517549248,0.00809614456857601,0.0011526971632985,0.00168219392862995
"C>A_GCC",0.0110391424700719,0.0015494352849493,0.00980668400620047,0.00112771727906418,0.00570283196464625,0.00947240044600457,0.014713472902555,0.00608496357192495,0.0102236394708613,0.0114236289805965,0.00439525846249762,0.00664912370232744
"C>A_GCG",4.54087852034772e-09,0.00115065695681336,1.70049415578179e-07,0.000983586340389493,0.00236183575536537,0.00209522463874123,0.00613824604071619,0.00114032272057167,2.88250967502693e-19,3.41574292953089e-22,0.000703309190904455,0.0026192887926545
"C>A_GCT",0.0112982009706879,0.00316064253863424,1.65542183584062e-06,0.00291906650886902,0.00392897394102331,0.0140326227906845,0.0484590475896161,1.53586067849518e-09,0.0384311177854617,0.0102034963183315,1.75609300445908e-07,0.0206798522692171
"C>A_TCA",0.0258328102267368,0.00051925772108053,0.00656715769849788,0.00371953112899528,0.00454019039289617,0.0330139008540111,0.0484660147925723,0.0122608755444735,0.00398162846306875,0.0174025411600959,0.00909447289720558,0.00167970841925696
"C>A_TCC",0.0120128269009191,0.000415392415970636,0.00375655815425689,0.00155568579744961,0.00560393465776227,0.0102385173037603,0.0330224213614483,0.00950486520175821,0.0127119288334392,0.0168088395116266,0.00372465616731253,0.00390797874154236
"C>A_TCG",0.000253619016507763,0.00237235531585503,0.000450798247606957,0.00101387375960568,0.00173090190007195,0.00178229149531619,0.0110292131741234,0.00198368793963248,3.48494484876515e-14,0.0015019661731262,0.00125450883771084,0.00188485489547343
"C>A_TCT",0.0362980519701411,0.00483939961478737,0.0122406162446746,0.00445667522938395,0.00406329288383245,0.0386100692103688,0.082725222766224,0.00986217351756563,0.0350951322252722,0.0143404826482717,0.0023805946543146,0.00959266648240547
"C>G_ACA",0.00625845309810222,0.0016091176909285,0.00392492077945351,0.000806911786166547,0.00343344205116204,0.00457901025823977,0.00477460420015281,3.37526512713319e-09,0.000911309126544977,0.0207197725710595,0.00462466370839079,0.00148958844790469
"C>G_ACC",0.00223302555676102,0.00196535431614411,6.64460130945502e-05,0.00205417792935067,0.00291701041770924,8.52959652455454e-12,0.00408003482510807,0.00387348753447024,0.00104874384511289,0.0113211904518107,4.36916813552227e-07,0.0003735976805106
"C>G_ACG",0.000661790575535646,1.87317217784087e-22,0.0003934551764345,1.88801461294504e-06,0.000984890377286891,0.00122423598826285,0.00182559301091533,2.56027216027461e-22,0.00105626333492266,0.00348977006216047,4.28283257528129e-05,0.000416812788915121
"C>G_ACT",0.00576363522714179,0.00211648841461512,0.00374573383960731,0.00028167518873157,0.00359364450635386,0.00149172375346952,0.0078999035194067,0.00126047903409984,0.00175732332431037,0.0200706354759036,0.00213505705243687,0.00210556240107009
"C>G_CCA",0.00443996024576485,0.0016817371440868,0.0014289769782203,0.000854699164230976,0.000469238154603823,0.00290800958056384,0.00400772068153217,0.000582332875121056,0.00341288267126918,0.0139575016118082,0.00165809432863125,0.000519408560631812
"C>G_CCC",0.0036714287846466,0.000443687394386944,0.00286360068578045,0.000897692673188048,0.00139030855672566,0.00265341248793631,0.00539596665019912,4.0284180011107e-22,0.00114859825280386,0.010399625727595,0.00321621709102151,0.000391703012335896
"C>G_CCG",2.31659083091765e-22,1.87317217784087e-22,0.00149595063567375,0.000164611091325459,0.000368499606165755,0.000646780047769746,0.00372854082266957,0.000243105965718894,2.17057033038209e-22,0.00274866369301265,2.83793530312133e-22,0.000669859012311001
"C>G_CCT",0.00504555751549635,0.00108298328522127,0.000707810626158104,0.000412133670865712,0.00132179859193908,0.00450165305538894,0.00689357893101398,0.000723279760459322,0.00119180607107631,0.019374169356379,0.00379841985072195,0.0012897127924916
"C>G_GCA",0.00263280535033313,0.00165671685083457,0.00178719302581241,0.000764567838980486,0.00073246416951644,3.40677485082899e-22,0.00252416801986757,2.41788532936084e-15,2.4708100896349e-05,0.0101832491453593,0.00124756507000401,0.0023843361728106
"C>G_GCC",0.00311426175045823,0.000697936588933554,0.00299015791656587,4.9195129516352e-05,0.00144631173951851,0.00105753126747015,0.00153522079782337,0.00290080871490817,0.00391118166980716,0.00763769903013386,0.00215812427129205,0.00190576453039207
"C>G_GCG",2.31659083091765e-22,1.87317217784087e-22,0.000373684161998174,8.45549505824889e-20,0.000331588909105212,0.000321649067231554,0.00089192990753645,0.000188899436433046,0.000545438345492276,0.00175950374182713,7.54911271610731e-11,0.000571880555113181
"C>G_GCT",0.00516721454922115,0.00253305129335872,4.88966437710536e-11,0.000939693228600557,0.00156244268684104,0.00388230983660244,0.00278880222164401,0.00154262883747184,8.97457801698328e-05,0.0134099914652986,0.00133226433386292,0.00294076999092893
"C>G_TCA",5.78583062715703e-10,0.00169940775759584,4.5683470408939e-07,3.91248628514436e-08,0.00211684145210559,0.0778702223685517,8.9023841139e-07,0.00165919063179636,8.26220847906536e-10,0.0401245577670139,2.71672725345433e-05,0.000413048030191194
"C>G_TCC",0.00191384681748893,0.0013873644186976,3.00534176432584e-10,0.000220930070064159,0.00138753006666077,0.017175674796599,0.00503573632442315,0.00231455203095643,0.000771811918990079,0.021101732453493,0.00180903731871309,0.00171237531231568
"C>G_TCG",2.31659083091765e-22,1.87317217784087e-22,1.08598828503526e-06,0.000150858409449176,0.000195164779472539,0.00502178238814666,0.000870385111239852,8.99222162923402e-14,0.000438825908713473,0.00251831436552006,2.83793530312133e-22,0.000641593633317159
"C>G_TCT",0.000189468712561005,0.00456700022102845,0.00643558274919736,0.000297471859993047,0.00164243179839723,0.0931231682156786,0.00271933211459209,0.00282122844033343,1.14574830677679e-05,0.0583165422389895,0.00233297192781907,0.000434034099022187
"C>T_ACA",0.0130217385742087,0.0095883572170386,0.027738891859378,0.00558926077102977,0.0294071652688196,0.00169200109476155,0.0125058456454547,0.0279752736114824,0.0165649128841849,0.0177625869487719,0.0126874192640992,0.0137859178256618
"C>T_ACC",0.00527826062253049,0.00353509880767541,0.0287733167436593,0.000976004924593518,0.0162154309130274,0.00299002941345133,0.007955115331773,0.00851463258050737,0.0144074221922909,0.00958772743321033,0.00966425520721685,0.015090724336643
"C>T_ACG",0.0118123456314389,0.0089280930662537,0.0605047031557249,1.33692479093374e-06,0.0583568040061865,0.0105183051733713,0.0382823564138016,0.192681501716262,0.00320622281157178,0.00469305744401407,0.0120813150748225,0.026415249028827
"C>T_ACT",0.0138564058148158,0.00487650019894538,0.0241160830741438,0.00384802933437865,0.0129877768368688,0.00399074561190343,0.014692130924931,0.0121075915655376,0.0179025221845058,0.017920154910987,3.76203713036072e-05,0.00918838219887512
"C>T_CCA",0.00852369560621287,0.0192876368924262,0.0328701126952114,0.0128464810921814,0.0133494410880303,0.00925571526215875,0.00983620439384769,0.0177121960317714,0.000241891452897882,0.0112512756997558,0.0289398034925309,0.00369226409944356
"C>T_CCC",0.00511174637167555,0.00223334987319285,0.0422869542349518,0.000997860973645121,0.0097063240583726,0.00571939780559929,0.00763789680606869,0.0148267144626294,0.00783917511721621,0.00870921677639904,0.0159499112300599,0.00690144477456456
"C>T_CCG",5.8619443559077e-06,0.0130218961568476,0.035706304331205,0.0047163298892172,0.0695128336243503,0.00399579458243777,0.0163101826500617,0.117080159238603,0.00807057886033831,0.00263807137267433,0.0108987648048629,0.025882530174739
"C>T_CCT",0.0174082395045585,0.00792596345289771,0.034167428884587,0.00565884127062223,0.0124113959575713,0.00281493341111146,0.0139908765451822,0.0135810649162386,0.0112067651128261,0.0174212961680274,0.0224998035215835,0.00720130190214358
"C>T_GCA",0.000763919471179644,0.00122120699037977,0.0214476089391528,0.00248489329605192,0.057849700068885,0.00270298446467103,3.56563153598221e-08,0.0253542199638345,0.0237752121196719,0.00880687678334714,0.0114596728467685,0.0480298131633336
"C>T_GCC",1.96364008560851e-09,5.58498786609269e-13,0.0297081557464422,3.71702602702029e-05,0.0555147293951231,0.00123932250322689,0.00453997814996503,0.0270272288537124,0.0191610159569394,0.00345727091099617,0.0200766780607678,0.0956639680719691
"C>T_GCG",0.0067539482251446,0.00843339564448565,0.0268851041244074,0.00471340798237852,0.089282042151879,0.00365724315380953,0.0217053698827173,0.127701937232924,0.00663045598413534,5.59676405930474e-05,0.00241921928415426,0.120190723479444
"C>T_GCT",0.00476648650954218,0.00130278260280559,0.0195659731908636,0.000443939985785629,0.040107005035839,0.00741131756797267,0.00540180646812902,0.0177208698934773,0.0212549594540541,0.00747397857760982,0.0131904678175169,0.0606221164792235
"C>T_TCA",1.35836189213609e-08,0.00926568972247549,0.14456370368427,0.00548824075503187,0.00607354041638181,0.0774543711906446,0.00210638795050072,0.0020096756058777,0.0141631902834763,0.03600111718366,0.000554818140103293,0.00221830831694349
"C>T_TCC",0.00449783774960958,0.014496664883694,0.0665882620220875,0.00729300852957377,0.00621858859282712,0.0243680477328504,0.0123679514397382,0.00823716403890618,0.0176407858773192,0.0144524674524129,0.0123812663012646,0.0087088871778656
"C>T_TCG",0.00361095934114058,0.0142467006490788,0.042259968871837,0.00740533840813245,0.027091390793841,0.0130432101986518,0.0173431562359633,0.08756508522833,0.000142973398946732,0.00208123720936286,3.39299549988044e-05,0.00721668806970272
"C>T_TCT",0.00907477857934243,0.0150123381460183,0.092396547673628,0.00808740156563294,8.77230951258551e-08,0.0454682782682653,0.00783432645295285,0.00687367975008568,0.0185753139121656,0.0224248429141362,0.00657582673204662,0.00224530570131811
"T>A_ATA",0.0149741591801335,0.000781061388830016,0.0084837519768916,3.86037838204115e-10,0.0015252335655361,0.00762080982540819,0.00613465560200344,0.00487110291425975,0.00925841556000978,0.00968260899686058,0.0069942115060431,0.00168041125451075
"T>A_ATC",0.00670188320032413,0.00236606894735994,0.00374211002107182,0.00198597836250946,4.7108591742293e-20,0.00358167868398379,0.0044981300713438,0.00326589534414678,0.0136788693914285,0.00929819210695805,0.0100599114769557,0.010765347041433
"T>A_ATG",0.0123184833751732,0.0010720984903553,0.00765278549764011,0.00135359388050342,0.00310625092214161,0.00310720455025426,0.00787455335942196,0.0032994803897988,0.00334868998175999,0.00987967693893563,0.00577171819101101,2.75282954236632e-10
"T>A_ATT",0.0270323815640694,0.0025700714571162,0.0115966110283615,0.00414329230472719,0.00397572254033537,0.0115188314968559,0.011689473049765,0.00953775280536659,0.00639311555801738,0.0120140586319893,0.00579410097450694,0.00532513037972658
"T>A_CTA",0.01097701757636,1.87317217784087e-22,0.00505658162185253,0.00111213304099675,0.000224588177109292,0.00212830023431277,0.00501467250056903,0.00199415536686212,0.00374010766273631,0.00874176959738551,0.00627977581482358,0.000370510471346011
"T>A_CTC",0.0104238243611004,0.0116505742141578,0.00587020150085966,0.0147711463626495,0.00348936551774641,9.03422322242784e-17,0.00698994984557516,0.00254662467273859,0.00686962229122308,0.0166416130387862,0.00806744149200468,0.00398945610333167
"T>A_CTG",0.0104877025246591,0.00540250961544951,0.00750280139122425,0.00550844225849031,0.000979475069961681,0.000701576708233401,0.0078075704179899,0.00263295387462341,0.00758207268802866,0.0141191427868871,0.0127308828754137,0.00113339473683919
"T>A_CTT",0.0181583430650709,0.0335689575824385,0.00763058064513754,0.0210391973488756,1.76989186409135e-12,0.00182858944762695,0.0109167816765114,0.00221505661049221,0.0117439719198495,0.0219659440612771,0.000418733892418094,2.88867269101292e-15
"T>A_GTA",0.00621837847982641,0.000327707697349322,0.00517383789702252,4.43699016847906e-10,7.28056322627597e-20,0.00180530408720824,0.00418522246258868,0.000591228353276526,0.00680101515335893,0.00615162361390793,9.61576415389041e-06,0.000239788109692759
"T>A_GTC",0.00541192624107624,0.00276208222067781,0.00275481795316825,0.00346458681860921,0.00176735465526904,4.15314277329742e-09,0.0037814212849951,0.000635834511511792,0.00954827240930721,0.0067701151451415,0.00281261652883053,0.0054249188215264
"T>A_GTG",0.00596319139479022,0.00439697633161312,0.000896682959151919,0.00261709154096384,6.68412892496583e-07,0.00104805380785216,0.00464056384749187,0.00227510845099562,0.00645102077575692,0.00934398895040871,0.00479079973145109,0.00162752711876217
"T>A_GTT",0.0103303810424261,0.00547695145384318,0.00533305549714317,0.00198174127358235,0.00145255553375271,5.41166480172921e-07,0.00870622649394981,0.00273465718438574,0.00600376073548388,0.0124114356082536,0.00302843241505217,0.00250783473268561
"T>A_TTA",0.0222427014342608,3.21654644312463e-05,0.00715470943882274,0.00190994954913442,0.00261766250463115,0.0148576871850359,0.00901858053284999,0.0054871720899228,0.00540933423865627,0.00845666526806683,0.0137050526689984,8.47732655255234e-06
"T>A_TTC",0.00736104597647808,0.00246185523028882,0.00378674977589352,0.00709507344916431,0.00545913766665482,4.2085073075718e-13,0.00672386324510931,0.00242111754972888,0.00788612398971828,0.00985619679449775,0.0042021880145707,0.00304131813678241
"T>A_TTG",0.012346017980715,5.25572847823637e-14,0.00367434714950868,0.00243139915586313,0.0011713375411436,0.0110246040167973,0.00551571085542676,0.000996480487379026,0.00537553535265196,0.0062178136396107,0.00517457335978075,6.7436637636162e-09
"T>A_TTT",0.0223683297023838,0.00322005536842469,0.00698547165516211,0.0122356016879334,0.00412985073222303,0.00418412653241654,0.0123160152951804,0.00511723072731284,0.00892461854018925,0.0216037973863121,0.00552541411560943,2.84227562070483e-15
"T>C_ATA",0.0288718597065156,0.000445518360656912,0.0080449869094459,0.00114985929698782,0.025369020080738,0.0158492572840679,0.011702176692266,0.00873330382763643,1.21367511642117e-05,0.0116394165249055,0.0854237827451399,0.020126835225095
"T>C_ATC",0.011292775266752,0.00865474369437689,0.00306123875487132,0.00716372091083184,0.0172974897792517,0.00494159403653466,0.0052979345803105,0.00378150508793999,0.0126014501977236,0.00607527805228193,0.0255957815473992,0.0138798420830729
"T>C_ATG",0.0194712171574661,0.00306515547211075,0.0103275538143298,0.00440111420295416,0.0368343666139342,0.00867465583657445,0.00347480733590267,0.00641904082416358,0.0130921734520436,0.00701457991537326,0.0460388608050565,0.0242931649219872
"T>C_ATT",0.0310309806659129,0.00156337684057183,0.0105959164868711,0.000546625784999077,0.012237273360522,0.0191296584961151,0.0133654383686797,0.00606856609149503,0.000375336583703253,0.01728888593941,0.0556627151792498,0.0115574525567951
"T>C_CTA",0.0111534628647234,0.00772700488142665,0.00172263227653323,0.0145082092748851,0.0180932664710879,0.0071530546488806,0.00208452951448894,0.00201665770651089,0.0165863893946444,0.0047296719969784,0.0183042543915965,0.0155096539737043
"T>C_CTC",0.0110220454672025,0.0402716675307866,0.00342706405470567,0.0426204948948694,0.0145047286585749,0.00163492509750895,0.00628788504142801,0.00474515665296988,0.0144195084884196,0.0104879257338377,0.0238757274867802,0.0108506975684355
"T>C_CTG",0.0135177386607985,0.0281224189066153,0.00282829022790996,0.0344758780718447,0.0378476340793711,0.00226860396141128,1.03373201638322e-07,0.00666131850953507,0.0109517914251308,0.00371246326465628,0.030761110774333,0.0290462191615564
"T>C_CTT",0.0272680821251172,0.109082055857669,0.00472745624576638,0.0478838854396491,0.0107805788129412,0.0337387669280909,0.00237503909105225,0.00300656523378838,0.0148589702746558,0.00597066849097236,0.0313906768232137,0.00724116471708082
"T>C_GTA",6.75997690813694e-18,7.40108092235709e-10,0.000167422006401796,8.78027017275137e-08,0.0125196079315504,2.00878547193731e-18,2.35648537820133e-22,0.0102728200793146,0.0739405019501378,2.35380062655599e-14,0.0527612244060294,0.0467554949165155
"T>C_GTC",0.00484423698315398,0.0106496966258798,4.88570231078699e-06,0.0088789717929599,6.07158542897084e-14,0.0062113109757304,0.00444647151151774,0.00684663012305353,0.034842492326713,0.00300145492007723,0.0262410179613431,0.0401451807293891
"T>C_GTG",0.00258757556195496,0.00525280271119761,0.000357125971705251,0.0045887806853428,0.0124148683612316,0.005158023904586,0.00183923927389947,0.00572191998121633,0.0499356522437867,0.000256961544913739,0.036791052464779,0.0297293003611961
"T>C_GTT",0.00672044949046807,0.00792681974659176,0.00150379915358899,0.00218460772551141,0.00431389071872854,0.00849913942737229,0.00629177693371431,0.0109006787898924,0.0578175843073758,0.00306524419663598,0.0393147089965736,0.0258431143550315
"T>C_TTA",0.0118158400101147,0.000517790666657374,6.18139717655405e-06,0.00608916100374804,0.0190158995482416,0.00727792622960744,0.00167233413163385,0.00783648394160942,0.0269095167828541,0.00418359522078043,0.0402428993981081,0.0169689108889869
"T>C_TTC",0.00853176968709964,0.011049633506311,7.91017710727677e-07,0.020861549241065,0.0114442896030925,0.00598027724071101,0.00809532183125552,0.00237363998183711,0.0189010412514206,0.00642600181604262,0.0296075898572476,0.0176026350155348
"T>C_TTG",0.00445517093063829,0.00508981568531878,6.59962970371669e-06,0.0104172285814709,0.0189677217675636,0.00854842207165643,0.00117144613133553,0.00798213658772898,0.0155311418330356,0.00131430911446881,0.0267253698821498,0.0122957088497913
"T>C_TTT",0.0263962731603364,0.00600096047307758,0.0011306754731682,0.0142561227878409,0.0136712934213337,0.0222256550473542,0.00361929337889605,0.00264671879632009,0.0249057730874245,0.00652888703694327,0.0304772814123074,0.0133580713955325
"T>G_ATA",0.0253794645306992,0.000347049474140472,5.00524946124811e-12,0.00435266550224447,0.00258922670633728,0.0248292161179759,0.00306530460767484,6.84074979249124e-07,0.00408029189242638,3.27569700363768e-10,0.0100012033991237,0.000501108009809078
"T>G_ATC",0.00369420492061704,0.00597083306435946,0.00333037891338453,0.0123243297837603,0.00166282965277438,0.00151009172701934,0.00125499228539362,0.00139204456642722,0.00260432553701823,0.00142107888749521,0.00266402325882395,0.00150287124550981
"T>G_ATG",0.00749820255440822,0.00335475847879864,0.00282215603443816,0.00517521566577529,0.00176827585375724,0.00354407412299059,0.00477634523709613,1.66422216878509e-05,0.00138418798816147,0.00838027117049885,0.00663549102350581,0.00126198695186632
"T>G_ATT",0.00988030319186214,0.0281992096603715,0.00367821539603726,0.065965848994563,0.0007025838167113,0.00257866487040004,0.00170365682338098,0.00589827909435699,0.00429777420145317,0.00600827481731892,0.00356693062638411,0.00143360929152064
"T>G_CTA",0.0141994381840777,1.40391112608821e-11,0.00154399479201807,0.00775430986158981,0.00121846230832499,0.0133157345564691,0.00216141762038827,9.30111991028721e-05,0.0048688904338854,0.00150281634528146,0.00012425365419935,0.000964688589238654
"T>G_CTC",0.00403288821645761,0.019645950413803,0.00251149653690584,0.0276646799671223,0.00322709223033907,2.18393346181793e-06,0.00338575560481343,0.00242061448574431,8.27464382231388e-08,0.00409449561021034,0.00672735505407268,0.00297019869895658
"T>G_CTG",0.0102055977834295,0.0137481753567047,0.00347676596348733,0.018069261052453,0.00673455839038597,0.00617645762688692,0.00411673077406277,0.000572850484185374,0.00295134563972081,0.00912085408987143,0.00484020908436744,0.00359761208360106
"T>G_CTT",0.0364773602256204,0.273642931319486,0.00346392886036427,0.192322847796128,4.67306095153611e-05,0.0422661721924313,3.12069917402939e-07,0.00141752589882933,0.00870657965888459,2.99410599327127e-09,0.00396267640577691,0.000717927593899331
"T>G_GTA",0.00490863284743798,8.97408811677321e-05,2.76995811398911e-22,0.000505457238528613,9.50467949331027e-05,0.00665254805053641,0.00105220451177113,0.000183095929063917,0.00311826573912303,0.00236149991992474,0.000754283971777523,4.28152948897112e-05
"T>G_GTC",3.2187478072724e-05,0.0100921347959707,4.03981700423802e-17,0.00433092088445432,1.60221466385521e-10,0.000949888558617958,3.86632738083159e-05,0.00108680839521667,0.00201706041849708,0.00336962261122108,0.00111840302846128,0.00222577758296852
"T>G_GTG",0.00399545736145468,0.00557846991299359,0.000760903380694491,0.00561413460931337,0.00286155116322676,0.00487017645649734,0.00706676797483564,4.05427560601687e-22,0.00221331375056401,0.0121505193745023,0.000648205280290014,0.00260388345451033
"T>G_GTT",0.0136782177455314,0.0670048817792143,0.00180581398384115,0.0489880307206184,0.000710666391636907,0.0159173582243764,0.0028607518455787,0.00022936063415822,0.00128248565541396,0.00405289183718873,0.00339371501250767,0.0110901933200348
"T>G_TTA",0.0342535487287007,1.35600630434874e-11,2.21301224848118e-19,0.00730767806804306,0.00236959977534955,0.0369609849865613,0.00216963050907652,3.60650762742095e-13,0.0098431461822343,9.20361811751799e-14,0.00932729867805422,0.00116965015867266
"T>G_TTC",0.00642526519673983,0.00886714620283744,0.00437687630884645,0.021152322502664,0.00299003919361109,0.00220586742068077,0.00153167338574906,0.00113374177249292,0.000195846380447283,0.00474651977424425,0.00652502356462166,0.0013974164374064
"T>G_TTG",0.00757305800897295,0.00428522958505072,0.000460583891211252,0.01006666812265,0.00127403457625307,0.00523334944032009,0.00415978165315776,0.00355014106608711,0.00291080010904502,0.00916931350038689,0.00140698038349688,0.000578074976059661
"T>G_TTT",0.0275358428901829,0.0490232132380636,0.00268802020001621,0.163790701373052,0.00254652239559094,0.0188412683408256,0.00648682696924811,0.0113680240380327,0.00692588329975973,0.0100399312398642,0.0046006126251604,0.00254523762424204
