"","Signature1","Signature2","Signature3","Signature4","Signature5","Signature6"
"C>A_ACA",0.035709452646623,0.0142241640977153,0.0042881382749611,0.000920337346280926,0.0210225769816029,3.39321406436184e-08
"C>A_ACC",0.0199575540856428,0.0099263745521246,0.00501699390371916,0.00033989294025255,0.0184493786761123,0.00245703437556893
"C>A_ACG",0.00193186278243923,0.00133429206947659,0.000534971497359641,1.93845476963671e-22,0.001837735755835,0.000566406488276791
"C>A_ACT",0.0258334449548837,0.00617910764695076,0.000823083644953155,0.00247468510206391,0.0184369766181024,0.00816985171602217
"C>A_CCA",0.0404070837552553,0.0116546874644095,0.0103655617082268,0.000936018945410853,0.0142863505232322,0.00232426638732033
"C>A_CCC",0.0190343132384845,0.0016434930027564,0.0189073431027706,0.000221742621872165,0.0159704214194686,0.00477794638690617
"C>A_CCG",0.00442140099476895,0.000363860776876812,0.00639137345740293,1.93845476963671e-22,0.000513399410257853,0.000901881973000562
"C>A_CCT",0.0247743428897066,4.59517870954774e-12,0.0310399653423649,1.93845476963671e-22,0.0166810487449377,0.045973185577737
"C>A_GCA",0.0474753318268379,0.0206445447751159,0.00227508378189264,0.00409802936307582,0.005754269544191,1.01745132773841e-12
"C>A_GCC",0.0136046856538941,0.00692556358870058,0.00777258685255205,0.00166342465225872,0.0109956383897145,0.00519727848400894
"C>A_GCG",0.0030026799433117,0.00119307738479975,0.00210613495225388,0.000427628413543029,0.000690085837587539,0.000400165948083973
"C>A_GCT",0.0328603732936552,0.00725393976533545,0.0040040545608951,0.00245989119150107,0.0107779723293708,0.0250249975149714
"C>A_TCA",0.0360020990555418,0.0206493229686151,0.00362269837351731,0.00255617142140639,0.0210596438690521,0.00248338044511495
"C>A_TCC",0.0217062141093485,0.0138504114134335,0.0047068679777052,2.77637772557447e-13,0.0145468935276751,0.00631488794195987
"C>A_TCG",0.00494746919439243,0.00480008456824882,0.00121722190271431,0.00115314396303734,0.000536698100336862,4.86465030548176e-14
"C>A_TCT",0.0580599612708103,0.0289469758785716,0.00148495763468091,0.00469787531942392,0.0211776492937395,0.0212400257528564
"C>G_ACA",0.0050816995606309,7.84535066473709e-12,0.00218054154603249,0.00157532458920862,0.0149951662135693,0.00158382454758381
"C>G_ACC",0.00399899712363317,0.000566927043728513,0.00187261223856352,0.000744073012925809,0.00732873128705982,0.000213185644249759
"C>G_ACG",0.000525916736055409,0.000805162536892751,0.000206294945809853,1.93845476963671e-22,0.00179774141250973,2.25626209065496e-22
"C>G_ACT",0.00600045796403809,0.00186637553784292,0.00226903892006491,0.00100209630492689,0.0138100069134146,0.000762848494783854
"C>G_CCA",0.0028533414778076,0.000486251325112502,0.00160358493528709,0.00182029054859131,0.0105173062854385,0.000200768884170723
"C>G_CCC",0.00525620050758874,0.000490251955931558,0.000345997962784318,0.000183861497871644,0.00740728092445315,0.00115799966036595
"C>G_CCG",0.00152616757082939,0.000897216361731709,0.000163800360438869,1.93845476963671e-22,0.00155754170306143,2.03001529093813e-05
"C>G_CCT",0.00634400615394357,8.71207362064971e-09,0.00132845625874242,0.000805029450581815,0.0138423279695182,6.62735839452117e-05
"C>G_GCA",0.00171515288588944,1.81468527258742e-08,0.000850722066646247,0.000844696561912399,0.00706048899644063,0.0010748185737614
"C>G_GCC",0.00266835801582872,0.000260142106342023,0.00317373130190371,0.000175601405138387,0.00624265757562526,0.000984701938537108
"C>G_GCG",0.000112216700230168,0.000221114810539011,4.83985154948791e-05,9.59787240390867e-11,0.000765119409095872,2.68649515462142e-05
"C>G_GCT",0.00258442824300667,1.36741238301327e-12,0.00193407946631403,0.00253309574012967,0.010094797283729,0.00079485386075833
"C>G_TCA",0.000163235221202323,0.00867035265449915,1.31969447128852e-06,0.00336347339091307,0.0434084723511329,2.28398942857702e-14
"C>G_TCC",0.00380043363235501,0.00108339134174931,0.00153709461768071,0.000993475915848328,0.0190894095565465,7.624082467359e-16
"C>G_TCG",8.5701350001431e-20,0.000737226538428507,2.34537306310269e-22,3.48652034673665e-05,0.00231751877140308,4.7743738646413e-05
"C>G_TCT",1.33295371208209e-10,0.0140949161874582,0.000335520413223378,0.00550899161617766,0.0592424559947475,0.000312645054744724
"C>T_ACA",0.014401750362327,0.0243186155696626,0.0247954593573277,0.00651382975634806,0.0157557493475507,0.0144600444519754
"C>T_ACC",0.00589042743682345,0.0164277163089124,0.014905698441101,0.00395339813477536,0.0078684065101518,0.0140931455649392
"C>T_ACG",0.0272395860312426,0.120543819381275,0.0936206843062563,0.00216695994205806,0.00538388876708539,0.0115761637068409
"C>T_ACT",0.0160014568377708,0.011835747252817,0.0116895958376525,0.00524051657871004,0.0152714098060859,0.0094393034587982
"C>T_CCA",0.00924338017540781,0.0250161948838957,0.0101371973320405,0.0181261751371294,0.0101107104964844,0.00862498441634793
"C>T_CCC",0.00961371155126258,0.0235746456396831,0.00973675518299057,0.00149066271253667,0.00856199404558682,0.0114790893860442
"C>T_CCG",0.0186253781734327,0.059875857110907,0.0752097029376434,0.00631307263898677,0.00180296172824215,0.0105124129189835
"C>T_CCT",0.015325828754484,0.0207782538459653,0.0098346033209975,0.00841181102379213,0.0171408324356119,0.0128067083490315
"C>T_GCA",0.00328381402063739,0.0105535481201082,0.0517094054637394,0.00178219559336426,0.0109516855437203,0.0242920089903523
"C>T_GCC",2.43377946967348e-08,0.0167510425471341,0.0734969306990998,0.000207529475827305,0.00722654937804269,0.0394730186202371
"C>T_GCG",0.00961183930505782,0.060335715075571,0.132083170006985,0.00546147876684388,0.00305350289944635,0.0309874156146746
"C>T_GCT",0.0045219748047138,0.0102470004343032,0.0454308363580153,0.00100186739124806,0.00975352143637741,0.0297021299779925
"C>T_TCA",4.17051720769765e-11,0.0656668347226109,0.00304906538077335,0.0129992218378802,0.0443326121507617,0.0107714511408648
"C>T_TCC",0.00512563958933309,0.0389066615994658,0.00537762175381679,0.0127047380900779,0.0158784258405445,0.0184845002785234
"C>T_TCG",0.00743374714835289,0.0661514144383411,0.0411184666927515,0.00978450501326272,0.00362415113562163,0.000268259230457127
"C>T_TCT",0.00416421744478383,0.0494125870605938,0.000169732343961251,0.0154090663587561,0.0254267953039825,0.0167854929404161
"T>A_ATA",0.00966718401656568,0.00550561725779307,0.00154948831151449,0.00157281705336912,0.0110552625480408,0.00656906417593717
"T>A_ATC",0.0048334998497419,0.00288989470163036,0.00300321593784645,0.00247295613662967,0.00839619884629486,0.0152124487198158
"T>A_ATG",0.0101528933371432,0.00501676718763252,0.000435784006998602,0.00141343868404363,0.00846623097009009,0.00275145905774846
"T>A_ATT",0.0178288480616555,0.00870538498499488,0.00775842176390184,0.00483074052644146,0.0125573222573483,0.00456781969523638
"T>A_CTA",0.00630655138430527,0.0033397161935109,0.000699624427510715,0.000926267535702949,0.00756708732973268,0.00270556731798658
"T>A_CTC",0.00748779488089997,0.00345110587930855,0.00195463961372265,0.0123723530735955,0.0118223900564887,0.00708495072681656
"T>A_CTG",0.00897470111568414,0.00297506488484897,0.000516753475916381,0.00568526991207757,0.0115932625169307,0.00687940577531667
"T>A_CTT",0.0160206000809498,0.0061014355728838,0.000966775598701404,0.0265180611530718,0.0134273630300247,0.00328339773856666
"T>A_GTA",0.00554967360550932,0.00100718146884078,2.34537306310269e-22,0.00015992694600219,0.00545310973673591,0.00323278802010086
"T>A_GTC",0.00384893802263214,0.00125351883034682,0.000994146329351037,0.00236535901664044,0.00557952065480791,0.00826106878287816
"T>A_GTG",0.00439204326952984,0.00204777132361246,3.73525742657355e-05,0.00305792406838013,0.00706983803162805,0.00519724570791846
"T>A_GTT",0.0101218456687088,0.00175214601873413,0.00231271570098199,0.00308846158859261,0.0103288895948194,0.00341462541341139
"T>A_TTA",0.0159215936024705,0.00745945247475678,0.0015913310449341,0.00228116554437372,0.0106097239778762,0.00532468605786304
"T>A_TTC",0.00777749939416807,0.000663887323562003,0.00341797255234476,0.0041070196867786,0.00835232878807395,0.00555220186065633
"T>A_TTG",0.00941633307649115,0.00358901227455354,1.98051326548126e-06,0.00169566525239884,0.00721195806152154,0.00340470899383269
"T>A_TTT",0.0164227594585182,0.00484907760070255,0.00190680739965068,0.0076173856094705,0.0172198194865479,0.00367191757353171
"T>C_ATA",0.0218945731326367,0.0127861872851466,0.0147156319633077,0.00399607025250371,0.016083352358257,0.0322983920747145
"T>C_ATC",0.009879308035281,0.00146346867546875,0.0114491074929342,0.00920844301489282,0.00726781920188806,0.0169423658872167
"T>C_ATG",0.0146404331911876,0.00298114220987683,0.0233759961076203,0.00536314421830388,0.0112913961481962,0.0255990625234498
"T>C_ATT",0.0223922615821339,0.0121851708838867,0.00487705255374264,0.00365712363604426,0.0185525246209372,0.0242374739065093
"T>C_CTA",0.00750327914372661,2.70067112641293e-05,0.011458365070205,0.0119966541183908,0.00706689101362536,0.0189038901803042
"T>C_CTC",0.00805392505953622,0.00576216649552272,0.00984244447191596,0.0399230074989693,0.0090630810691608,0.0152179518026661
"T>C_CTG",0.00682290487704214,0.00206704541550915,0.0255217637158932,0.0295103126972632,0.00582367483344897,0.0203582623916968
"T>C_CTT",0.017755310524181,0.013296229688099,0.00703854931355263,0.0814985855262307,0.00776727140156627,0.0165691894361736
"T>C_GTA",0.00197165372311098,0.000417625095730386,0.0223568028999006,0.000983038479125867,0.00706774283685778,0.0696358637927238
"T>C_GTC",0.00155294331283111,0.00442763933733276,0.016579173597551,0.0100256689637889,0.00541123240118667,0.0398698863345155
"T>C_GTG",0.00393632670943921,0.00130828375068179,0.0132485389820668,0.00586749956715916,0.0057539528718417,0.0441492005720854
"T>C_GTT",0.0075189514873085,0.00749826464896235,0.0079379833857893,0.00575544983515843,0.00880665211910984,0.0512453534653613
"T>C_TTA",0.00912928375587674,0.00190602826973775,0.0113969619608919,0.0042809197214509,0.00828016817993074,0.0325544824468371
"T>C_TTC",0.00850383759934119,0.00197620424104764,0.00935325184825293,0.0151384041504649,0.00759136544655045,0.0254862250146366
"T>C_TTG",0.00354618939264849,0.00349155395404551,0.0128924734133872,0.00921352436147072,0.0044897102351253,0.0198692010591298
"T>C_TTT",0.0143594202244685,0.00498863031535052,0.0072249325848459,0.0112220053679852,0.0128083908239853,0.0264576893583546
"T>G_ATA",0.0128155378589427,0.00326305125531635,2.34537306310269e-22,0.00457733665182513,0.00605861486331647,0.00485012828798945
"T>G_ATC",0.00113613956062018,0.00288353422999211,0.00104105277296409,0.00769117020969112,0.00146707990053032,0.00230726858568823
"T>G_ATG",0.00592733953081367,0.00115621246677591,0.00123429087736638,0.00453719556273986,0.00615016676298969,0.00149545753104536
"T>G_ATT",0.00275248504552292,0.00534044363528168,0.00356588392625384,0.0415469548788916,0.00506277797326936,0.00273717623456622
"T>G_CTA",0.00867484640237746,0.00018031940679219,0.00034645214988433,0.00401465648198667,0.00338067410721201,0.00238818263586339
"T>G_CTC",0.00162866723984118,0.00290456025892804,0.00342399081333001,0.0222692339485153,0.00317222509506468,0.00163833885102169
"T>G_CTG",0.00593955518235599,0.00187592240433299,0.00460228640494105,0.0174045559298478,0.00810793685557122,0.00230967474741051
"T>G_CTT",0.0123435590320565,0.0225570599007706,0.00465067956625205,0.229103292574997,1.31689621525861e-08,7.05666873023308e-05
"T>G_GTA",0.00243382420511174,0.0005171145918672,2.34537306310269e-22,0.000744882938096249,0.00354188862312631,0.00099389844339989
"T>G_GTC",5.36362477217091e-05,1.42747550759569e-19,0.00120693920449185,0.00674285422232365,0.00232434067817983,0.00117428542774497
"T>G_GTG",0.00750556812479519,2.80275559205789e-08,0.00210970310310378,0.00414591610925065,0.00973197554530905,0.000825110097564589
"T>G_GTT",0.00459443284437462,0.00539691870669994,0.00737231280377273,0.0588498832205138,0.0050984963257091,0.00171151665308368
"T>G_TTA",0.0158582850687227,0.00432729431578627,0.00105385414996334,0.00695865534890538,0.0084745031384893,0.00592965586409086
"T>G_TTC",0.00299830018714335,0.00137988182670348,0.00156669588736518,0.0146984097409577,0.0046157135573207,0.00241051832442991
"T>G_TTG",0.00425534319599512,0.0019944144935352,0.000891058762783277,0.00657837248867739,0.00847624429092896,0.00224423366646039
"T>G_TTT",0.0140574620608213,0.0088686543069204,0.00574560533818477,0.0892312214303358,0.0101448591711333,0.00357184104080741
