"","Signature1","Signature2","Signature3","Signature4","Signature5","Signature6","Signature7","Signature8","Signature9","Signature10","Signature11","Signature12","Signature13","Signature14"
"C>A_ACA",6.41731509702965e-10,0.0445210810684519,0.024104006316845,0.000182964626850941,0.0297448406817519,0.0137600559299182,0.0161887648835131,0.0109517311543252,0.0110045726319281,0.0275738564227572,0.00719710625411816,0.00183754686499134,2.02856175382542e-05,8.10027226315086e-09
"C>A_ACC",0.00141831229503909,0.0127590789448552,0.0231566156322572,0.000797192231421039,0.0245074920478512,0.0140941296212527,0.0153494376281925,0.00951230083797555,0.00242514218086284,0.0197712681037874,0.00811682433827661,1.83405058550043e-08,0.00100926332657962,0.000210858930556889
"C>A_ACG",2.94297415550705e-08,0.0018885951933537,0.0024158827854796,0.000747131373829513,0.00166003099878332,0.000739256773834253,0.00155165340524973,0.00134519545048315,3.72784207697613e-22,0.00230001881406158,0.0008792860587593,1.44401092280266e-22,2.77379993257665e-22,0.000945148260014405
"C>A_ACT",2.73476711419346e-05,0.0194851136881074,0.0236931945920389,0.00054785564445715,0.0211197850018068,0.00580672310086825,0.0294753743589777,0.00745920353953824,3.0580472281296e-05,0.0148242946810167,0.00592286986659219,0.00339036287921623,0.00180435740387616,0.0142992043356183
"C>A_CCA",0.00869435203119246,0.0729753603584655,0.0243141793408737,0.0146888592222507,0.0191417366523964,0.000968807036069969,0.0208319242497858,0.00589036744742572,0.0074014662324096,0.0138890771950856,0.00893652571096347,0.000969383582862159,0.000846929759766694,0.00584165198957938
"C>A_CCC",0.0127850369900473,0.0153137944937383,0.0187203025244292,0.0253266814881694,0.0167474084772396,0.0048323833364551,0.0211940542638835,0.0121965964366664,0.00504121074061465,0.00705530040759788,1.12994756119473e-07,0.000346277177893337,1.45648183328172e-05,0.00131987381853865
"C>A_CCG",0.00471314504917973,0.0106004446426826,0.00145290446945165,0.0112209401032704,2.40371995625107e-22,3.69532593477419e-22,1.4078192887642e-11,5.05708473588525e-05,4.08554047683713e-17,0.00236950595141951,1.91874358476785e-18,4.54216034687124e-05,0.000704033558653429,2.16813927919885e-22
"C>A_CCT",0.0320750695189583,0.0248547998038251,0.0132446251931269,0.0682559027883983,1.59914697752379e-05,0.0105065959700372,0.079348386227166,0.00374002856699424,6.28749390930047e-06,7.65042399098858e-07,0.0073908705361665,8.64378436616814e-16,2.61602421585825e-07,0.0455224486256822
"C>A_GCA",0.000901445051042932,0.101231082634183,0.0106713346361651,0.00587398794462944,0.0140620035996802,0.000266856182007999,0.0143029626531982,0.00358860736186096,0.0172077193072398,0.0275363380616456,0.000398902051465729,0.00624620878291538,0.00436011622082253,0.00335030945283384
"C>A_GCC",0.0086931275352462,0.0168031110183014,0.0104191911139383,0.00440836423446851,0.0140616905110897,0.015016044099802,0.00893846076104494,0.00463411336343431,0.00753774842063491,0.010589362341929,0.00709651242843392,3.66271822630114e-07,0.00265233051985394,0.0045790266973914
"C>A_GCG",0.00145269103358696,0.00714917509022064,0.00101885978628354,0.00231357503699031,0.000244243730001469,0.000484641524747983,4.62946196843085e-05,0.000553609244843079,8.39758778618058e-05,0.00156391634882586,0.000391722399924163,0.00129122577027062,0.00031908733693633,0.000922043264338503
"C>A_GCT",0.0144781218055623,0.0597833940122519,0.0113491954195754,0.00979444204545916,0.00015406065067098,0.00383574299503281,0.050871865753555,8.40854369868891e-05,0.00891951010849784,0.00980831607182199,1.0993867746977e-05,0.00140964786017577,0.00709470917472586,0.0348494342787002
"C>A_TCA",0.00305814436940086,0.0576454730246596,0.0214782043603448,0.00140542282499207,0.0261804405545138,0.00829238732584128,0.0217867728794295,0.00946441373694423,0.0352172911620795,0.0217723956792813,0.0152990695007553,0.00207117752659657,0.000116757406012234,0.00010610867770072
"C>A_TCC",8.27893499295075e-06,0.0377047345361031,0.0178289904843387,0.00311565194615953,0.00902039967403483,0.00919076925306236,0.0150696998738334,0.0129073633409675,0.00889916461450061,0.012799560970882,0.00745684303200413,0.000491187577741513,0.00197671951157477,0.0115539557925747
"C>A_TCG",0.00151917094921774,0.0140362011637228,0.00179505665453334,0.000971832423462809,0.000774989823202643,0.00147457697404121,6.61763557739278e-06,0.00178693567951767,1.24447578901258e-05,0.00156462888193686,0.00321600894078806,0.00208567682740373,0.000373303645369152,9.4423793482267e-15
"C>A_TCT",0.00618589320413886,0.103870828533585,0.0232390377051317,0.00606443295002913,0.0295112605824244,0.00078893825697206,0.0525675458840748,0.0120218410176018,0.0347475691929289,0.0201768385408787,0.0242289946662526,0.00409403137281409,0.00419027804154132,0.0249736662200905
"C>G_ACA",0.0018835665651363,0.00150382378737745,0.0199122824711311,0.00225795987165002,0.00852166617133116,0.00652158648811402,0.00197762622637903,0.00136800056227019,0.00305474065161863,0.00419483488084446,0.0027720823910488,0.00102151185992272,0.00239540954152164,0.000533092120480358
"C>G_ACC",3.02325441452648e-05,0.00227735585511406,0.0111200119107711,0.00185321362194623,0.00455783025852424,0.00204781480142328,0.00180450036446122,0.00240797562973795,0.00209453302934329,0.00342353172398548,0.00071835595237601,0.00158879584579121,0.000599122401793274,0.000492900957013627
"C>G_ACG",0.000210202508521379,0.000608679410419057,0.00346044212143251,8.00619588832799e-06,7.35433195925324e-05,7.51581849165103e-05,0.000531428753904809,0.00011217993571017,3.72784207697613e-22,0.00201405695402779,3.4829205818237e-22,1.44401092280266e-22,1.40117919831658e-05,2.16813927919885e-22
"C>G_ACT",0.00118045456556855,0.004860326577673,0.0218960440205182,0.00207239074768225,0.00749834144592567,0.00318018021579673,0.00254957669584884,0.00279532694361078,0.00204987773504297,0.00470912399181228,0.00439642739517167,0.00129641992405124,0.000684641923832001,0.0012955715288304
"C>G_CCA",0.000619954907489482,0.000989683041540775,0.0140900742588594,3.41072518658469e-12,0.00497894165374434,0.0069754633456557,0.00081064066968593,0.00119662081321914,0.00235293695907146,0.00464936256262876,0.00107255589014585,0.0015237432101022,0.0010283923552407,0.000756152735365294
"C>G_CCC",6.61125031045137e-06,0.00188842162567807,0.0112578368862911,0.000717778223005629,0.00560880459945584,0.00554043386956705,0.00309983336336643,0.000907549060804735,0.000963041017008409,0.00416161237288811,0.000405543965165086,0.000580766552960585,0.000129349910628522,0.000257080264743265
"C>G_CCG",0.000194689898328272,0.00434900232775003,0.00337697778300161,2.43522360323178e-22,2.40371995625107e-22,0.000224709357165648,3.19416579506275e-22,2.17972207902357e-22,3.72784207697613e-22,0.00203092153978794,3.4829205818237e-22,1.44401092280266e-22,2.77379993257665e-22,0.000245883461735346
"C>G_CCT",0.00133938096228233,0.00573358318931085,0.0211559498505826,0.000895661685607991,0.00511118054790969,0.00563080973567155,0.00380458708635254,0.00112787372367196,0.00348410858583615,0.00327616100771601,0.00190538416866151,0.000698495409158619,0.00160952445926093,6.26391743006808e-06
"C>G_GCA",0.00145731034278231,0.00180915456023603,0.010832721677725,0.000469855574664421,0.00227354615212653,0.00271253087354635,0.000494889029149867,2.17972207902357e-22,4.48164541857037e-08,0.00202745127175461,0.00144529066409089,0.00122874180159256,0.000464772363588576,0.000811637868688412
"C>G_GCC",0.00191624895502783,0.000566064073389524,0.00849883959843354,0.00350464478196044,0.00344551708246714,0.00434366579850121,0.00107699015840816,0.00144687437493165,0.00265601242343868,0.00309396028561589,0.000955160489452431,4.81798900997685e-07,0.00030006713373841,0.00122120782510839
"C>G_GCG",0.000360576993126473,0.000166343706956641,0.0011023876018807,2.43522360323178e-22,2.40371995625107e-22,0.000253097324672529,0.000267858730187821,2.17972207902357e-22,3.72784207697613e-22,0.000528374368180038,3.4829205818237e-22,1.44401092280266e-22,1.00240713391658e-19,2.16813927919885e-22
"C>G_GCT",0.00198801223702039,1.20740935168032e-11,0.0139908163628718,0.00148310942996679,0.00597363668962528,0.00147552252068571,0.00472978418426656,0.00099504261490147,0.00339571110395084,0.00292720945712512,3.44069487111259e-10,0.00191650468652272,2.07795937640332e-09,2.71458000066671e-06
"C>G_TCA",0.0011732705463283,0.000630538186922204,0.0519919400497391,0.000395683105529552,1.19089518283215e-05,1.92123608470546e-13,0.00118401107955012,0.00171927305540308,0.0778146805584894,0.000196649812637017,0.0209190332441612,0.0010763735643725,2.06128053664639e-05,2.78850287935734e-14
"C>G_TCC",0.00209688505592737,0.00573940891604225,0.0233460092789619,0.000624578523835684,0.00206121678319991,0.00635629063831537,0.000990804904502343,0.00143460872467616,0.0195149500757517,0.00286543055958389,8.89804668660514e-05,0.000408725817604537,0.00134282025671766,0.000439727151170187
"C>G_TCG",2.02974608857042e-22,0.000918761108309592,0.00311185050310214,0.000181102566250097,2.40371995625107e-22,3.69532593477419e-22,3.19416579506275e-22,2.17972207902357e-22,0.00342531374301183,0.000386894382710582,3.4829205818237e-22,1.04945525357864e-20,2.77379993257665e-22,0.000120353408903008
"C>G_TCT",0.000848923794815309,5.12128471466395e-06,0.0721116919178371,2.85001078136882e-14,1.3583011019039e-13,0.0114522715069566,0.00114720708394706,0.00348168138997878,0.0842502145116271,0.00178771996533599,0.0327740776234275,0.00398507363862694,0.00114859622787011,5.95654512462492e-08
"C>T_ACA",0.0137797901564402,0.00776105087352454,0.0148314374412432,0.0285195817949326,0.0138891053045385,0.0230527264050032,0.0143623953491873,0.0314046492475998,0.00520950319817335,0.0259832801607411,0.0159161358963035,0.00810441325734968,0.00778377615370066,0.0101544533726643
"C>T_ACC",0.0165057780772436,0.00114967924279061,0.00195722584379532,0.0157726808296014,0.00172327556019864,0.0338956363765832,0.00587996394119603,0.00872519813889329,0.0064729661677673,0.0300671242091073,0.00975285741042291,0.00190386660518011,0.0042459493872817,0.012100973030825
"C>T_ACG",0.00691684157901321,0.0424151177349003,3.56273444580251e-05,0.0109630971886881,0.0241096139044781,0.0301933603670826,0.0211873387703167,0.222122534618252,0.0397126908901299,0.057940937334695,0.0132577679654377,0.00331408819426468,0.00275092363874951,0.0190283211286857
"C>T_ACT",0.0102376582022286,0.00661260693450954,0.0159135100930798,0.017685213215957,0.0132515685456015,0.0205539959097095,0.0194889195535872,0.00834500358857639,0.00183798741477269,0.0238733487100709,0.0149669702939655,0.00537481973024745,0.000558347063680761,0.00768891664214297
"C>T_CCA",0.00614636852870543,0.0134202684804188,0.00758377454084544,0.0156935992681375,0.0116378602097643,0.0270989297965469,4.09098648271448e-11,0.0140937624532878,0.0141913188677518,0.0250657347797289,0.0218888808931402,0.0193557605531339,0.00648236581128963,0.00655291546392273
"C>T_CCC",0.00915164682748571,0.00382203557171359,0.000920238321074531,0.0150132514549877,0.00517845460463066,0.0391125534373702,8.17505356659053e-19,0.00815950880583174,0.00515754584195517,0.0441859493035105,0.0167132519081569,0.000893953199534044,0.00503622593465795,0.00718800131175796
"C>T_CCG",0.0192578980117654,0.0225610397511912,0.0012624334961139,0.0464931504593695,0.0069906102715952,1.36357418239795e-06,0.00794135364959353,0.1296263880442,0.0247789206615132,0.0327129779064033,0.00317565045526824,0.0114484395286245,0.00121140577927364,0.0151624288842424
"C>T_CCT",0.0071834988646493,0.0082467417421991,0.0138039362605975,0.0144453109744959,0.0205408134054919,0.0307397418142046,0.0097086599178785,0.0146321328259371,0.0076666641262815,0.0270977087062123,0.0202199482863035,0.007310979973753,0.00639325745548509,0.0123952328721594
"C>T_GCA",0.0482371293221368,5.61161070485007e-05,0.00657891100219082,0.0602677899717268,4.62575787778709e-06,0.0201313922116691,0.0164073310801033,0.0267367611316746,2.20322023134504e-05,0.0110514827980216,0.0106240055244654,0.00131654211776976,0.00239293256506065,0.018140916810962
"C>T_GCC",0.102785578500716,0.00688546376156163,0.0034632921534773,0.0448998944061954,1.65369059277749e-08,0.0124283674984382,0.00384695423291063,0.0313080125459607,2.47988397771603e-05,0.0187287602063259,0.0120069141185311,0.000153266711612446,0.00182006471391309,0.0279384925002054
"C>T_GCG",0.122071772178967,0.0308818815841329,1.69873157682188e-06,0.0460326674971582,0.00587034108093232,0.000137991400112741,0.0377483798797008,0.141942769008399,0.00219293842187589,0.0221582000151393,0.0169901642549066,0.00780232857580213,0.000320759730495972,0.0160650375592321
"C>T_GCT",0.0646307161250558,0.00478734964021958,0.00706500011161117,0.0381285068360044,0.00623413659571437,0.00544176823463836,0.0169598601568312,0.0166494269345535,0.00501412619294844,0.0121524522811462,0.0132923975653631,0.000474377061477836,0.00181636974820634,0.0222192672810596
"C>T_TCA",0.0104858006008475,5.77237863179545e-06,0.0433392527512714,0.00550006903822128,7.25023164636606e-08,3.03600095291535e-08,0.00406851258325885,0.00789188907773995,0.0153880999102282,0.0585201887307914,0.164606590919363,0.0159356258027134,0.00503316626876276,0.00101028929548121
"C>T_TCC",0.0144868784547537,0.00603420966480466,0.0102946364569813,0.008135391950354,0.00227379292732798,0.0352903240131792,0.00167856771591355,0.00425581412603771,0.0147086994283431,0.0546116749055838,0.0413006276281184,0.0141384480615406,0.00714234189684209,0.0129615768505402
"C>T_TCG",0.00104435743417785,0.0186345780805313,0.00405606341173138,3.49361396055962e-05,0.00769835117802391,4.92771112526673e-05,0.00415632812736439,0.100932542412624,0.0158751315796784,0.0336550041525237,0.0246987105947179,0.0149854157144548,0.00207180645126779,0.00670578836512923
"C>T_TCT",0.00844824117355921,0.0024235886744543,0.0228591707019739,0.0036736482649558,0.00717792727291451,0.0306009175380721,0.00270264565370989,0.0038163874711659,0.0036907895024434,0.054042701245801,0.0927111248259735,0.0193782873227177,0.00752849569220833,0.00835293341042904
"T>A_ATA",0.00308274674807844,0.00801287263055853,0.00825616821046945,0.00423374133593294,0.0176392441622432,0.00718393958873305,0.00701400898743449,0.000981237054731336,0.01133097315074,0.00976339098894871,0.00328327458849127,0.000784295290975419,0.000223769827162898,0.00704547285323898
"T>A_ATC",0.00962048156898068,0.00298891215262166,0.0106566616116832,0.00188065704974163,0.00992876270358662,0.00304819550062663,0.00208701755592064,0.00206657922615032,0.00129419905194065,0.00715225090655869,0.00262841491816761,0.00200257344092882,0.00350005846021174,0.0175516645096674
"T>A_ATG",0.00120792207799843,0.00585598942342691,0.00912083677158095,0.00164979951314545,0.0144775369389735,0.00909743093869518,0.00418264160693521,0.00116953410443942,0.00481400237073426,0.0114322034344943,0.00549512681386645,0.000920479227139033,0.00147424185216986,0.00181038213620637
"T>A_ATT",0.00753273063463063,0.00674128673324588,0.0131993316419873,0.00332451357128625,0.0278559112074544,0.00623679508938134,0.0105722300055906,0.00845334615660122,0.0189983029729647,0.01419692301152,0.00955737700282871,0.00299311072236782,0.00249300725234165,0.00252515767082631
"T>A_CTA",0.00113473122665117,0.00114737810804136,0.00925050158012812,0.000333732376558504,0.0113860653243714,0.00717543248332956,0.00602710271549316,0.000814851390381262,0.0019122006852965,0.0055490162801043,0.00375151493696478,0.000231365866423149,0.00142491056942232,0.00241635790028831
"T>A_CTC",0.00353314961149681,0.00462981225799802,0.0132469919467017,0.00550954330240947,0.0115640454932394,0.0169697490716019,0.0109968513575923,0.00146445734732709,3.34522300313684e-05,0.00768838290075282,0.00274727054443845,0.0106445834350749,0.0170890285786868,0.00496036697250633
"T>A_CTG",0.00158034626913373,0.010439143538122,0.0135225846620424,0.00271604507278862,0.0122376232133618,0.0105582879312792,0.00325746402497674,2.35110694097592e-06,1.072695788826e-07,0.00919493768288576,0.00569773123205658,0.00410138195679365,0.00986532357707359,0.008511383119362
"T>A_CTT",1.57372230592555e-15,0.00495327595125037,0.0191924819295794,0.00268914643424338,0.0184754614557774,0.0113533186136858,0.0149967084055519,0.000853987169635635,0.000629452901823954,0.0114624923529232,0.0121434924739137,0.0334942840163016,0.00980242092448737,0.00475930215831691
"T>A_GTA",2.02974608857042e-22,0.00328936635312037,0.00597998051751781,0.000701988452005084,0.00810981421719439,0.000924261919353614,0.00278388513680051,2.17972207902357e-22,0.00144508223661997,0.00664614082417121,0.00221325063867896,7.59253012465024e-13,0.00041796141703919,0.00490180666642849
"T>A_GTC",0.00449821799229548,0.000541286738407752,0.00638259731587009,0.00356943338779662,0.00470243321766072,0.000173652350432668,0.00505990579361921,0.000748341407655226,0.00191720748555019,0.00429623980354221,0.00153536203052452,0.00239244406442164,0.00339963700728186,0.0096438947650438
"T>A_GTG",0.00106884206061417,0.00209381433248874,0.00802744324264229,0.00114200955418565,0.00889978488941263,0.00366656839355046,0.000853908900943876,0.000845914400214682,0.00380552145154888,0.00724532332059128,0.000636550275366381,0.00289865962110418,0.00411740567403288,0.00659566950240146
"T>A_GTT",0.00328870648874001,0.00363719925222832,0.0111808576672091,0.00183818950362306,0.0135751532806596,0.00558187869149869,0.0043597698368997,0.00167418750023047,0.00326924244135055,0.0117380380184736,6.79473452104022e-13,0.00411570601857401,0.00230493488805499,0.00404161655805578
"T>A_TTA",6.04732551906133e-13,0.005438320817735,0.00652811625342693,0.00251544338157917,0.0229578508747063,0.00811360799803985,0.0164265824542517,0.00467950375046225,0.0264442335865443,0.0100661003841916,0.00666273724895187,1.29303513065201e-14,5.10511543121565e-12,0.00521180995377355
"T>A_TTC",0.00407445534059691,0.00555290002869556,0.00971451321517506,0.00580761307016129,0.0104398333123533,0.0068111807253087,0.00220953838289371,0.000675152415291363,1.16129687182996e-08,0.00473712588457861,0.0051468247669171,0.00257449833574202,0.00837980887863922,0.00525093736554733
"T>A_TTG",0.00101810599671658,0.00126957268953098,0.00582079116177495,0.00203069942280475,0.0150414189370243,0.00592150449341461,0.00752046506781394,1.32614415780267e-05,0.0141320067209541,0.00643785772206257,0.00484478676943918,2.54936609756883e-06,0.00156907321570386,0.00198146152936325
"T>A_TTT",0.00102008418675371,0.00443639219310219,0.0192784849183967,0.00601072505748072,0.0249347007429619,0.00705763520406758,0.0155964394446567,0.00199583644709981,0.00852114241471003,0.0138374273862532,0.0107204140989732,0.00483423558507237,0.0136455494944743,0.0025086578695953
"T>C_ATA",0.0277942057978818,0.0156429248248644,0.00523633559310287,0.0303724340853566,0.027602299337576,0.0823225888409953,0.00876517962003505,0.00256290741996739,0.00381340636467009,5.32882424908158e-05,0.0466395822046376,2.61661367398728e-10,0.00381043028008142,0.0180221875230094
"T>C_ATC",0.0139186283475082,0.00313201982653801,0.00558300848972088,0.0212117599772642,0.00960361907506993,0.0215917281925785,0.00779737153633981,0.0032294757256511,0.00701483139612844,0.00262917033801483,0.0108558266861929,0.00740260533300576,0.00758182486634413,0.0156684957506095
"T>C_ATG",0.0286855623242837,0.00142948864398781,0.00388212253316915,0.0464195549626935,0.0153667762457771,0.0453859035879408,0.0138531451393397,0.00505152305942113,0.00586474603704708,0.00431365944636259,0.0201282214019097,0.0023032890904867,0.00812345923773123,0.0160147894521995
"T>C_ATT",0.0165444256340011,0.0117345823768272,0.0143905289027477,0.0113587652717419,0.030105935869784,0.0585056375860073,0.0170778096479694,0.00291782749006535,0.00689142302398606,0.00746349040854229,0.0267938980925142,0.00205037085604751,0.00237342270354782,0.0122348398472288
"T>C_CTA",0.015531032258062,0.00147463066100624,0.00177246135137825,0.0207582202182415,0.00864218467841501,0.0236428582465583,0.0146647308496901,0.00112998523377227,0.00640682048689542,1.5872439277728e-10,0.0112711153073525,0.0067740231187136,0.0206884479898212,0.0162952450685857
"T>C_CTC",0.00936954690278671,0.00431267558226362,0.0114854187596112,0.0220793757108106,0.0128348078526613,0.0162441725232656,0.0098177841044856,0.00361847455149639,3.09827646533868e-05,0.00191170986343914,0.00963159498229796,0.0433579464536962,0.0389097016186689,0.0178765413538117
"T>C_CTG",0.029382015993131,5.67985619074921e-08,0.00299101475582264,0.0452294775268076,0.0127863666141981,0.0165317460094398,0.0111936334664412,0.00530983778442691,0.00245057022517778,6.38625511155481e-13,0.0110185595657539,0.0304092291981927,0.0350303960738699,0.013787675045951
"T>C_CTT",0.00807336419443842,0.00554560906215289,0.00760227058781057,0.0139731349012609,0.0305437168941005,0.0175144148268418,0.02020716451254,0.00430738273697379,0.0261250574759618,0.00135248416559404,0.0238222529675989,0.108097850201623,0.00696570034237459,0.0230995804133339
"T>C_GTA",0.0421110990236342,5.05453153518868e-07,0.00317135059105284,0.0306766918376025,0.00928932952488234,0.0111461547312465,0.000748840388948236,0.00808770233202872,0.00332153880311718,0.00345925564639755,0.00219602901561952,9.51170422624513e-08,0.00181283746946492,0.0922619049015459
"T>C_GTC",0.0409893082356411,0.0103586694532214,0.00517790941277841,4.09155826912341e-07,0.00882316129706079,0.0015726066049047,0.00731777617539153,0.0067412718707183,0.00162563771124776,3.02802234097653e-10,0.00628633839704723,0.0103405102415068,0.00714918066754876,0.0479195261524011
"T>C_GTG",0.0295765353832474,0.00434047757582837,0.00404504468731779,0.024816819728272,0.0104171944798008,2.52057147121915e-05,0.000842999834654208,0.00107137364911541,0.00525694808534426,0.00448053935384123,0.0047781002276788,0.00453100196429545,0.00678708636938349,0.0606697795145068
"T>C_GTT",0.0241043250141881,0.00688362199387699,0.00454252333186554,0.0156971656046225,0.0111337233980827,0.0114580235674255,0.00670370600063365,0.00672438470390678,0.0130222686309053,0.00877215658139394,0.00192326647349923,0.00806704143017712,0.000773180584504901,0.0699904328154151
"T>C_TTA",0.0185161545551499,0.0017741976658048,0.00467917184484057,0.029132959480107,0.0184709608716464,0.0214352554505553,3.41660984557058e-08,0.00249138485947645,0.00941819290198627,2.08525657174994e-12,0.0136593811728661,0.000195810949552126,0.0106304820730233,0.033643639642405
"T>C_TTC",0.0186101761169787,0.0046292140800149,0.00523280025135781,0.0172739332365894,0.00848773014256857,0.0190905758070983,0.0132392626132476,2.70176238709272e-05,0.00759635535576799,0.00539762390174207,0.0043444542031322,0.0103030900636297,0.02841379866518,0.0265632584820985
"T>C_TTG",0.0122519149984438,0.00274211762303983,0.00100110754794963,0.0242958582982726,0.0100585172094292,0.0180736781440448,1.24540033030986e-18,0.00685309510680649,0.00351395568506627,0.00199858852029674,0.00790089050443415,0.0043605581264543,0.0182811365233548,0.0212125779988071
"T>C_TTT",0.0126395698469517,0.00427067243837041,0.00749561954376182,0.0214999734096609,0.0247221218846486,0.00896981536043573,0.0193124749858632,0.00249246297619038,0.0265144020829675,0.0027701653612232,0.0143568475277414,0.00684898411789649,0.0168236665115112,0.0269863688280017
"T>G_ATA",0.000644057981015682,0.00176259112536628,2.72903500391821e-06,0.00358776991978727,0.0174884158472396,0.00153771121693016,0.0220163765746782,0.000389767214605559,0.0394204693819675,0.00160765664882991,0.00470617973572418,0.000175254089626923,0.00615435206802826,0.0030794233129387
"T>G_ATC",0.00109529972642504,0.00227089064616839,2.83342102559981e-22,0.00115835882143161,0.001077062807854,0.00481405194816087,4.39248493261578e-05,0.00140479370485138,0.00521509894073941,0.00355006345682544,0.00101322382175283,0.0057740111859558,0.0167330730338991,0.00230286169308302
"T>G_ATG",0.00105222013648098,0.00366594151961162,0.00814496419438815,0.00111628876675833,0.00602017787245626,0.00255339162597698,0.00455527723155878,0.000469370731386329,0.00534363320782244,0.00457539552612837,0.00257737043851122,0.00324814260445603,0.00759143467717959,0.00201816375738587
"T>G_ATT",0.00100375105645459,0.00109115976053829,0.00238888865590691,0.00215427353245433,0.000798772767477475,0.00705673225992002,0.0130178111222856,0.00480312693337072,0.009543159622978,0.00475559306166917,0.00483042203127093,0.0299740593879567,0.0883445355717399,0.0025760100428118
"T>G_CTA",0.0010947578648682,0.000435597559474007,0.000396410522385429,0.00229726454555558,0.0110241478518112,4.36107331423577e-13,0.0160228785653847,2.71546705291108e-09,0.020459605350984,3.12986518703326e-08,0.00391479121897711,4.88068829764589e-05,0.00917165788133194,0.000984243539860444
"T>G_CTC",0.00172976774957547,0.00362692937459776,0.00417602303258036,0.00453896107380698,0.000911702497848943,0.00785204859636174,0.00182053607301903,0.00340795147415242,0.00311822865692902,3.05165973940998e-08,0.00223533104830058,0.0214268529176153,0.0317190307523207,0.00209514043400479
"T>G_CTG",0.0031661320352438,0.00382701321128669,0.00841848068764306,0.00803126995770057,0.00904054409580751,0.00486870124651131,0.00726391585360121,0.00041425245218376,0.00825510541883002,0.00600214220346002,0.00227211974383148,0.0133712656678446,0.0202836616279797,0.00177005348074232
"T>G_CTT",0.00350559556945968,3.4574330671966e-05,1.01198874103562e-11,0.00160868311643141,0.0221877287298485,0.00295141841230708,0.0399703224274621,0.00219075322017905,0.0606994558652588,0.00321413067732067,0.0141376307075551,0.281473112178271,0.111500496957837,0.0127088914969538
"T>G_GTA",2.02974608857042e-22,1.93765442294752e-09,0.00261685251063729,0.000819911799646142,0.0038155391677461,1.1754984886938e-05,0.0062294588730288,2.17972207902357e-22,0.00768288455322101,0.000349000271217662,0.000421103275258261,1.42000769287579e-12,1.03255204092892e-11,0.00107198920174893
"T>G_GTC",0.00226567068820772,3.55541140257626e-22,0.00281859950242224,0.0015077496782392,9.04985693245611e-15,0.00323862066428576,0.000762465333211097,1.41353550644679e-08,0.00104051692622853,3.0613169212486e-22,3.4829205818237e-22,0.0098920402094272,2.61833192130631e-14,0.000832976688549913
"T>G_GTG",0.00159996641172397,0.00813184554790079,0.0143474672670748,0.000827308910216776,0.00436615383011731,1.77069606508964e-05,0.00712366899803523,0.000698898751502202,0.00372807671011934,0.00320323049841875,3.23226018351351e-07,0.00508736100277991,0.00447052129186888,0.0025021887153524
"T>G_GTT",0.012847417632071,0.00300499032431991,0.00401882498776447,1.07047245509088e-10,0.00852454913050067,0.00427330774819752,0.0167509643312605,7.18175726145486e-11,0.0215480261306032,2.47348984079156e-09,9.47557677928985e-06,0.069459747077056,0.0315587598928814,0.00271104706851652
"T>G_TTA",0.0016736235748722,1.95975459311138e-07,0.0016515006570484,0.00611051817089581,0.0273041428862029,0.000744049938129601,0.0293222687288971,3.71434787175627e-07,0.052882155820667,8.745471444999e-10,0.00559360690669518,0.000377095557038208,0.00925332181109937,0.00363417925401958
"T>G_TTC",0.00161217837437697,0.0032213840924311,0.00398900178742741,0.00222568376949103,0.00363128844248303,0.0111225035318724,0.00234626710678807,0.000893063478476294,0.00118122784793088,0.002145406934755,0.0011578007532309,0.00999278111088925,0.0294091137730638,0.000663727273992637
"T>G_TTG",0.00147693105693542,3.33094828605174e-05,0.00815884154974801,0.00148604564132654,0.00864788741542138,0.00605029947444791,0.00497859516038743,0.000199431005341176,0.00839826733040276,0.00743753671593805,0.0015351522535978,0.00430135047529887,0.0110596873522087,0.000633770139052352
"T>G_TTT",0.00178780363789308,0.0112285517589248,0.0071007187994028,0.000342087791681696,0.0104047275410929,0.00394807811469715,0.024152071978307,0.0102508039113238,0.0185347509708013,0.0093975315487473,0.00680744840988488,0.0568707672211563,0.23107996021553,0.000130620972165529
